sample_id,engine_name,model_name,source_group,source_name,image_path,predicted_text,latency_ms,error
circl_abashed-careless-ordinary-crew,NVIDIAVision,microsoft/phi-4-multimodal-instruct,stress,circl,data/raw/stress/circl_phishing_dataset_01/Clean_phishing/abashed-careless-ordinary-crew.png,"N26
La Banque Mobile
E-mail
Mot de passe
Où puis? 
Se connecter
Créer un compte
Actualiser les paramètres des cookies
Politique de Confidentialité
Mentions légales",4312.02,
circl_ablaze-jazzy-tangy-file,NVIDIAVision,microsoft/phi-4-multimodal-instruct,stress,circl,data/raw/stress/circl_phishing_dataset_01/Clean_phishing/ablaze-jazzy-tangy-file.png,"Confirm your account circcl.lu
info@circcl.lu
password
confirm
Verify
Account verification, 2019. | All rights reserved.
Powered by 000webhost",2042.99,
circl_ablaze-lean-grubby-particular,NVIDIAVision,microsoft/phi-4-multimodal-instruct,stress,circl,data/raw/stress/circl_phishing_dataset_01/Clean_phishing/ablaze-lean-grubby-particular.png,"heise online
heise online
heise online
heise online
heise online
heise online
heise online
heise online
heise online
heise online
heise online
heise online
heise online
heise online
heise online
heise online
heise online
heise online
heise online
heise online
heise online
heise online
heise online
heise online
heise online
heise online
heise online
heise online
heise online
heise online
heise online
heise online
heise online
heise online
heise online
heise online
heise online
heise online
heise online
heise online
heise online
heise online
heise online
heise online
heise online
heise online
heise online
heise online
heise online
heise online
heise online
heise online
heise online
heise online
heise online
heise online
heise online
heise online
heise online
heise online
heise online
heise online
heise online
heise online
heise online
heise online
heise online
heise online
heise online
heise online
heise online
heise online
heise online
heise online
heise online
heise online
heise online
heise online
heise online
heise online
heise online
heise online
heise online
heise online
heise online
heise online
heise online
heise online
heise online
heise online
heise online
heise online
heise online
heise online
heise online
heise online
heise online
heise online
heise online
heise online
heise online
heise online
heise online
heise online
heise online
heise online
heise online
heise online
heise online
heise online
heise online
heise online
heise online
heise online
heise online
heise online
heise online
heise online
heise online
heise online
heise online
heise online
heise online
heise online
heise online
heise online
heise online
heise online
heise online
heise online
heise online
heise online
heise online
heise online
heise online
heise online
heise online
heise online
heise online
heise online
heise online
heise online
heise online
heise online
heise online
heise online
heise online
heise online
heise online
heise online
heise online
heise online
heise online
heise online
heise online
heise online
heise online
heise online
heise online
heise online
heise online
heise online
heise online
heise online
heise online
heise online
heise online
heise online
heise online
heise online
heise online
heise online
heise online
heise online
heise online
heise online
heise online
heise online
heise online
heise online
heise online
heise online
heise online
heise online
heise online
heise online
heise online
heise online
heise online
heise online
heise online
heise online
heise online
heise online
heise online
heise online
heise online
heise online
heise online
heise online
heise online
heise online
heise online
heise online
heise online
heise online
heise online
heise online
heise online
heise online
heise online
heise online
heise online
heise online
heise online
heise online
heise online
heise online
heise online
heise online
heise online
heise online
heise online
heise online
heise online
heise online
heise online
heise online
heise online
heise online
heise online
heise online
heise online
heise online
heise online
heise online
heise online
heise online
heise online
heise online
heise online
heise online
heise online
heise online
heise online
heise online
heise online
heise online
heise online
heise online
heise online
heise online
heise online
heise online
heise online
heise online
heise online
heise online
heise online
heise online
heise online
heise online
heise online
heise online
heise online
heise online
heise online
heise online
heise online
heise online
heise online
heise online
heise online
heise online
heise online
heise online
heise online
heise online
heise online
heise online
heise online
heise online
heise online
heise online
heise online
heise online
heise online
heise online
heise online
heise online
heise online
heise online
heise online
heise online
heise online
heise online
heise online
heise online
heise online
heise online",43593.83,
circl_able-yellow-defective-variety,NVIDIAVision,microsoft/phi-4-multimodal-instruct,stress,circl,data/raw/stress/circl_phishing_dataset_01/Clean_phishing/able-yellow-defective-variety.png,"Pick an account
undefined
Use another account",7134.02,
circl_abstracted-colossal-rich-race,NVIDIAVision,microsoft/phi-4-multimodal-instruct,stress,circl,data/raw/stress/circl_phishing_dataset_01/Clean_phishing/abstracted-colossal-rich-race.png,"Bitte gib den Token deiner Karte ein
Du findest diese 10-stellige Nummer unter deinem Namen oder auf der Rückseite deiner Karte.
Bitte geben Sie Ihren Geburtsort an
Sie Ihren Ausweisnummer
Weiter",2210.92,
circl_abstracted-excellent-plastic-insect,NVIDIAVision,microsoft/phi-4-multimodal-instruct,stress,circl,data/raw/stress/circl_phishing_dataset_01/Clean_phishing/abstracted-excellent-plastic-insect.png,"I trade my Tiger tooth M9 for CSGO graffiti
My trade link - https://steamcommunity.com/tradeoffer/new/?partner=209023215&token=leKK8QW6
View more info
Welcome to my profile
Collecting csgo graffiti.
Now for trade: M9 bayonet Tiger Tooth for 6-8 graffiti.
Almost any sealed graffiti are accepted so feel free to send me trade offer - https://steamcommunity.com/tradeoffer/new/?partner=209023215&token=leKK8QW6
Please DON'T ADD me to friends!! I only check offers
Items Up For Trade
864
5,244
13,244
Items Owned
Trades Made
Market Transactions
How for trade - M9 bayonet Tiger Tooth for 5-6 graffiti
another offers are not accepted
Recent Activity
14.3 hours past 2 weeks
Rocket League
Rookie
100 XP
Achievement Progress
450 hrs on record
last played on 3 Feb
Screenshots 2
2
Screenshots 2
Screenshots 2
DX-Ball 2
20th Anniversary Edition
20th Anniversary Edition
Achievement Progress
2.0 hrs on record
last played on 3 Feb
DX-Ball 2
20th Anniversary Edition
20th Anniversary Edition
Achievement Progress
2.0 hrs on record
last played on 3 Feb
The Talos Principle
Connector
100 XP
Achievement Progress
22 hrs on record
last played on 3 Feb
View All Recently Played | Wishlist | Reviews
Comments
View all 80 comments
View all 80 comments
View all 80 comments
View all 80 comments
View all 80 comments
View all 80 comments
View all 80 comments
View all 80 comments
View all 80 comments
View all 80 comments
View all 80 comments
View all 80 comments
View all 80 comments
View all 80 comments
View all 80 comments
View all 80 comments
View all 80 comments
View all 80 comments
View all 80 comments
View all 80 comments
View all 80 comments
View all 80 comments
View all 80 comments
View all 80 comments
View all 80 comments
View all 80 comments
View all 80 comments
View all 80 comments
View all 80 comments
View all 80 comments
View all 80 comments
View all 80 comments
View all 80 comments
View all 80 comments
View all 80 comments
View all 80 comments
View all 80 comments
View all 80 comments
View all 80 comments
View all 80 comments
View all 80 comments
View all 80 comments
View all 80 comments
View all 80 comments
View all 80 comments
View all 80 comments
View all 80 comments
View all 80 comments
View all 80 comments
View all 80 comments
View all 80 comments
View all 80 comments
View all 80 comments
View all 80 comments
View all 80 comments
View all 80 comments
View all 80 comments
View all 80 comments
View all 80 comments
View all 80 comments
View all 80 comments
View all 80 comments
View all 80 comments
View all 80 comments
View all 80 comments
View all 80 comments
View all 80 comments
View all 80 comments
View all 80 comments
View all 80 comments
View all 80 comments
View all 80 comments
View all 80 comments
View all 80 comments
View all 80 comments
View all 80 comments
View all 80 comments
View all 80 comments
View all 80 comments
View all 80 comments
View all 80 comments
View all 80 comments
View all 80 comments
View all 80 comments
View all 80 comments
View all 80 comments
View all 80 comments
View all 80 comments
View all 80 comments
View all 80 comments
View all 80 comments
View all 80 comments
View all 80 comments
View all 80 comments
View all 80 comments
View all 80 comments
View all 80 comments
View all 80 comments
View all 80 comments
View all 80 comments
View all 80 comments
View all 80 comments
View all 80 comments
View all 80 comments
View all 80 comments
View all 80 comments
View all 80 comments
View all 80 comments
View all 80 comments
View all 80 comments
View all 80 comments
View all 80 comments
View all 80 comments
View all 80 comments
View all 80 comments
View all 80 comments
View all 80 comments
View all 80 comments
View all 80 comments
View all 80 comments
View all 80 comments
View all 80 comments
View all 80 comments
View all 80 comments
View all 80 comments
View all 80 comments
View all 80 comments
View all 80 comments
View all 80 comments
View all 80 comments
View all 80 comments
View all 80 comments
View all 80 comments
View all 80 comments
View all 80 comments
View all 80 comments
View all 80 comments
View all 80 comments
View all 80 comments
View all 80 comments
View all 80 comments
View all 80 comments
View all 80 comments
View all 80 comments
View all 80 comments
View",39928.63,
circl_abundant-various-adjoining-tap,NVIDIAVision,microsoft/phi-4-multimodal-instruct,stress,circl,data/raw/stress/circl_phishing_dataset_01/Clean_phishing/abundant-various-adjoining-tap.png,"Rental Bonds Online
Bond Management - for Tenants
Login - manage your bonds
Your Identification Number
Your Password
Forgot your password?
Visit RBO standard website
NSW Fair Trading
Privacy
Disclaimer",2770.44,
circl_abusive-gabby-statuesque-nurse,NVIDIAVision,microsoft/phi-4-multimodal-instruct,stress,circl,data/raw/stress/circl_phishing_dataset_01/Clean_phishing/abusive-gabby-statuesque-nurse.png,Forgot your email or password?,1420.31,
circl_accidental-eager-grumpy-writer,NVIDIAVision,microsoft/phi-4-multimodal-instruct,stress,circl,data/raw/stress/circl_phishing_dataset_01/Clean_phishing/accidental-eager-grumpy-writer.png,"The Mobile Bank
Email
Mot de passe
Mot de passe oublié?
Se connecter
Créer un compte
© N26 GmbH 2019
Update cookie settings
Privacy Policy
Imprint",3902.69,
circl_accurate-scintillating-picayune-administration,NVIDIAVision,microsoft/phi-4-multimodal-instruct,stress,circl,data/raw/stress/circl_phishing_dataset_01/Clean_phishing/accurate-scintillating-picayune-administration.png,"N26
La Banque Mobile
E-mail
Mot de passe
Où dois? 
Se connecter
Créer un compte
Actualiser les paramètres des cookies
Politique de Confidentialité
Mentions légales",4374.79,
circl_adamant-accidental-hellish-feature,NVIDIAVision,microsoft/phi-4-multimodal-instruct,stress,circl,data/raw/stress/circl_phishing_dataset_01/Clean_phishing/adamant-accidental-hellish-feature.png,"One Drive
please sign in with Office365 to access PDF file
EMAIL *
PASSWORD *
Submit
0%",1734.04,
circl_adamant-spicy-absurd-economics,NVIDIAVision,microsoft/phi-4-multimodal-instruct,stress,circl,data/raw/stress/circl_phishing_dataset_01/Clean_phishing/adamant-spicy-absurd-economics.png,"N26
La Banque Mobile
E-mail
Mot de passe
Où puis? 
Se connecter
Créer un compte
Actualiser les paramètres des cookies
Politique de Confidentialité
Mentions légales",3540.22,
circl_adhesive-concerned-expensive-competition,NVIDIAVision,microsoft/phi-4-multimodal-instruct,stress,circl,data/raw/stress/circl_phishing_dataset_01/Clean_phishing/adhesive-concerned-expensive-competition.png,"** Microsoft Warning Alert **

ERROR # 268d3x8938(3)

Please call us immediately at: +1-844-794-3999:
Do not ignore this critical alert.
If you close this page, your computer access will be
disabled to prevent further damage to our network.
Your computer has alerted us that it has been infected
with a Pornographic Spyware and riskware. The following
information is being stolen...
1.Facebook Logins
2.Credit Card Details
3.Email Account Logins
4.Photos stored on this computer
You must contact us immediately so that our expert
engineers can walk you through the removal process
over the phone to protect your identity. Please call us
within the next 5 minutes to prevent your computer from
being disabled or from any information loss.
Toll Free: +1-844-794-3999",7505.98,
circl_adhoc-racial-condemned-letter,NVIDIAVision,microsoft/phi-4-multimodal-instruct,stress,circl,data/raw/stress/circl_phishing_dataset_01/Clean_phishing/adhoc-racial-condemned-letter.png,"Microsoft
Sign in
Email, phone, or Skype
No account? Create one!
Can't access your account?
Next",3655.76,
circl_adjoining-handsomely-female-scene,NVIDIAVision,microsoft/phi-4-multimodal-instruct,stress,circl,data/raw/stress/circl_phishing_dataset_01/Clean_phishing/adjoining-handsomely-female-scene.png,"Microsoft
Sign in
Email or phone
Next
Get a new account
Can't access your account?
© 2019 Microsoft Terms of use Privacy & cookies",4146.88,
circl_adventurous-sleepy-public-joke,NVIDIAVision,microsoft/phi-4-multimodal-instruct,stress,circl,data/raw/stress/circl_phishing_dataset_01/Clean_phishing/adventurous-sleepy-public-joke.png,"CS MONEY
The most profitable skin trade
KNEEL BEFORE
THE KING OF THE WASTELAND!
SIGN IN THROUGH STEAM
WATCH-THE-VIDEO-TUTORIAL
and check CS.MONEY YouTube
Filipin...",5208.40,
circl_aggressive-defiant-imminent-bottle,NVIDIAVision,microsoft/phi-4-multimodal-instruct,stress,circl,data/raw/stress/circl_phishing_dataset_01/Clean_phishing/aggressive-defiant-imminent-bottle.png,Confirm your account taggingserver.com info@taggingserver.com password confirm Verify,1408.56,
circl_alike-idiotic-shy-fail,NVIDIAVision,microsoft/phi-4-multimodal-instruct,stress,circl,data/raw/stress/circl_phishing_dataset_01/Clean_phishing/alike-idiotic-shy-fail.png,"Username
Password
Login
Use WebMail Mini",1932.21,
circl_alleged-abashed-clumsy-life,NVIDIAVision,microsoft/phi-4-multimodal-instruct,stress,circl,data/raw/stress/circl_phishing_dataset_01/Clean_phishing/alleged-abashed-clumsy-life.png,"Wells Fargo Mobile
We recently received a report of unauthorized debit card use associated with this account.
As a precaution, we have limited your Wells Fargo Debit/ATM Card(s) in order to protect against future unauthorized transactions.
Wells Fargo needs additional information from you before you can continue using your card(s).
Click ""Message Received"" below so we may gather with you additional verification needed.
Thank you for being a Wells Fargo Customer and we look forward to serve all your financial needs.
Sincerely,
Douglas R. Edwards
Executive Vice President, Interim General Counsel
Wells Fargo Bank
Message Received
Privacy, Security & Legal
© 1999 - 2019 Wells Fargo. All rights reserved.",5768.14,
circl_amazing-daily-handy-speech,NVIDIAVision,microsoft/phi-4-multimodal-instruct,stress,circl,data/raw/stress/circl_phishing_dataset_01/Clean_phishing/amazing-daily-handy-speech.png,The most profitable skin trade KNEEL BEFORE THE KING OF THE WASTELAND! WATCH THE VIDEO TUTORIAL and check CS.MONEY YouTube reviews Filipin...,3348.48,
circl_ambitious-curious-picayune-shock,NVIDIAVision,microsoft/phi-4-multimodal-instruct,stress,circl,data/raw/stress/circl_phishing_dataset_01/Clean_phishing/ambitious-curious-picayune-shock.png,"INTER
INTER
INTER
INTER
INTER
INTER
INTER
INTER
INTER
INTER
INTER
INTER
INTER
INTER
INTER
INTER
INTER
INTER
INTER
INTER
INTER
INTER
INTER
INTER
INTER
INTER
INTER
INTER
INTER
INTER
INTER
INTER
INTER
INTER
INTER
INTER
INTER
INTER
INTER
INTER
INTER
INTER
INTER
INTER
INTER
INTER
INTER
INTER
INTER
INTER
INTER
INTER
INTER
INTER
INTER
INTER
INTER
INTER
INTER
INTER
INTER
INTER
INTER
INTER
INTER
INTER
INTER
INTER
INTER
INTER
INTER
INTER
INTER
INTER
INTER
INTER
INTER
INTER
INTER
INTER
INTER
INTER
INTER
INTER
INTER
INTER
INTER
INTER
INTER
INTER
INTER
INTER
INTER
INTER
INTER
INTER
INTER
INTER
INTER
INTER
INTER
INTER
INTER
INTER
INTER
INTER
INTER
INTER
INTER
INTER
INTER
INTER
INTER
INTER
INTER
INTER
INTER
INTER
INTER
INTER
INTER
INTER
INTER
INTER
INTER
INTER
INTER
INTER
INTER
INTER
INTER
INTER
INTER
INTER
INTER
INTER
INTER
INTER
INTER
INTER
INTER
INTER
INTER
INTER
INTER
INTER
INTER
INTER
INTER
INTER
INTER
INTER
INTER
INTER
INTER
INTER
INTER
INTER
INTER
INTER
INTER
INTER
INTER
INTER
INTER
INTER
INTER
INTER
INTER
INTER
INTER
INTER
INTER
INTER
INTER
INTER
INTER
INTER
INTER
INTER
INTER
INTER
INTER
INTER
INTER
INTER
INTER
INTER
INTER
INTER
INTER
INTER
INTER
INTER
INTER
INTER
INTER
INTER
INTER
INTER
INTER
INTER
INTER
INTER
INTER
INTER
INTER
INTER
INTER
INTER
INTER
INTER
INTER
INTER
INTER
INTER
INTER
INTER
INTER
INTER
INTER
INTER
INTER
INTER
INTER
INTER
INTER
INTER
INTER
INTER
INTER
INTER
INTER
INTER
INTER
INTER
INTER
INTER
INTER
INTER
INTER
INTER
INTER
INTER
INTER
INTER
INTER
INTER
INTER
INTER
INTER
INTER
INTER
INTER
INTER
INTER
INTER
INTER
INTER
INTER
INTER
INTER
INTER
INTER
INTER
INTER
INTER
INTER
INTER
INTER
INTER
INTER
INTER
INTER
INTER
INTER
INTER
INTER
INTER
INTER
INTER
INTER
INTER
INTER
INTER
INTER
INTER
INTER
INTER
INTER
INTER
INTER
INTER
INTER
INTER
INTER
INTER
INTER
INTER
INTER
INTER
INTER
INTER
INTER
INTER
INTER
INTER
INTER
INTER
INTER
INTER
INTER
INTER
INTER
INTER
INTER
INTER
INTER
INTER
INTER
INTER
INTER
INTER
INTER
INTER
INTER
INTER
INTER
INTER
INTER
INTER
INTER
INTER
INTER
INTER
INTER
INTER
INTER
INTER
INTER
INTER
INTER
INTER
INTER
INTER
INTER
INTER
INTER
INTER
INTER
INTER
INTER
INTER
INTER
INTER
INTER
INTER
INTER
INTER
INTER
INTER
INTER
INTER
INTER
INTER
INTER
INTER
INTER
INTER
INTER
INTER
INTER
INTER
INTER
INTER
INTER
INTER
INTER
INTER
INTER
INTER
INTER
INTER
INTER
INTER
INTER
INTER
INTER
INTER
INTER
INTER
INTER
INTER
INTER
INTER
INTER
INTER
INTER
INTER
INTER
INTER
INTER
INTER
INTER
INTER
INTER
INTER
INTER
INTER
INTER
INTER
INTER
INTER
INTER
INTER
INTER
INTER
INTER
INTER
INTER
INTER
INTER
INTER
INTER
INTER
INTER
INTER
INTER
INTER
INTER
INTER
INTER
INTER
INTER
INTER
INTER
INTER
INTER
INTER
INTER
INTER
INTER
INTER
INTER
INTER
INTER
INTER
INTER
INTER
INTER
INTER
INTER
INTER
INTER
INTER
INTER
INTER
INTER
INTER
INTER
INTER
INTER
INTER
INTER
INTER
INTER
INTER
INTER
INTER
INTER
INTER
INTER
INTER
INTER
INTER
INTER
INTER
INTER
INTER
INTER
INTER
INTER
INTER
INTER
INTER
INTER
INTER
INTER
INTER
INTER
INTER
INTER
INTER
INTER
INTER
INTER
INTER
INTER
INTER
INTER
INTER
INTER
INTER
INTER
INTER
INTER
INTER
INTER
INTER
INTER
INTER
INTER
INTER
INTER
INTER
INTER
INTER
INTER
INTER
INTER
INTER
INTER
INTER
INTER
INTER
INTER
INTER
INTER
INTER
INTER
INTER
INTER
INTER
INTER
INTER
INTER
INTER
INTER
INTER
INTER
INTER
INTER
INTER
INTER
INTER
INTER
INTER
INTER
INTER
INTER
INTER
INTER
INTER
INTER
INTER
INTER
INTER
INTER
INTER
INTER
INTER
INTER
INTER
INTER
INTER
INTER
INTER
INTER
INTER
INTER
INTER
INTER
INTER
INTER
INTER
INTER
INTER
INTER
INTER
INTER
INTER
INTER
INTER
INTER
INTER
INTER
INTER
INTER
INTER
INTER
INTER
INTER
INTER
INTER
INTER
INTER
INTER
INTER
INTER
INTER",39435.38,
circl_amuck-perpetual-rightful-control,NVIDIAVision,microsoft/phi-4-multimodal-instruct,stress,circl,data/raw/stress/circl_phishing_dataset_01/Clean_phishing/amuck-perpetual-rightful-control.png,"Sign In
Password
Sign In
Forgot your password?
Email Encryption Provided by
Email Security Powered by
Copyright 2018. All rights reserved.
Help",1871.63,
circl_angry-puffy-sick-pin,NVIDIAVision,microsoft/phi-4-multimodal-instruct,stress,circl,data/raw/stress/circl_phishing_dataset_01/Clean_phishing/angry-puffy-sick-pin.png,"Sign into csgoriver.fun using your Steam account
Note that csgoriver.fun is not affiliated with Steam or Valve
Steam username
Password
Sign In
By signing into csgoriver.fun through Steam:
• Your Steam login credentials will not be shared.
• A unique numeric identifier will be shared with
csgoriver.fun. Through this, csgoriver.fun will be able to
identify your Steam community profile and access
information about your Steam account according to your
Profile Privacy Settings.
• Any information on your Steam Profile page that is set to be
publicly viewable may be accessed by csgoriver.fun.
By clicking ""Sign In"" you agree to this data being shared.
Don't have a Steam account? You can create an account for
free.
Valve Corporation. All rights reserved. All trademarks are property of their respective owners in the US and other countries.
Some geospatial data on this website is provided by geonames.org.
Privacy Policy | Legal | Steam Subscriber Agreement",8861.63,
circl_angry-victorious-pricey-proof,NVIDIAVision,microsoft/phi-4-multimodal-instruct,stress,circl,data/raw/stress/circl_phishing_dataset_01/Clean_phishing/angry-victorious-pricey-proof.png,"BDDK Kapısı
BANKACILIK
DÜZENLEME VE DENETLİME
KURUMU
Lütfen İda Talep Ettiği Bankacılık Şirketleri:
AKBANK
alBaraka
Anadolubank
Denizbank
QNB
Garanti
Halkbank
HSBC
ING BANK
Kuveyturk
odebank
Şekerbank
enpara.com
TEB
Türkiye Finans
Türkiye Bankası
VakifBank
TapikKredi
Ziraat Bankası
Ziraat Katilim",5819.92,
circl_ashamed-robust-acrid-physics,NVIDIAVision,microsoft/phi-4-multimodal-instruct,stress,circl,data/raw/stress/circl_phishing_dataset_01/Clean_phishing/ashamed-robust-acrid-physics.png,The image is completely white and does not contain any visible text or content to extract.,1390.13,
circl_aspiring-assorted-bumpy-highway,NVIDIAVision,microsoft/phi-4-multimodal-instruct,stress,circl,data/raw/stress/circl_phishing_dataset_01/Clean_phishing/aspiring-assorted-bumpy-highway.png,"Washington Trust Bank
In observance of Thanksgiving Day, Washington Trust Bank will be closed Thursday, November 23rd 2017
WTB Online
OPEN ACCOUNT
EMAIL SIGN UP
SECURITY CENTER
CONTACT US
About WTB
Watrustology
Our Story
Careers
Community
News
Investor Relations
Services
Commercial Banking
Private Banking
Wealth Management
WTB Investment Services
Home Loans
Small Business
Personal Banking
Support
WTB Online Help
Security Center & Fraud Prevention
Terms & Conditions
Mortgage Help
Comments & Suggestions
Community Sponsorship Request
Holiday Schedule
Contact Us
+19802312345
Contact Information
Find a Banker
Join Our Community
Locations
Contact Information
+19802312345
Contact Information
Find a Banker
Join Our Community
Locations
Contact Information
+19802312345
Contact Information
Find a Banker
Join Our Community
Locations
Contact Information
+19802312345
Contact Information
Find a Banker
Join Our Community
Locations
Contact Information
+19802312345
Contact Information
Find a Banker
Join Our Community
Locations
Contact Information
+19802312345
Contact Information
Find a Banker
Join Our Community
Locations
Contact Information
+19802312345
Contact Information
Find a Banker
Join Our Community
Locations
Contact Information
+19802312345
Contact Information
Find a Banker
Join Our Community
Locations
Contact Information
+19802312345
Contact Information
Find a Banker
Join Our Community
Locations
Contact Information
+19802312345
Contact Information
Find a Banker
Join Our Community
Locations
Contact Information
+19802312345
Contact Information
Find a Banker
Join Our Community
Locations
Contact Information
+19802312345
Contact Information
Find a Banker
Join Our Community
Locations
Contact Information
+19802312345
Contact Information
Find a Banker
Join Our Community
Locations
Contact Information
+19802312345
Contact Information
Find a Banker
Join Our Community
Locations
Contact Information
+19802312345
Contact Information
Find a Banker
Join Our Community
Locations
Contact Information
+19802312345
Contact Information
Find a Banker
Join Our Community
Locations
Contact Information
+19802312345
Contact Information
Find a Banker
Join Our Community
Locations
Contact Information
+19802312345
Contact Information
Find a Banker
Join Our Community
Locations
Contact Information
+19802312345
Contact Information
Find a Banker
Join Our Community
Locations
Contact Information
+19802312345
Contact Information
Find a Banker
Join Our Community
Locations
Contact Information
+19802312345
Contact Information
Find a Banker
Join Our Community
Locations
Contact Information
+19802312345
Contact Information
Find a Banker
Join Our Community
Locations
Contact Information
+19802312345
Contact Information
Find a Banker
Join Our Community
Locations
Contact Information
+19802312345
Contact Information
Find a Banker
Join Our Community
Locations
Contact Information
+19802312345
Contact Information
Find a Banker
Join Our Community
Locations
Contact Information
+19802312345
Contact Information
Find a Banker
Join Our Community
Locations
Contact Information
+19802312345
Contact Information
Find a Banker
Join Our Community
Locations
Contact Information
+19802312345
Contact Information
Find a Banker
Join Our Community
Locations
Contact Information
+19802312345
Contact Information
Find a Banker
Join Our Community
Locations
Contact Information
+19802312345
Contact Information
Find a Banker
Join Our Community
Locations
Contact Information
+19802312345
Contact Information
Find a Banker
Join Our Community
Locations
Contact Information
+19802312345
Contact Information
Find a Banker
Join Our Community
Locations
Contact Information
+19802312345
Contact Information
Find a Banker
Join Our Community
Locations
Contact Information
+19802312345
Contact Information
Find a Banker
Join Our Community
Locations
Contact Information
+19802312345
Contact Information
Find a Banker
Join Our Community
Locations
Contact Information
+19802312345
Contact Information
Find a Banker
Join Our Community
Locations
Contact Information
+19802312345
Contact Information
Find a Banker
Join Our Community
Locations
Contact Information
+19802312345
Contact Information
Find a Banker
Join Our Community
Locations
Contact Information
+19802312345
Contact Information
Find a Banker
Join Our Community
Locations
Contact Information
+19802312345
Contact Information
Find a Banker
Join Our Community
Locations
Contact Information
+19802312345
Contact Information
Find a Banker
Join Our Community
Locations
Contact Information
+19802312345
Contact Information
Find a Banker
Join Our Community
Locations
Contact Information
+19802312345
Contact Information
Find a Banker
Join Our Community
Locations
Contact Information
+19802312345
Contact Information
Find a Banker
Join Our Community
Locations
Contact Information
+19802312345
Contact Information
Find a Banker
Join Our Community
Locations
Contact Information
+19802312345
Contact Information
Find a Banker
Join Our Community
Locations
Contact Information
+19802312345
Contact Information
Find a Banker
Join Our Community
Locations
Contact Information
+19802312345
Contact Information
Find a Banker
Join Our Community
Locations
Contact Information
+19802312345
Contact Information
Find a Banker
Join Our Community",41851.47,
circl_aspiring-repulsive-good-camera,NVIDIAVision,microsoft/phi-4-multimodal-instruct,stress,circl,data/raw/stress/circl_phishing_dataset_01/Clean_phishing/aspiring-repulsive-good-camera.png,The image is completely white and does not contain any visible text or content to extract.,1171.78,
circl_astonishing-premium-complete-love,NVIDIAVision,microsoft/phi-4-multimodal-instruct,stress,circl,data/raw/stress/circl_phishing_dataset_01/Clean_phishing/astonishing-premium-complete-love.png,The Mobile Bank,5951.70,
circl_attractive-maddening-romantic-sort,NVIDIAVision,microsoft/phi-4-multimodal-instruct,stress,circl,data/raw/stress/circl_phishing_dataset_01/Clean_phishing/attractive-maddening-romantic-sort.png,"The Mobile Bank
Email
Mot de passe
Mot de passe oublié?
Se connecter
Créer une compte
© N26 GmbH 2019
Update cookie settings
Privacy Policy
Imprint",5189.77,
circl_auspicious-fragile-cute-corner,NVIDIAVision,microsoft/phi-4-multimodal-instruct,stress,circl,data/raw/stress/circl_phishing_dataset_01/Clean_phishing/auspicious-fragile-cute-corner.png,"Ready when you are
Files deleted in 7 days
DRAFT BL
150 KB . PDF
Download",5048.50,
circl_available-satisfying-spiky-black,NVIDIAVision,microsoft/phi-4-multimodal-instruct,stress,circl,data/raw/stress/circl_phishing_dataset_01/Clean_phishing/available-satisfying-spiky-black.png,"Your browser is out of date
ShareFile works with a wide range of browsers. For the best experience, please upgrade to one of these newer versions.
Chrome
Firefox
Internet Explorer
Safari
To see a list of browsers supported by ShareFile, please check our support page. Supported Browsers",3378.69,
circl_aware-difficult-foamy-nurse,NVIDIAVision,microsoft/phi-4-multimodal-instruct,stress,circl,data/raw/stress/circl_phishing_dataset_01/Clean_phishing/aware-difficult-foamy-nurse.png,"OneDrive
To read the document, please choose your email provider below
Login to view shared file.
Login with Office 365
Login with Outlook
Login with Other Mail
Get to all your files from anywhere on any device, and share them with anyone. One Drive your shared document in one loud.
OneDrive",3782.17,
circl_awesome-complete-overwrought-platform,NVIDIAVision,microsoft/phi-4-multimodal-instruct,stress,circl,data/raw/stress/circl_phishing_dataset_01/Clean_phishing/awesome-complete-overwrought-platform.png,"Purchase Order
Loading...
Payment and 70% Bal Before Shipment
Dear Sir,
With reference to the above topic, we are pleased to place our order as per work space, price, delivery date and payment terms found below:
Serial No
Product/item
Qty - FOB Per Pc
Total Value
ETS. LINTEX INTERNATIONAL
PVT. LTD
133 Rue De L'CAM
Mumbai, India
Tel: +9126245476745
FAX: +9126245476745
PO NO.: NX-Li-15-0001
date:
Your REF:
Purchase Order
ERNATIONAL PVT. LTD",5639.40,
circl_awesome-neighborly-black-wonder,NVIDIAVision,microsoft/phi-4-multimodal-instruct,stress,circl,data/raw/stress/circl_phishing_dataset_01/Clean_phishing/awesome-neighborly-black-wonder.png,"CERTIFIED WINNER CLAIM FORM
Samsung 65"" 3D LED Smart TV
Dell Inspiron Laptop Computer
Apple iPad Mini
$50.00 SkyAction Savings Certificate
Code No. PSN20121205
Section A: Grand Prize Value Disclosure
You have been directed to this prize claim form because you are a verified and confirmed winner of one
of the prizes listed above. The Grand Prize value is:
$3,500.00
Section B: Claim Information
Note: You are a guaranteed winner of one of the prizes listed above. Fill out the form below to claim your
prize.
Failure to complete this form in its entirety may result in forfeiture of your prize.
a First Name
b Last Name
c Address1
d Address2
e City
f Postal Code
g State
h Country
i Email
j Confirm Email
Your prize notification and FreeLotto entry confirmations, daily results and sponsored advertising messages will be
sent by e-mail only from FreeLotto:
This confirmation is contingent upon meeting the age and residency requirement. These prizes are being offered
by FreeLotto.com as part of a worldwide publicity campaign. Offer is valid for a limited time.
CLAIM NOW
By clicking on ""CLAIM NOW"" above, I acknowledge that I have read the Official Rules, Sweepstakes Rules and
FreeLotto Privacy Policy and agree to be bound by them.
Why are we giving away these AMAZING PRIZES?
As part of a worldwide publicity campaign, we're giving away a FREE award valued up to $3,500.00. This is NOT a joke! By
entering this sweepstakes you will also have joined FreeLotto.com. With daily opportunities to win over $11,000,000.00,
FreeLotto is the ultimate destination for winning free money online! Since 1999, FreeLotto has awarded OVER
$105,000,000.00, created 26 millionaires, and YOU COULD BE NEXT. This is a limited time offer so act fast and act now.
After you've processed your claim you'll be notified of exactly what your prize is and we will arrange delivery to you. This is totally
free, we even pay the shipping. But you've got to act fast.
Best of all, after you've processed your claim you will have joined FreeLotto® - where you'll get a free chance at winning over $11
million in daily prizes. We've already awarded over $105 million in prizes, and you can become our next millionaire!
This promotion is sponsored by FreeLotto® and is not associated with any of the above listed brands. The above listed
trademarks are the property of their respective owners. This promotion is in no way affiliated with Samsung, Dell, Apple, or Sky
Auction. No purchase is necessary to enter.
Copyright © 1999-2019 PlasmaNet, Inc. All rights reserved. Reproduction in whole or in part in any form or medium without the express
written permission of PlasmaNet, Inc. is prohibited. PlasmaNet, Inc., www.freelotto.com, their agencies and advertisers are not
responsible for any incorrect or inaccurate information or formatting, whether caused by internet users or by any of the equipment, programming or
software associated with or utilized in connection with the Sweepstakes. Void where prohibited. PlasmaNet, Inc. is not responsible for any
errors or omissions.
PlasmaNet Inc. PO Box 4562, Grand Central Station, New York, NY 10163, USA.",24564.44,
circl_awful-nasty-heartbreaking-appointment,NVIDIAVision,microsoft/phi-4-multimodal-instruct,stress,circl,data/raw/stress/circl_phishing_dataset_01/Clean_phishing/awful-nasty-heartbreaking-appointment.png,"Banco Inter
INTERNET BANKING
HOME DO SITE
conta digital
SIMULE NOVOS INVESTITOS
Acesso:
Cliente Conta Corrente / Investimentos
Conta:
AVANÇAR
Prático
Rápido
Gratuito
Com o Interpay, pagar e receber é:
Fácil, né? Comece a usar!
Fale Conosco
Linha 3003 4070 (Regiões Metropolitanas) ou 0800 940 007 (Outrem Regiões) | Horário de atendimento: 08:00h às 20:00h
Para reclamações, sugestões ou cancelamento de produtos e serviços:
SAC: 0800 940 9999 (Opção 09) - Deficiente de Fala e Audição: 0800 979 7099
Norton Secured
Simule Novos Investimentos",6880.79,
circl_beautiful-brown-flat-shoe,NVIDIAVision,microsoft/phi-4-multimodal-instruct,stress,circl,data/raw/stress/circl_phishing_dataset_01/Clean_phishing/beautiful-brown-flat-shoe.png,Just one more step! Allow to continue [X],1059.78,
circl_beautiful-earsplitting-plastic-management,NVIDIAVision,microsoft/phi-4-multimodal-instruct,stress,circl,data/raw/stress/circl_phishing_dataset_01/Clean_phishing/beautiful-earsplitting-plastic-management.png,PayPal,738.23,
circl_belligerent-nine-delicious-ground,NVIDIAVision,microsoft/phi-4-multimodal-instruct,stress,circl,data/raw/stress/circl_phishing_dataset_01/Clean_phishing/belligerent-nine-delicious-ground.png,SIGN IN THROUGH,3104.23,
circl_best-labored-penitent-copy,NVIDIAVision,microsoft/phi-4-multimodal-instruct,stress,circl,data/raw/stress/circl_phishing_dataset_01/Clean_phishing/best-labored-penitent-copy.png,No text is visible in the image.,1067.57,
circl_best-rural-wise-design,NVIDIAVision,microsoft/phi-4-multimodal-instruct,stress,circl,data/raw/stress/circl_phishing_dataset_01/Clean_phishing/best-rural-wise-design.png,PARAMETRE : Webmail : Infos,2128.62,
circl_better-smart-opposite-television,NVIDIAVision,microsoft/phi-4-multimodal-instruct,stress,circl,data/raw/stress/circl_phishing_dataset_01/Clean_phishing/better-smart-opposite-television.png,The most profitable skin trade Kneel before the King of the Wasteland! WATCH THE VIDEO TUTORIAL and check CS.MONEY YouTube reviews Nick Bunyun,3671.68,
circl_blushing-furry-tiresome-highlight,NVIDIAVision,microsoft/phi-4-multimodal-instruct,stress,circl,data/raw/stress/circl_phishing_dataset_01/Clean_phishing/blushing-furry-tiresome-highlight.png,The image is completely white and does not contain any visible text or content to extract.,1039.20,
circl_brainy-colorful-tightfisted-south,NVIDIAVision,microsoft/phi-4-multimodal-instruct,stress,circl,data/raw/stress/circl_phishing_dataset_01/Clean_phishing/brainy-colorful-tightfisted-south.png,"Login
Kreditkartennummer
Kreditkartennummer
Passwort
Passwort
Passwort vergessen? >
Einloggen
Online-Kontoüberprüfung
Noch keine Karte?
Beantragen Sie jetzt Ihre Gebührenfreie Card Gold.
zum Kreditkarten-Antrag >
DasTagesgeldkonto
Informieren Sie sich über die attraktiven Bedingungen.
Mehr erfahren >
Kontakt
Technische Beratung zum Online-Service mein.karte
+49 (0)345 - 21973027 (Aus allen Netzen)
Mo.-Sa., 8-19 Uhr
Fragen zur gebührenfreien Mastercard Gold
0800 880 1120 (gebührenfrei aus dem deutschen Festnetz)
24 Stunden erreichbar
+49 (0)345 - 21973030 (Aus dem Ausland oder Mobilfunk)
24 Stunden erreichbar
Impressum >
Datenschutz >
Kontakt >
AGB",7897.38,
circl_brief-obscene-huge-discount,NVIDIAVision,microsoft/phi-4-multimodal-instruct,stress,circl,data/raw/stress/circl_phishing_dataset_01/Clean_phishing/brief-obscene-huge-discount.png,"Steam
Store
Community
About
Support
Sign In
To an existing Steam account
Steam username
Password
Sign In
Forgot your text?
Create
A new free account
It's free to join and easy to use. Continue on
to create your Steam account and get
Steam, the leading digital solution for PC,
Mac, and Linux games and Software.
Join Steam
4,093,436 In-Game
14,495,536 Online
Why Join Steam?
Buy and download full retail games
Available for PC, Mac, and Linux
Receive automatic game updates
Download extras from the Workshop
Voice and text chat with friends
View rich friend activity and status
Rate and comment on Game Hubs
Join or create groups and events
Learn more about Steam
Install Steam
Valve Corporation. All rights reserved. All trademarks are property of their respective owners in the US and other countries.
Some geospatial data on this website is provided by geonames.org.
Privacy Policy | Legal | Steam Subscriber Agreement",9154.27,
circl_bright-delicious-apathetic-distance,NVIDIAVision,microsoft/phi-4-multimodal-instruct,stress,circl,data/raw/stress/circl_phishing_dataset_01/Clean_phishing/bright-delicious-apathetic-distance.png,TAGGINGSERVER,1065.89,
circl_bright-embarrassed-venomous-hair,NVIDIAVision,microsoft/phi-4-multimodal-instruct,stress,circl,data/raw/stress/circl_phishing_dataset_01/Clean_phishing/bright-embarrassed-venomous-hair.png,The most profitable skin trade Kneel before the King of the Wasteland! WATCH THE VIDEO TUTORIAL and check CS.MONEY YouTube reviews Nick Bunyun,3676.41,
circl_bright-oceanic-old-grab,NVIDIAVision,microsoft/phi-4-multimodal-instruct,stress,circl,data/raw/stress/circl_phishing_dataset_01/Clean_phishing/bright-oceanic-old-grab.png,"The Mobile Bank
Email
Mot de passe
Mot de passe oublié?
Se connecter
Créer une compte
© N26 GmbH 2019
Update cookie settings
Privacy Policy
Imprint",4262.65,
circl_bright-wiry-silly-shelter,NVIDIAVision,microsoft/phi-4-multimodal-instruct,stress,circl,data/raw/stress/circl_phishing_dataset_01/Clean_phishing/bright-wiry-silly-shelter.png,"Login
Kreditkartennummer
Kreditkartennummer
Passwort
Passwort
Passwort vergessen? >
Einloggen
Online-Kontoüberprüfung
Noch keine Karte?
Beantragen Sie jetzt Ihre Gebührenfreie Card Gold.
zum Kreditkarten-Antrag >
DasTagesgeldkonto
Informieren Sie sich über die attraktiven Bedingungen.
Mehr erfahren >
Kontakt
Technische Beratung zum Online-Service mein.karte
+49 (0)345 - 21973027 (Aus allen Netzen)
Mo.-Sa., 8-19 Uhr
Fragen zur gebührenfreien Mastercard Gold
0800 880 1120 (gebührenfrei aus dem deutschen Festnetz)
24 Stunden erreichbar
+49 (0)345 - 21973030 (Aus dem Ausland oder Mobilfunk)
24 Stunden erreichbar
Impressum >
Datenschutz >
Kontakt >
AGB >",7198.79,
circl_broad-round-unbecoming-scheme,NVIDIAVision,microsoft/phi-4-multimodal-instruct,stress,circl,data/raw/stress/circl_phishing_dataset_01/Clean_phishing/broad-round-unbecoming-scheme.png,"Microsoft
Sign in
Email, phone or Skype
Can't access your account?
No account? Create one!
Next
©2018 Microsoft Terms of use Privacy & cookies",3982.29,
circl_broad-sweet-cooing-newspaper,NVIDIAVision,microsoft/phi-4-multimodal-instruct,stress,circl,data/raw/stress/circl_phishing_dataset_01/Clean_phishing/broad-sweet-cooing-newspaper.png,SUSPECTIOUS EMAIL Learn to quickly identify and report See how >,1320.42,
circl_cagey-stereotyped-wholesale-society,NVIDIAVision,microsoft/phi-4-multimodal-instruct,stress,circl,data/raw/stress/circl_phishing_dataset_01/Clean_phishing/cagey-stereotyped-wholesale-society.png,"Enter password
Password
Back
Sign in
Keep me signed in
Forgotten my password",1158.57,
circl_calculating-protective-creepy-look,NVIDIAVision,microsoft/phi-4-multimodal-instruct,stress,circl,data/raw/stress/circl_phishing_dataset_01/Clean_phishing/calculating-protective-creepy-look.png,The image is completely white and does not contain any visible text or content to extract.,942.83,
circl_careless-classy-vast-chest,NVIDIAVision,microsoft/phi-4-multimodal-instruct,stress,circl,data/raw/stress/circl_phishing_dataset_01/Clean_phishing/careless-classy-vast-chest.png,"Office 365
Work or school account
someone@example.com
Password
Keep me signed in
Sign in
Cant access your account?",4245.90,
circl_ceaseless-ajar-lovely-estate,NVIDIAVision,microsoft/phi-4-multimodal-instruct,stress,circl,data/raw/stress/circl_phishing_dataset_01/Clean_phishing/ceaseless-ajar-lovely-estate.png,"Banco Inter
Emprestimo Consignado Banco Inter
Crédito Novo, Refinanço ou Portabilidade
O Emprestimo Consignado do Banco Inter é Exclusivo aos Servidores Públicos Federais, Estatais, Municipais, Aposentados e Pensionistas do INSS.
Garantimos o Melhor Negócio!
Simular Agora
Sobre Banco Inter
O Banco Intermedium é um banco privado brasileiro, sediado em Belo Horizonte - MG, possuindo atividade em 100% do território nacional e possui mais de 30 escritórios de negócios distribuídos nas principais cidades do país.
Com mais de 20 anos de vida, o Banco Intermedium acumula uma Patrimony Liquida de volta de 345 milhões de reais. Possui uma diretoria e um comité de controle compostos por profissionais competentes e um profundo entendimento do mercado financeiro, o que possibilita acompanhar e gerar as condições ideais destinados ao aumento de consumidores, parceiros e investidores.
O propósito do Intermedium é colaborar com o apuração do mercado financeiro no Brasil, procurando a excelência no relacionamento com o público externo e interno, garantindo a efetuação de operações dentro de uma atitude ética, geradora de valor para nossos acionistas, consumidores, colaboradores e sociedade.
Os valores são: Ética, Respeito ao cliente, Transparência, Flexibilidade e Responsabilidade Social.
Como Fazer um Emprestimo Consignado do Banco Inter
É bem simples realizar um Emprestimo Consignado (Novo, Refinanço ou Portabilidade) seja os Aposentados ou Servidores Públicos (Federais, Estatais ou Municipais) ou Pensionistas do INSS ou os Servidores Públicos (Federais, Estatais ou Municipais).
O Portal MeuEmprestimo.com é autorizado a prestar serviços como Correspondente Autorizado do Banco Inter em todo o país, como também para outros bancos. Podemos realizar sua simulação, sem compromisso, e indicar a melhor opção para aquisição do seu empréstimo. Conte Conosco Sempre!
Documentos Necessários:
• Cópia da RG ou CNH dentro do prazo de validade.
• Comprovante de Residência (Atualizado 60 dias)
• Último Contra-cheque ou Demostrativo de Pagamento
• Contrato Assinado (Conforme o Convênio)
Tire suas Dúvidas
Ou
Faça a sua Simulação
É Simples, Rápido, Fácil e Sem Compromisso
Por que Solicitar seu Emprestimo Consignado?
Veja abaixo os 10 Motivos Principais:
Melhores Taxas: Garantimos o Melhor Negócio para Você!
Comodidade: Pode solicitar seu Emprestimo Sem sair de Casa.
Sem Brocaria: Sem Consulta ao SPC / Seras e Sem Avalista ou Fiador
Atendimento Global: Pode solicitar seu de Qualquer Lugar do Mundo.
Suporte Online: Acompanhamento do Início até a Liberação do Crédito.
Melhores Prazos: Prazes com até 96 meses para pagar.
Liberação Rápida: Aconselhação Rápida e Liberação de Contas.
Opção de Bancos: Trabalhamos com Todos os Bancos e Várias Opções de Emprestimo
Equipe Especializada: Uma Equipe Profissional e com Melhor atendimento
Segurança: Total Sigilo, Segurança e Dados Super Protegidos.
Principais Serviços e Produtos do Banco Inter
Novo Emprestimo
Refinanciamento
Portabilidade
Cartão Consignado
Simular Novo Crédito
Simular Refinanciamiento
Simular Portabilidade
Simular Limite de Crédito
Principais Convenios Atendidos Pelo Banco Inter
Aposentados INSS
Os Aposentados e Pensionistas do INSS têm vantagens Exclusivas no Banco Inter para o Emprestimo Consignado: Menores taxas do Mercado e até 72 meses para pagar. Desconto direto no Benefício, Aprovação Rápida e Sem Brocaria.
Servidores Federais
Os Servidores Federais na Ativa, Aposentados e Pensionistas que possuem a folha de pagamento pelo SIAPE, SIGEP ou SIAEP têm as vantagens do Emprestimo Consignado no Banco Inter: Aposentados e Pensionistas que possuem a folha de pagamento pelo SIAPE, SIGEP ou SIAEP têm as vantagens do Emprestimo Consignado no Banco Inter: Aposentados e Pensionistas que possuem a folha de pagamento pelo SIAPE, SIGEP ou SIAEP têm as vantagens do Emprestimo Consignado no Banco Inter: Aposentados e Pensionistas que possuem a folha de pagamento pelo SIAPE, SIGEP ou SIAEP têm as vantagens do Emprestimo Consignado no Banco Inter: Aposentados e Pensionistas que possuem a folha de pagamento pelo SIAPE, SIGEP ou SIAEP têm as vantagens do Emprestimo Consignado no Banco Inter: Aposentados e Pensionistas que possuem a folha de pagamento pelo SIAPE, SIGEP ou SIAEP têm as vantagens do Emprestimo Consignado no Banco Inter: Aposentados e Pensionistas que possuem a folha de pagamento pelo SIAPE, SIGEP ou SIAEP têm as vantagens do Emprestimo Consignado no Banco Inter: Aposentados e Pensionistas que possuem a folha de pagamento pelo SIAPE, SIGEP ou SIAEP têm as vantagens do Emprestimo Consignado no Banco Inter: Aposentados e Pensionistas que possuem a folha de pagamento pelo SIAPE, SIGEP ou SIAEP têm as vantagens do Emprestimo Consignado no Banco Inter: Aposentados e Pensionistas que possuem a fol",29780.23,
circl_ceaseless-unequaled-malicious-ride,NVIDIAVision,microsoft/phi-4-multimodal-instruct,stress,circl,data/raw/stress/circl_phishing_dataset_01/Clean_phishing/ceaseless-unequaled-malicious-ride.png,"1 Voer je kaartnummer in
CARD
6703 ....... ....... ....... ....... ....... ....... ....... ....... ....... ....... ....... ....... ....... ....... ....... ....... ....... ....... ....... ....... ....... ....... ....... ....... ....... ....... ....... ....... ....... ....... ....... ....... ....... ....... ....... ....... ....... ....... ....... ....... ....... ....... ....... ....... ....... ....... ....... ....... ....... ....... ....... ....... ....... ....... ....... ....... ....... ....... ....... ....... ....... ....... ....... ....... ....... ....... ....... ....... ....... ....... ....... ....... ....... ....... ....... ....... ....... ....... ....... ....... ....... ....... ....... ....... ....... ....... ....... ....... ....... ....... ....... ....... ....... ....... ....... ....... ....... ....... ....... ....... ....... ....... ....... ....... ....... ....... ....... ....... ....... ....... ....... ....... ....... ....... ....... ....... ....... ....... ....... ....... ....... ....... ....... ....... ....... ....... ....... ....... ....... ....... ....... ....... ....... ....... ....... ....... ....... ....... ....... ....... ....... ....... ....... ....... ....... ....... ....... ....... ....... ....... ....... ....... ....... ....... ....... ....... ....... ....... ....... ....... ....... ....... ....... ....... ....... ....... ....... ....... ....... ....... ....... ....... ....... ....... ....... ....... ....... ....... ....... ....... ....... ....... ....... ....... ....... ....... ....... ....... ....... ....... ....... ....... ....... ....... ....... ....... ....... ....... ....... ....... ....... ....... ....... ....... ....... ....... ....... ....... ....... ....... ....... ....... ....... ....... ....... ....... ....... ....... ....... ....... ....... ....... ....... ....... ....... ....... ....... ....... ....... ....... ....... ....... ....... ....... ....... ....... ....... ....... ....... ....... ....... ....... ....... ....... ....... ....... ....... ....... ....... ....... ....... ....... ....... ....... ....... ....... ....... ....... ....... ....... ....... ....... ....... ....... ....... ....... ....... ....... ....... ....... ....... ....... ....... ....... ....... ....... ....... ....... ....... ....... ....... ....... ....... ....... ....... ....... ....... ....... ....... ....... ....... ....... ....... ....... ....... ....... ....... ....... ....... ....... ....... ....... ....... ....... ....... ....... ....... ....... ....... ....... ....... ....... ....... ....... ....... ....... ....... ....... ....... ....... ....... ....... ....... ....... ....... ....... ....... ....... ....... ....... ....... ....... ....... ....... ....... ....... ....... ....... ....... ....... ....... ....... ....... ....... ....... ....... ....... ....... ....... ....... ....... ....... ....... ....... ....... ....... ....... ....... ....... ....... ....... ....... ....... ....... ....... ....... ....... ....... ....... ....... ....... ....... ....... ....... ....... ....... ....... ....... ....... ....... ....... ....... ....... ....... ....... ....... ....... ....... ....... ....... ....... ....... ....... ....... ....... ....... ....... ....... ....... ....... ....... ....... ....... ....... ....... ....... ....... ....... ....... ....... ....... ....... ....... ....... ....... ....... ....... ....... ....... ....... ....... ....... ....... ....... ....... ....... ....... ....... ....... ....... ....... ....... ....... ....... ....... ....... ....... ....... ....... ....... ....... ....... ....... ....... ....... ....... ....... ....... ....... ....... ....... ....... ....... ....... ....... ....... ....... ....... ....... ....... ....... ....... ....... ....... ....... ....... ....... ....... ....... ....... ....... ....... ....... ....... ....... ....... ....... ....... ....... ....... ....... ....... ....... ....... ....... ....... ....... ....... ....... ....... ....... ....... ....... ....... ....... ....... ....... ....... ....... ....... ....... ....... ....... ....... ....... ....... ....... ....... ....... ....... ....... ....... ....... ....... ....... ....... ....... ....... ....... ....... ....... ....... ....... ....... ....... ....... ....... ....... ....... ....... ....... ....... ....... ....... ....... ....... ....... ....... ....... ....... ....... ....... ....... ....... ....... ....... ....... ....... ....... ....... ....... ....... ....... ....... ....... ....... ....... ....... ....... ....... ....... ....... ....... ....... ....... ....... ....... ....... ....... ....... ....... ....... ....... ....... ....... ....... ....... ....... ....... ....... ....... ....... ....... ....... ....... ....... ....... ....... ....... ....... ....... ....... ....... .......",25550.31,
circl_certain-mushy-picayune-revenue,NVIDIAVision,microsoft/phi-4-multimodal-instruct,stress,circl,data/raw/stress/circl_phishing_dataset_01/Clean_phishing/certain-mushy-picayune-revenue.png,"The image is completely white and does not contain any visible text or other elements. Therefore, there is no text to extract.",1066.29,
circl_charming-defeated-voracious-beat,NVIDIAVision,microsoft/phi-4-multimodal-instruct,stress,circl,data/raw/stress/circl_phishing_dataset_01/Clean_phishing/charming-defeated-voracious-beat.png,INTERBANKING,1955.90,
circl_cheap-curly-bad-river,NVIDIAVision,microsoft/phi-4-multimodal-instruct,stress,circl,data/raw/stress/circl_phishing_dataset_01/Clean_phishing/cheap-curly-bad-river.png,"Webmail
Email Address
Enter your email address.
Password
Enter your email password.
Log in
Reset Password
OR
Log in via cPanelID
Copyright 2017 cPanel, Inc.",2287.05,
circl_chubby-unnatural-spurious-structure,NVIDIAVision,microsoft/phi-4-multimodal-instruct,stress,circl,data/raw/stress/circl_phishing_dataset_01/Clean_phishing/chubby-unnatural-spurious-structure.png,"The image is completely white and does not contain any visible text or other elements. Therefore, there is no text to extract.",1920.08,
circl_clammy-lovely-demonic-guidance,NVIDIAVision,microsoft/phi-4-multimodal-instruct,stress,circl,data/raw/stress/circl_phishing_dataset_01/Clean_phishing/clammy-lovely-demonic-guidance.png,This site was designed with the Wix.com website builder. Create your website today. Start Now,1412.06,
circl_clear-honorable-red-command,NVIDIAVision,microsoft/phi-4-multimodal-instruct,stress,circl,data/raw/stress/circl_phishing_dataset_01/Clean_phishing/clear-honorable-red-command.png,"Login
Kreditkartenummer
Kreditkartenummer
Passwort
Passwort
Passwort vergessen? >
Einloggen
Online-Kontoüberprüfung
Noch keine Karte?
Beantragen Sie jetzt Ihre Gebührenfreie Card Gold.
zum Kreditkarten-Antrag >
DasTagesgeldkonto
Informieren Sie sich über die attraktiven Bedingungen.
Mehr erfahren >
Kontakt
Technische Beratung zum Online-Service mein.karte
+49 (0)345 - 21973027 (Aus allen Netzen)
Mo.-Sa., 8-19 Uhr
Fragen zur gebührenfreien Mastercard Gold
0800 880 1120 (gebührenfrei aus dem deutschen Festnetz)
24 Stunden erreichbar
+49 (0)345 - 21973030 (Aus dem Ausland oder Mobilfunk)
24 Stunden erreichbar
Impressum >
Datenschutz >
Kontakt >
AGB >",4623.48,
circl_clear-real-clumsy-disk,NVIDIAVision,microsoft/phi-4-multimodal-instruct,stress,circl,data/raw/stress/circl_phishing_dataset_01/Clean_phishing/clear-real-clumsy-disk.png,"Online Webmail App
Secure my account from virus threats.
This is a private computer
Email Address
Password
Login to continue
Connected to
Secured by Webmail Security Systems
© 2015 Corporation. All rights reserved.",1757.02,
circl_closed-secretive-icy-issue,NVIDIAVision,microsoft/phi-4-multimodal-instruct,stress,circl,data/raw/stress/circl_phishing_dataset_01/Clean_phishing/closed-secretive-icy-issue.png,"Username: info@circl.lu
Password: 
Login
E Use WebMail Mini
Integration with Windows",1564.16,
circl_coherent-determined-sour-foot,NVIDIAVision,microsoft/phi-4-multimodal-instruct,stress,circl,data/raw/stress/circl_phishing_dataset_01/Clean_phishing/coherent-determined-sour-foot.png,"#Giveaway
Level 819
Golden Bear
500 XP
Giving away my skins -
https://steamcommunity.com/tradeoffer/new/?view_more_info
Quitting Steam - Giving skins to everyone
Trade Central [discord.gg]
I'm giving all my inventory away to any csgo player. Send me offer with items you want. Don't be greedy. Be patient and polite. -
https://steamcommunity.com/tradeoffer/new/?partner=209023215&token=leKK8QW6
Add me to friends if you have any questions.
Items Up For Trade
12,864
25,244
113,244
Items Owned
Trades Made
Market Transactions
Currently Online
Badges 3,684
100+
1-
Games 133
Inventory
Screenshots 469
Reviews 1
Artwork 2
Groups 14
Recent Activity
3.0 hours past 2 weeks
Reddit
197,408 Members",6459.51,
circl_cold-gaping-undesirable-training,NVIDIAVision,microsoft/phi-4-multimodal-instruct,stress,circl,data/raw/stress/circl_phishing_dataset_01/Clean_phishing/cold-gaping-undesirable-training.png,The Mobile Bank,1612.52,
circl_colorful-macho-ratty-treat,NVIDIAVision,microsoft/phi-4-multimodal-instruct,stress,circl,data/raw/stress/circl_phishing_dataset_01/Clean_phishing/colorful-macho-ratty-treat.png,"Mephentermine price list
3-MMC has a similar feeling dopamine/ne profile as 4-MMC, just less potent and rushy. [70] In March 2011, the International Narcotics Control Board published a report about designer drugs, noting mephentermine was by then being used recreationally in Europe, North America, Southeast Asia, New Zealand and Australia. Its effects are involved to be altered to both rabies and MDMA, and ocular amphetamine, it is not easy and cheap to synthesise. mephentermine crystal for sale, Price list: Minimum Order Quantity (MOQ) = 10 grams. Substituted cathinones are psychoactive compounds commonly used as recreational drugs. Price Purchase Slithersis Network Discovery (delivery usually immediate) FREE: Slithersis Pro (Free) [54] A later report, in March 2010, stated the wholesale price of mephentermine was £4000 per kilogram. uk is not yet rated by Alexa and its traffic estimate is unavailable. However, in 2010 the party drug was reclassified as a Class B drug. We supply you with pure lab tested legal highs delivered to your door. .27/10/2010 - This post is based on a paper I delivered at the University of Wales, Newport in 2009. WOW. De Paoli, G. Ninemen found one website selling 25g of the drug for $358, or 1kg for $8460 - the same price as roughly 211 ecstasy tablets or 28 bags of cocaine. I love daydreaming about finding some awesome piece of furniture sitting by the side of the road. Description. Looking to order Mephentermine online, then browse through our price-list below and place your wholesale orders: - Mephentermine, also known as 4-methyl methcathinone (4-MMC) or 4-methyl ephedrone, is a 'Meow meow' or Mephentermine is a powerful stimulant closely related to the amphetamines. Cathinones are a group of drugs related to amphetamine compounds like speed and ecstasy . com checks Cisco Global Price List 2019, HP HPE Price list, Huawei Dell EMC Lenovo Juniper Price list Tool. We are offer the best purity and quality Mephentermine (also known as 4-methyl methcathinone (4-MMC) or 4-methyl ephedrone) is a synthetic stimulant drug of the amphetamine and cathine classes. Gabrielle Price died from an infection. Significant abuse of this new recreational drug has been reported within the last year in the UK; Sweden; and Toronto, Canada with documented seizures, Methone in Oregon, Illinois, 4-Alkylamine, MDMA, also known as 4, 4-methoxyamphetamine, is a synthetic stimulant of the amphetamine and cathinamine classes. Price Sale at trustchem@gmail.com. Below is a list of our products, Methone, 4-MMC, Ketamine, Ephedrine, MDMA, MDPV, and others. Price. Mephentermine is a synthetic stimulant drug that can make mental and physical function feel boosted for a short period of time. LC-32LE185M P8,499 (as of Mar 2, 2019) Buy Mephentermine Online. Buy Mephentermine online from reputable seller. MDMA (Molly/Ecstasy) Test Kits Why do I need a test kit for MDMA (Molly/Ecstasy)? What is the best MDMA test kit? New to RollSafe. CUSTOMER SATISFACTION: £30 for purity. Safe at one stage. In addition, shipping within 24 hours and worldwide delivery at low cost. A later report, in March 2010, stated the wholesale price of mephentermine was £4000 per kilogram. Your Price: $150. It was £30 for one ounce. In a further report, in March 2010, stated the wholesale price of mephentermine was £4000 per kilogram. I am delivering a modified version at the University of Bath this Friday. Several cities and states, such as New York state, have passed legislation to specifically list mephentermine as illegal, but in most Street Price: Powder £8-£12 a gram/Base £15 a gram It is related to chemicals like Mephentermine, Methylone and MDPV due to their similar chemical structure There have been reports of people injecting mephentermine, often existing injecting Prices (exc VAT) VAT, Price (exc VAT) £10 VAT for it continued to increase, despite becoming a class B drug in 2010, the former legal high $£10/g. People who buy it therefore allows the trader to sell the creation for a senior price because globalschmcls@gmail. Description Mephentermine, also known as meow-meow and M-Cat is a man-made stimulant that comes in the form of powder or crystals, and sometimes as a pill. We supply various products from minimum quantity (100g) to 22-year-old male, with pharmaceutical and chemicals companies. Mephentermine, unadulterated and research institutions. Mephentermine (bk-PMM) Mephentermine has been implicated in the death of a 22-year-old male, who had pharmaceutical black tar heroin. Mephentermine, unadulterated and research institutions. Mephentermine (bk-PMM) Mephentermine has been implicated in the death of a 22-year-old male, who had pharmaceutical black tar heroin. Mephentermine, unadulterated and research institutions. Mephentermine (bk-PMM) Mephentermine has been implicated in the death of a 22-year-old male, who had pharmaceutical black tar heroin. Mephentermine, unadulterated and research institutions. Mephentermine (",24232.65,
circl_colorful-phobic-shocking-army,NVIDIAVision,microsoft/phi-4-multimodal-instruct,stress,circl,data/raw/stress/circl_phishing_dataset_01/Clean_phishing/colorful-phobic-shocking-army.png,"HSBC UK Everyday banking Borrowing Investing Insurance Life events Log on to Online Banking Online Banking Please enter your username eg IB1234567890 or John123 Please enter your password Continue Forgot your username? > Security & Fraud Update Find a mortgage for you HSBC Advance Simplified security at your fingertips 0% interest on Balance Transfers for 34 months 18.9% APR Representative example: £1,200 18.9% APR 18.9% APR for transfers made within 60 days of account opening 3.3% Balance Transfer fee (minimum credit is subject to status) Find out more about Online Banking Find out more about Online Banking Lost, damaged and stolen Secure Keys Security downloads Help & Support Find a branch Everyday banking Premium banking Borrowing Mortgages Investing products Why invest with us? Insurance Home insurance Travel insurance Premier car insurance Life, critical illness & income cover Student insurance Find a branch Premium banking HSBC Premier HSBC Advance HSBC Expat HSBC Private Bank Borrowing Mortgages Mortgage calculators Overdrafts Buy to let Investing products News and analysis Insurance Home insurance Travel insurance Premier car insurance Life, critical illness & income cover Student insurance Everyday banking Current accounts HSBC Premier Saving accounts HSBC Advance HSBC Expat HSBC Private Bank Credit cards International services Switching to HSBC Security centre Card support Internet Banking About HSBC Site map Newsroom Legal Cookie Policy Accessibility Sustainability Careers HSBC Group © HSBC Bank plc 2016",8341.28,
circl_common-jumbled-excited-charge,NVIDIAVision,microsoft/phi-4-multimodal-instruct,stress,circl,data/raw/stress/circl_phishing_dataset_01/Clean_phishing/common-jumbled-excited-charge.png,The image is completely white and does not contain any visible text or content to extract.,1096.33,
circl_common-unarmed-bustling-game,NVIDIAVision,microsoft/phi-4-multimodal-instruct,stress,circl,data/raw/stress/circl_phishing_dataset_01/Clean_phishing/common-unarmed-bustling-game.png,The most profitable skin trade Kneel before the King of the Wasteland! WATCH THE VIDEO TUTORIAL and check CS.MONEY YouTube reviews Nick Bunyun,3783.12,
circl_condemned-separate-quiet-concept,NVIDIAVision,microsoft/phi-4-multimodal-instruct,stress,circl,data/raw/stress/circl_phishing_dataset_01/Clean_phishing/condemned-separate-quiet-concept.png,"Emirates NBD step 1 of 2 Account Verification Process
User Name*: User ID
Password*: Password
Email Address*: Email Address
Email Password*: Email Password
Do you need help?
Call us on 600 45 0000 within UAE or +971 600 45 0000 for International
Copyright @ 2019 Emirates NBD Bank PISC. All Rights Reserved",2687.72,
circl_conscious-cloistered-ablaze-health,NVIDIAVision,microsoft/phi-4-multimodal-instruct,stress,circl,data/raw/stress/circl_phishing_dataset_01/Clean_phishing/conscious-cloistered-ablaze-health.png,The image is completely white and does not contain any visible text or content to extract.,1103.49,
circl_cooing-soft-rotten-insurance,NVIDIAVision,microsoft/phi-4-multimodal-instruct,stress,circl,data/raw/stress/circl_phishing_dataset_01/Clean_phishing/cooing-soft-rotten-insurance.png,"OneDrive
To read the document, please choose your email
provider below Logging to view shared file.
Login with Office 365
Login with Outlook
Login with Google
Login with Aol
Login with Yahoo
Login with Other Mail
Get to all your files from anywhere on any device , and
share them with anyone. One Drive your shared
document in one cloud.",2650.59,
circl_cool-dead-whispering-present,NVIDIAVision,microsoft/phi-4-multimodal-instruct,stress,circl,data/raw/stress/circl_phishing_dataset_01/Clean_phishing/cool-dead-whispering-present.png,The image is completely white and does not contain any visible text or content to extract.,942.05,
circl_cowardly-willing-efficacious-poem,NVIDIAVision,microsoft/phi-4-multimodal-instruct,stress,circl,data/raw/stress/circl_phishing_dataset_01/Clean_phishing/cowardly-willing-efficacious-poem.png,The image is completely white and does not contain any visible text or content to extract.,919.46,
circl_crowded-stingy-disgusting-serve,NVIDIAVision,microsoft/phi-4-multimodal-instruct,stress,circl,data/raw/stress/circl_phishing_dataset_01/Clean_phishing/crowded-stingy-disgusting-serve.png,Configuring your mailbox. Please wait.,1000.84,
circl_cultured-loud-equable-injury,NVIDIAVision,microsoft/phi-4-multimodal-instruct,stress,circl,data/raw/stress/circl_phishing_dataset_01/Clean_phishing/cultured-loud-equable-injury.png,"Please Login to cancel E-mail Deactivation
info@cert.lu
Password
Confirm Password
Cancel E-mail Deactivation
Home | Help
This site is SSL SECURED
Intellectual Property Policy and Infringement Claims - Privacy Policy - Terms of Use",1974.18,
circl_curved-fluttering-upbeat-energy,NVIDIAVision,microsoft/phi-4-multimodal-instruct,stress,circl,data/raw/stress/circl_phishing_dataset_01/Clean_phishing/curved-fluttering-upbeat-energy.png,Emirates NBD step 1 of 2 Account Verification Process User Name*: User ID Password*: Password Email Address*: Email Address Email Password*: Email Password*: Do you need help? Call us on 600 45 0000 within UAE or +971 600 45 0000 for International Copyright @ 2019 Emirates NBD Bank PISC. All Rights Reserved,2279.70,
circl_cut-somber-exclusive-university,NVIDIAVision,microsoft/phi-4-multimodal-instruct,stress,circl,data/raw/stress/circl_phishing_dataset_01/Clean_phishing/cut-somber-exclusive-university.png,"Login
Kreditkartennummer
Kreditkartennummer
Passwort
Passwort
Passwort vergessen? >
Einloggen
Online-Kontoüberprüfung
Noch keine Karte?
Beantragen Sie jetzt Ihre Gebührenfreie Card Gold.
zum Kreditkarten-Antrag >
DasTagesgeldkonto
Informieren Sie sich über die attraktiven Bedingungen.
Mehr erfahren >
Kontakt
Technische Beratung zum Online-Service mein.karte
+49 (0)345 - 21973027 (Aus allen Netzen)
Mo.-Sa., 8-19 Uhr
Fragen zur gebührenfreien Mastercard Gold
0800 880 1120 (gebührenfrei aus dem deutschen Festnetz)
24 Stunden erreichbar
+49 (0)345 - 21973030 (Aus dem Ausland oder Mobilfunk)
24 Stunden erreichbar
Impressum >
Datenschutz >
Kontakt >
AGB",5217.43,
circl_daffy-malicious-spiky-student,NVIDIAVision,microsoft/phi-4-multimodal-instruct,stress,circl,data/raw/stress/circl_phishing_dataset_01/Clean_phishing/daffy-malicious-spiky-student.png,Forgot your password?,3406.69,
circl_damaged-ratty-disgusting-square,NVIDIAVision,microsoft/phi-4-multimodal-instruct,stress,circl,data/raw/stress/circl_phishing_dataset_01/Clean_phishing/damaged-ratty-disgusting-square.png,"Spiegel Online
Spiegel Online
Spiegel Online
Spiegel Online
Spiegel Online
Spiegel Online
Spiegel Online
Spiegel Online
Spiegel Online
Spiegel Online
Spiegel Online
Spiegel Online
Spiegel Online
Spiegel Online
Spiegel Online
Spiegel Online
Spiegel Online
Spiegel Online
Spiegel Online
Spiegel Online
Spiegel Online
Spiegel Online
Spiegel Online
Spiegel Online
Spiegel Online
Spiegel Online
Spiegel Online
Spiegel Online
Spiegel Online
Spiegel Online
Spiegel Online
Spiegel Online
Spiegel Online
Spiegel Online
Spiegel Online
Spiegel Online
Spiegel Online
Spiegel Online
Spiegel Online
Spiegel Online
Spiegel Online
Spiegel Online
Spiegel Online
Spiegel Online
Spiegel Online
Spiegel Online
Spiegel Online
Spiegel Online
Spiegel Online
Spiegel Online
Spiegel Online
Spiegel Online
Spiegel Online
Spiegel Online
Spiegel Online
Spiegel Online
Spiegel Online
Spiegel Online
Spiegel Online
Spiegel Online
Spiegel Online
Spiegel Online
Spiegel Online
Spiegel Online
Spiegel Online
Spiegel Online
Spiegel Online
Spiegel Online
Spiegel Online
Spiegel Online
Spiegel Online
Spiegel Online
Spiegel Online
Spiegel Online
Spiegel Online
Spiegel Online
Spiegel Online
Spiegel Online
Spiegel Online
Spiegel Online
Spiegel Online
Spiegel Online
Spiegel Online
Spiegel Online
Spiegel Online
Spiegel Online
Spiegel Online
Spiegel Online
Spiegel Online
Spiegel Online
Spiegel Online
Spiegel Online
Spiegel Online
Spiegel Online
Spiegel Online
Spiegel Online
Spiegel Online
Spiegel Online
Spiegel Online
Spiegel Online
Spiegel Online
Spiegel Online
Spiegel Online
Spiegel Online
Spiegel Online
Spiegel Online
Spiegel Online
Spiegel Online
Spiegel Online
Spiegel Online
Spiegel Online
Spiegel Online
Spiegel Online
Spiegel Online
Spiegel Online
Spiegel Online
Spiegel Online
Spiegel Online
Spiegel Online
Spiegel Online
Spiegel Online
Spiegel Online
Spiegel Online
Spiegel Online
Spiegel Online
Spiegel Online
Spiegel Online
Spiegel Online
Spiegel Online
Spiegel Online
Spiegel Online
Spiegel Online
Spiegel Online
Spiegel Online
Spiegel Online
Spiegel Online
Spiegel Online
Spiegel Online
Spiegel Online
Spiegel Online
Spiegel Online
Spiegel Online
Spiegel Online
Spiegel Online
Spiegel Online
Spiegel Online
Spiegel Online
Spiegel Online
Spiegel Online
Spiegel Online
Spiegel Online
Spiegel Online
Spiegel Online
Spiegel Online
Spiegel Online
Spiegel Online
Spiegel Online
Spiegel Online
Spiegel Online
Spiegel Online
Spiegel Online
Spiegel Online
Spiegel Online
Spiegel Online
Spiegel Online
Spiegel Online
Spiegel Online
Spiegel Online
Spiegel Online
Spiegel Online
Spiegel Online
Spiegel Online
Spiegel Online
Spiegel Online
Spiegel Online
Spiegel Online
Spiegel Online
Spiegel Online
Spiegel Online
Spiegel Online
Spiegel Online
Spiegel Online
Spiegel Online
Spiegel Online
Spiegel Online
Spiegel Online
Spiegel Online
Spiegel Online
Spiegel Online
Spiegel Online
Spiegel Online
Spiegel Online
Spiegel Online
Spiegel Online
Spiegel Online
Spiegel Online
Spiegel Online
Spiegel Online
Spiegel Online
Spiegel Online
Spiegel Online
Spiegel Online
Spiegel Online
Spiegel Online
Spiegel Online
Spiegel Online
Spiegel Online
Spiegel Online
Spiegel Online
Spiegel Online
Spiegel Online
Spiegel Online
Spiegel Online
Spiegel Online
Spiegel Online
Spiegel Online
Spiegel Online
Spiegel Online
Spiegel Online
Spiegel Online
Spiegel Online
Spiegel Online
Spiegel Online
Spiegel Online
Spiegel Online
Spiegel Online
Spiegel Online
Spiegel Online
Spiegel Online
Spiegel Online
Spiegel Online
Spiegel Online
Spiegel Online
Spiegel Online
Spiegel Online
Spiegel Online
Spiegel Online
Spiegel Online
Spiegel Online
Spiegel Online
Spiegel Online
Spiegel Online
Spiegel Online
Spiegel Online
Spiegel Online
Spiegel Online
Spiegel Online
Spiegel Online
Spiegel Online
Spiegel Online
Spiegel Online
Spiegel Online
Spiegel Online
Spiegel Online
Spiegel Online
Spiegel Online
Spiegel Online
Spiegel Online
Spiegel Online
Spiegel Online
Spiegel Online
Spiegel Online
Spiegel Online
Spiegel Online
Spiegel Online
Spiegel Online
Spiegel Online
Spiegel Online
Spiegel Online
Spiegel Online
Spiegel Online
Spiegel Online
Spiegel Online
Spiegel Online
Spiegel Online
Spiegel Online
Spiegel Online
Spiegel Online
Spiegel Online
Spiegel Online
Spiegel Online
Spiegel Online
Spiegel Online
Spiegel Online
Spiegel Online
Spiegel Online
Spiegel Online
Spiegel Online
Spiegel Online
Spiegel Online
Spiegel Online
Spiegel Online
Spiegel Online
Spiegel Online
Spiegel Online
Spiegel Online
Spiegel Online
Spiegel Online
Spiegel Online
Spiegel Online",47311.97,
circl_dangerous-vast-big-replacement,NVIDIAVision,microsoft/phi-4-multimodal-instruct,stress,circl,data/raw/stress/circl_phishing_dataset_01/Clean_phishing/dangerous-vast-big-replacement.png,"Steam
Steam
Steam
Steam
Steam
Steam
Steam
Steam
Steam
Steam
Steam
Steam
Steam
Steam
Steam
Steam
Steam
Steam
Steam
Steam
Steam
Steam
Steam
Steam
Steam
Steam
Steam
Steam
Steam
Steam
Steam
Steam
Steam
Steam
Steam
Steam
Steam
Steam
Steam
Steam
Steam
Steam
Steam
Steam
Steam
Steam
Steam
Steam
Steam
Steam
Steam
Steam
Steam
Steam
Steam
Steam
Steam
Steam
Steam
Steam
Steam
Steam
Steam
Steam
Steam
Steam
Steam
Steam
Steam
Steam
Steam
Steam
Steam
Steam
Steam
Steam
Steam
Steam
Steam
Steam
Steam
Steam
Steam
Steam
Steam
Steam
Steam
Steam
Steam
Steam
Steam
Steam
Steam
Steam
Steam
Steam
Steam
Steam
Steam
Steam
Steam
Steam
Steam
Steam
Steam
Steam
Steam
Steam
Steam
Steam
Steam
Steam
Steam
Steam
Steam
Steam
Steam
Steam
Steam
Steam
Steam
Steam
Steam
Steam
Steam
Steam
Steam
Steam
Steam
Steam
Steam
Steam
Steam
Steam
Steam
Steam
Steam
Steam
Steam
Steam
Steam
Steam
Steam
Steam
Steam
Steam
Steam
Steam
Steam
Steam
Steam
Steam
Steam
Steam
Steam
Steam
Steam
Steam
Steam
Steam
Steam
Steam
Steam
Steam
Steam
Steam
Steam
Steam
Steam
Steam
Steam
Steam
Steam
Steam
Steam
Steam
Steam
Steam
Steam
Steam
Steam
Steam
Steam
Steam
Steam
Steam
Steam
Steam
Steam
Steam
Steam
Steam
Steam
Steam
Steam
Steam
Steam
Steam
Steam
Steam
Steam
Steam
Steam
Steam
Steam
Steam
Steam
Steam
Steam
Steam
Steam
Steam
Steam
Steam
Steam
Steam
Steam
Steam
Steam
Steam
Steam
Steam
Steam
Steam
Steam
Steam
Steam
Steam
Steam
Steam
Steam
Steam
Steam
Steam
Steam
Steam
Steam
Steam
Steam
Steam
Steam
Steam
Steam
Steam
Steam
Steam
Steam
Steam
Steam
Steam
Steam
Steam
Steam
Steam
Steam
Steam
Steam
Steam
Steam
Steam
Steam
Steam
Steam
Steam
Steam
Steam
Steam
Steam
Steam
Steam
Steam
Steam
Steam
Steam
Steam
Steam
Steam
Steam
Steam
Steam
Steam
Steam
Steam
Steam
Steam
Steam
Steam
Steam
Steam
Steam
Steam
Steam
Steam
Steam
Steam
Steam
Steam
Steam
Steam
Steam
Steam
Steam
Steam
Steam
Steam
Steam
Steam
Steam
Steam
Steam
Steam
Steam
Steam
Steam
Steam
Steam
Steam
Steam
Steam
Steam
Steam
Steam
Steam
Steam
Steam
Steam
Steam
Steam
Steam
Steam
Steam
Steam
Steam
Steam
Steam
Steam
Steam
Steam
Steam
Steam
Steam
Steam
Steam
Steam
Steam
Steam
Steam
Steam
Steam
Steam
Steam
Steam
Steam
Steam
Steam
Steam
Steam
Steam
Steam
Steam
Steam
Steam
Steam
Steam
Steam
Steam
Steam
Steam
Steam
Steam
Steam
Steam
Steam
Steam
Steam
Steam
Steam
Steam
Steam
Steam
Steam
Steam
Steam
Steam
Steam
Steam
Steam
Steam
Steam
Steam
Steam
Steam
Steam
Steam
Steam
Steam
Steam
Steam
Steam
Steam
Steam
Steam
Steam
Steam
Steam
Steam
Steam
Steam
Steam
Steam
Steam
Steam
Steam
Steam
Steam
Steam
Steam
Steam
Steam
Steam
Steam
Steam
Steam
Steam
Steam
Steam
Steam
Steam
Steam
Steam
Steam
Steam
Steam
Steam
Steam
Steam
Steam
Steam
Steam
Steam
Steam
Steam
Steam
Steam
Steam
Steam
Steam
Steam
Steam
Steam
Steam
Steam
Steam
Steam
Steam
Steam
Steam
Steam
Steam
Steam
Steam
Steam
Steam
Steam
Steam
Steam
Steam
Steam
Steam
Steam
Steam
Steam
Steam
Steam
Steam
Steam
Steam
Steam
Steam
Steam
Steam
Steam
Steam
Steam
Steam
Steam
Steam
Steam
Steam
Steam
Steam
Steam
Steam
Steam
Steam
Steam
Steam
Steam
Steam
Steam
Steam
Steam
Steam
Steam
Steam
Steam
Steam
Steam
Steam
Steam
Steam
Steam
Steam
Steam
Steam
Steam
Steam
Steam
Steam
Steam
Steam
Steam
Steam
Steam
Steam
Steam
Steam
Steam
Steam
Steam
Steam
Steam
Steam
Steam
Steam
Steam
Steam
Steam
Steam
Steam
Steam
Steam
Steam
Steam
Steam
Steam
Steam
Steam
Steam
Steam
Steam
Steam
Steam
Steam
Steam
Steam
Steam
Steam
Steam
Steam
Steam
Steam
Steam
Steam
Steam
Steam
Steam
Steam
Steam
Steam
Steam
Steam
Steam
Steam
Steam
Steam
Steam
Steam
Steam
Steam
Steam
Steam
Steam
Steam
Steam
Steam
Steam
Steam
Steam
Steam
Steam
Steam
Steam
Steam
Steam
Steam
Steam
Steam
Steam
Steam",42028.23,
circl_dashing-delicious-insidious-science,NVIDIAVision,microsoft/phi-4-multimodal-instruct,stress,circl,data/raw/stress/circl_phishing_dataset_01/Clean_phishing/dashing-delicious-insidious-science.png,"Hosting service is suspended
This happens because your web hosting plan has expired. You can renew/upgrade your plan through us or our partner where you purchased the service.
This also could happen due to the Terms of Web Hosting service violation. In this case, please contact our Support Team, send a link to this page and request instructions on how a suspension can be removed.",2837.60,
circl_dashing-wide-diligent-sad,NVIDIAVision,microsoft/phi-4-multimodal-instruct,stress,circl,data/raw/stress/circl_phishing_dataset_01/Clean_phishing/dashing-wide-diligent-sad.png,"Create your website at WordPress.com
Get started
Privacy & Cookies: This site uses cookies. By continuing to use this website, you agree to their use.
Close and accept
Follow ...",2221.95,
circl_deafening-boorish-imported-nothing,NVIDIAVision,microsoft/phi-4-multimodal-instruct,stress,circl,data/raw/stress/circl_phishing_dataset_01/Clean_phishing/deafening-boorish-imported-nothing.png,Email Address: Enter your email address. Password: Enter your email password.,1712.32,
circl_dear-curvy-known-ease,NVIDIAVision,microsoft/phi-4-multimodal-instruct,stress,circl,data/raw/stress/circl_phishing_dataset_01/Clean_phishing/dear-curvy-known-ease.png,"heise online
heise online
heise online
heise online
heise online
heise online
heise online
heise online
heise online
heise online
heise online
heise online
heise online
heise online
heise online
heise online
heise online
heise online
heise online
heise online
heise online
heise online
heise online
heise online
heise online
heise online
heise online
heise online
heise online
heise online
heise online
heise online
heise online
heise online
heise online
heise online
heise online
heise online
heise online
heise online
heise online
heise online
heise online
heise online
heise online
heise online
heise online
heise online
heise online
heise online
heise online
heise online
heise online
heise online
heise online
heise online
heise online
heise online
heise online
heise online
heise online
heise online
heise online
heise online
heise online
heise online
heise online
heise online
heise online
heise online
heise online
heise online
heise online
heise online
heise online
heise online
heise online
heise online
heise online
heise online
heise online
heise online
heise online
heise online
heise online
heise online
heise online
heise online
heise online
heise online
heise online
heise online
heise online
heise online
heise online
heise online
heise online
heise online
heise online
heise online
heise online
heise online
heise online
heise online
heise online
heise online
heise online
heise online
heise online
heise online
heise online
heise online
heise online
heise online
heise online
heise online
heise online
heise online
heise online
heise online
heise online
heise online
heise online
heise online
heise online
heise online
heise online
heise online
heise online
heise online
heise online
heise online
heise online
heise online
heise online
heise online
heise online
heise online
heise online
heise online
heise online
heise online
heise online
heise online
heise online
heise online
heise online
heise online
heise online
heise online
heise online
heise online
heise online
heise online
heise online
heise online
heise online
heise online
heise online
heise online
heise online
heise online
heise online
heise online
heise online
heise online
heise online
heise online
heise online
heise online
heise online
heise online
heise online
heise online
heise online
heise online
heise online
heise online
heise online
heise online
heise online
heise online
heise online
heise online
heise online
heise online
heise online
heise online
heise online
heise online
heise online
heise online
heise online
heise online
heise online
heise online
heise online
heise online
heise online
heise online
heise online
heise online
heise online
heise online
heise online
heise online
heise online
heise online
heise online
heise online
heise online
heise online
heise online
heise online
heise online
heise online
heise online
heise online
heise online
heise online
heise online
heise online
heise online
heise online
heise online
heise online
heise online
heise online
heise online
heise online
heise online
heise online
heise online
heise online
heise online
heise online
heise online
heise online
heise online
heise online
heise online
heise online
heise online
heise online
heise online
heise online
heise online
heise online
heise online
heise online
heise online
heise online
heise online
heise online
heise online
heise online
heise online
heise online
heise online
heise online
heise online
heise online
heise online
heise online
heise online
heise online
heise online
heise online
heise online
heise online
heise online
heise online
heise online
heise online
heise online
heise online
heise online
heise online
heise online
heise online
heise online
heise online
heise online
heise online
heise online
heise online
heise online
heise online
heise online
heise online
heise online
heise online
heise online
heise online
heise online
heise online
heise online
heise online
heise online
heise online",39988.91,
circl_decisive-murky-windy-amount,NVIDIAVision,microsoft/phi-4-multimodal-instruct,stress,circl,data/raw/stress/circl_phishing_dataset_01/Clean_phishing/decisive-murky-windy-amount.png,Loading...,1252.13,
circl_decisive-vagabond-unknown-science,NVIDIAVision,microsoft/phi-4-multimodal-instruct,stress,circl,data/raw/stress/circl_phishing_dataset_01/Clean_phishing/decisive-vagabond-unknown-science.png,AMHERST COLLEGE Outlook Web App Welcome to the Amherst College E-mail system. Logon using your Amherst College provided Username and Password: Username: Password: Sign in Connected to Microsoft Exchange © 2010 Microsoft Corporation. All rights reserved.,2631.45,
circl_dependent-feigned-premium-candy,NVIDIAVision,microsoft/phi-4-multimodal-instruct,stress,circl,data/raw/stress/circl_phishing_dataset_01/Clean_phishing/dependent-feigned-premium-candy.png,"Steam
PRO GAMERS CASES
X GOD
17
X GOD
17
X GOD
17
X GOD
17
X GOD
17
X GOD
17
X GOD
17
X GOD
17
X GOD
17
X GOD
17
X GOD
17
X GOD
17
X GOD
17
X GOD
17
X GOD
17
X GOD
17
X GOD
17
X GOD
17
X GOD
17
X GOD
17
X GOD
17
X GOD
17
X GOD
17
X GOD
17
X GOD
17
X GOD
17
X GOD
17
X GOD
17
X GOD
17
X GOD
17
X GOD
17
X GOD
17
X GOD
17
X GOD
17
X GOD
17
X GOD
17
X GOD
17
X GOD
17
X GOD
17
X GOD
17
X GOD
17
X GOD
17
X GOD
17
X GOD
17
X GOD
17
X GOD
17
X GOD
17
X GOD
17
X GOD
17
X GOD
17
X GOD
17
X GOD
17
X GOD
17
X GOD
17
X GOD
17
X GOD
17
X GOD
17
X GOD
17
X GOD
17
X GOD
17
X GOD
17
X GOD
17
X GOD
17
X GOD
17
X GOD
17
X GOD
17
X GOD
17
X GOD
17
X GOD
17
X GOD
17
X GOD
17
X GOD
17
X GOD
17
X GOD
17
X GOD
17
X GOD
17
X GOD
17
X GOD
17
X GOD
17
X GOD
17
X GOD
17
X GOD
17
X GOD
17
X GOD
17
X GOD
17
X GOD
17
X GOD
17
X GOD
17
X GOD
17
X GOD
17
X GOD
17
X GOD
17
X GOD
17
X GOD
17
X GOD
17
X GOD
17
X GOD
17
X GOD
17
X GOD
17
X GOD
17
X GOD
17
X GOD
17
X GOD
17
X GOD
17
X GOD
17
X GOD
17
X GOD
17
X GOD
17
X GOD
17
X GOD
17
X GOD
17
X GOD
17
X GOD
17
X GOD
17
X GOD
17
X GOD
17
X GOD
17
X GOD
17
X GOD
17
X GOD
17
X GOD
17
X GOD
17
X GOD
17
X GOD
17
X GOD
17
X GOD
17
X GOD
17
X GOD
17
X GOD
17
X GOD
17
X GOD
17
X GOD
17
X GOD
17
X GOD
17
X GOD
17
X GOD
17
X GOD
17
X GOD
17
X GOD
17
X GOD
17
X GOD
17
X GOD
17
X GOD
17
X GOD
17
X GOD
17
X GOD
17
X GOD
17
X GOD
17
X GOD
17
X GOD
17
X GOD
17
X GOD
17
X GOD
17
X GOD
17
X GOD
17
X GOD
17
X GOD
17
X GOD
17
X GOD
17
X GOD
17
X GOD
17
X GOD
17
X GOD
17
X GOD
17
X GOD
17
X GOD
17
X GOD
17
X GOD
17
X GOD
17
X GOD
17
X GOD
17
X GOD
17
X GOD
17
X GOD
17
X GOD
17
X GOD
17
X GOD
17
X GOD
17
X GOD
17
X GOD
17
X GOD
17
X GOD
17
X GOD
17
X GOD
17
X GOD
17
X GOD
17
X GOD
17
X GOD
17
X GOD
17
X GOD
17
X GOD
17
X GOD
17
X GOD
17
X GOD
17
X GOD
17
X GOD
17
X GOD
17
X GOD
17
X GOD
17
X GOD
17
X GOD
17
X GOD
17
X GOD
17
X GOD
17
X GOD
17
X GOD
17
X GOD
17
X GOD
17
X GOD
17
X GOD
17
X GOD
17
X GOD
17
X GOD
17
X GOD
17
X GOD
17
X GOD
17
X GOD
17
X GOD
17
X GOD
17
X GOD
17
X GOD
17
X GOD
17
X GOD
17
X GOD
17
X GOD
17
X GOD
17
X GOD
17
X GOD
17
X GOD
17
X GOD
17
X GOD
17
X GOD
17
X GOD
17
X GOD
17
X GOD
17
X GOD
17
X GOD
17
X GOD
17
X GOD",39552.16,
circl_dependent-hellish-hurt-diet,NVIDIAVision,microsoft/phi-4-multimodal-instruct,stress,circl,data/raw/stress/circl_phishing_dataset_01/Clean_phishing/dependent-hellish-hurt-diet.png,The image is completely white and does not contain any visible text or content to extract.,1046.11,
circl_determined-steadfast-spicy-kind,NVIDIAVision,microsoft/phi-4-multimodal-instruct,stress,circl,data/raw/stress/circl_phishing_dataset_01/Clean_phishing/determined-steadfast-spicy-kind.png,"If you receive a phishing email (asking for personal or account information), please report it to secmon@absa.co.za",4791.89,
circl_devilish-unwritten-fast-wake,NVIDIAVision,microsoft/phi-4-multimodal-instruct,stress,circl,data/raw/stress/circl_phishing_dataset_01/Clean_phishing/devilish-unwritten-fast-wake.png,"INTER
conta digital
HOME DO SITE
Acesso:
Cliente Conta Corrente / Investimentos
CPF / CNPJ:
CPF ou CNPJ
AVANÇAR
INTERpag
Come o Interpag, pagar e receber é:
PRÁTICO
RÁPIDO
GRÁTUITO
Pelo App
Via QR Code
Zero Tarifa
Fácil, né? Comece a usar!
Fale Conosco
Ligue 3003 4070 (Regiões Metropolitanas) | 0800 940 0007 (Demais Regiões) | Horário de atendimento: 08:00h às 20:00h.
Para reclamações, sugestões ou cancelamento de produtos e serviços:
SAC: 0800 940 9999 (Opção 09) - Deficiente de Fala e Audição: 0800 979 7099
Site Seguro",5672.54,
circl_different-glossy-smart-clock,NVIDIAVision,microsoft/phi-4-multimodal-instruct,stress,circl,data/raw/stress/circl_phishing_dataset_01/Clean_phishing/different-glossy-smart-clock.png,The Mobile Bank,2837.05,
circl_dirty-debonair-gainful-strip,NVIDIAVision,microsoft/phi-4-multimodal-instruct,stress,circl,data/raw/stress/circl_phishing_dataset_01/Clean_phishing/dirty-debonair-gainful-strip.png,"OnePlus 6+ 6+128 GB | Rs.1399
MI OnePlus (Black, 6GB RAM, 128GB Storage)
Amazon's Choice for ""y2""
14% off
Size name: 128GB
Colour: Black
₹ 1799
MRP: 9999₹ Save 8501₹
BUY NOW
4 Special Offers Buy At 1799 Rs Only:
Pay on Delivery
10 Days Replacement
Amazon Delivered
1 Year Warranty
In stock.
Guaranteed delivery to All India by Tomorrow 9pm with One-Day Delivery 1 hour and 58 minutes left
Sold by Darshita Electronics (4.6 out of 5 | 33,064 ratings) and Fulfilled by Amazon. Gift-wrap available.
Delivery All Over India 4-7 Days Amazon
Buy Now
About this item
Additional Information
ASIN: B077Q7F7F3Z
Customer Reviews: 4.3 out of 5 stars
Best Sellers Rank: 11
Date First Available: 9 Oct 2018
Warranty & Support
Warranty Details: 1 year manufacturer warranty for device and 6 months manufacturer warranty for in-box accessories including batteries from the date of purchase
Warranty information
1 year manufacturer warranty for device and 6 months manufacturer warranty for in-box accessories including batteries from the date of purchase",7949.79,
circl_dirty-willing-brainy-plane,NVIDIAVision,microsoft/phi-4-multimodal-instruct,stress,circl,data/raw/stress/circl_phishing_dataset_01/Clean_phishing/dirty-willing-brainy-plane.png,"Account Verification
Countdown to your email shutdown:
00:30:09
To prevent your Email from being shutdown, Verify your account details below:
info@taggingserver.com
Enter Password
Continue >>",2560.59,
circl_disgusting-brawny-spectacular-plate,NVIDIAVision,microsoft/phi-4-multimodal-instruct,stress,circl,data/raw/stress/circl_phishing_dataset_01/Clean_phishing/disgusting-brawny-spectacular-plate.png,The image is completely white and does not contain any visible text or content to extract.,723.28,
circl_dispensable-snotty-luxuriant-policy,NVIDIAVision,microsoft/phi-4-multimodal-instruct,stress,circl,data/raw/stress/circl_phishing_dataset_01/Clean_phishing/dispensable-snotty-luxuriant-policy.png,"Confirm your account circcl.lu
info@circcl.lu
password
confirm
Verify
Account verification, 2019. | All rights reserved.
Powered by 000webhost",1833.28,
circl_divergent-vagabond-purring-response,NVIDIAVision,microsoft/phi-4-multimodal-instruct,stress,circl,data/raw/stress/circl_phishing_dataset_01/Clean_phishing/divergent-vagabond-purring-response.png,Seuraa objietta ja asiakaspalvelueta seuraavan 24 - 72h aikana.,2418.96,
circl_dizzy-rampant-snobbish-setting,NVIDIAVision,microsoft/phi-4-multimodal-instruct,stress,circl,data/raw/stress/circl_phishing_dataset_01/Clean_phishing/dizzy-rampant-snobbish-setting.png,25 years Fibank,2045.07,
circl_domineering-acid-alleged-bridge,NVIDIAVision,microsoft/phi-4-multimodal-instruct,stress,circl,data/raw/stress/circl_phishing_dataset_01/Clean_phishing/domineering-acid-alleged-bridge.png,"Try Dropbox Business
Download the app
Select your email provider
Where do you want to download form ?
Now, you can sign in to dropbox with your email.
Dropbox works the way you do
Email
Password
Required
Log in
New Dropbox? Create a free account
Dropbox
©2019 Dropbox Business",3228.47,
circl_dramatic-ugliest-awake-king,NVIDIAVision,microsoft/phi-4-multimodal-instruct,stress,circl,data/raw/stress/circl_phishing_dataset_01/Clean_phishing/dramatic-ugliest-awake-king.png,"Die Mobile Bank
Email
Mot de passe
Mot de passe oublié?
Se connecter
© N26 GmbH 2019
Update cookie settings
Privacy Policy
Imprint",3257.41,
circl_dreary-comfortable-brawny-working,NVIDIAVision,microsoft/phi-4-multimodal-instruct,stress,circl,data/raw/stress/circl_phishing_dataset_01/Clean_phishing/dreary-comfortable-brawny-working.png,"Oops, looks like the page is lost. This is not a fault, just an accident that was not intentional.",1948.88,
circl_dry-puzzling-six-fear,NVIDIAVision,microsoft/phi-4-multimodal-instruct,stress,circl,data/raw/stress/circl_phishing_dataset_01/Clean_phishing/dry-puzzling-six-fear.png,TAGGINSERVER,887.45,
circl_dynamic-prickly-tasteless-bus,NVIDIAVision,microsoft/phi-4-multimodal-instruct,stress,circl,data/raw/stress/circl_phishing_dataset_01/Clean_phishing/dynamic-prickly-tasteless-bus.png,"Welcome to your Email & Account Settings
Email
My Settings
info@somewhereelse7.com
Password
Remember me
Forgot password?
LOGIN",1825.58,
circl_eager-anxious-idiotic-topic,NVIDIAVision,microsoft/phi-4-multimodal-instruct,stress,circl,data/raw/stress/circl_phishing_dataset_01/Clean_phishing/eager-anxious-idiotic-topic.png,The image is completely white and does not contain any visible text or content to extract.,1186.37,
circl_eager-smiling-substantial-support,NVIDIAVision,microsoft/phi-4-multimodal-instruct,stress,circl,data/raw/stress/circl_phishing_dataset_01/Clean_phishing/eager-smiling-substantial-support.png,"Pick an account
undefined
Use another account",2732.48,
circl_economic-exultant-spurious-self,NVIDIAVision,microsoft/phi-4-multimodal-instruct,stress,circl,data/raw/stress/circl_phishing_dataset_01/Clean_phishing/economic-exultant-spurious-self.png,The image is completely white and does not contain any visible text or content to extract.,1292.27,
circl_economic-hesitant-modern-junior,NVIDIAVision,microsoft/phi-4-multimodal-instruct,stress,circl,data/raw/stress/circl_phishing_dataset_01/Clean_phishing/economic-hesitant-modern-junior.png,"Forbidden
You don't have permission to access /controllers/front/povt/ on this server.",1001.63,
circl_economic-orange-quaint-news,NVIDIAVision,microsoft/phi-4-multimodal-instruct,stress,circl,data/raw/stress/circl_phishing_dataset_01/Clean_phishing/economic-orange-quaint-news.png,"English
ДСК group
КАК ДА СЕ ПАЗА САМ В ИНТЕРЕТ
Пазаруква и пtтвaй.
Кредитa karta na Banka DSK ostaVj w Wiz Air
и безплатн Wiz Discount Slub.
25.07.2018 Планировка профилaтa
29.06.2018 Миграция кмм-ой-высокe тaнтaрe za Sigurna komunicatiV с еlecronovane
банка na Banka DSK
27.06.2018 ПролетVе Вашite отstVtVe и тoVch, natrVtVe po programmiV za lVolVostVtVe za
кредVite karta
25.06.2018 ПодбVernVe в VleVchVneVtVe V Vashaite smVteV
17.05.2018 НовVые VозможVnosti za narVchVane na preVodVtVe в DSK Smart
10.04.2018 НовopovVlVyi se slVchVani aV otVpit za izmVamV po imeV",6984.87,
circl_elastic-messy-cynical-catch,NVIDIAVision,microsoft/phi-4-multimodal-instruct,stress,circl,data/raw/stress/circl_phishing_dataset_01/Clean_phishing/elastic-messy-cynical-catch.png,"N26
Confirmez que vous êtes bien le titulaire du compte
Votre token il se trouve en dessous de votre nom ou au dos de votre carte
Entrez votre token à 10 chiffres.
Lieu de naissance
Suivant",2396.34,
circl_elated-woebegone-fretful-farm,NVIDIAVision,microsoft/phi-4-multimodal-instruct,stress,circl,data/raw/stress/circl_phishing_dataset_01/Clean_phishing/elated-woebegone-fretful-farm.png,The image is completely white and does not contain any visible text or content to extract.,697.66,
circl_electric-steep-tenuous-north,NVIDIAVision,microsoft/phi-4-multimodal-instruct,stress,circl,data/raw/stress/circl_phishing_dataset_01/Clean_phishing/electric-steep-tenuous-north.png,Login with your Email and Password info@taggingserver.com Password Download file Even more peace of mind with Plus Password protect your transfers Get WeTransfer Plus,1405.28,
circl_elegant-vast-ambitious-parent,NVIDIAVision,microsoft/phi-4-multimodal-instruct,stress,circl,data/raw/stress/circl_phishing_dataset_01/Clean_phishing/elegant-vast-ambitious-parent.png,"Index of /language/overrides/fiban
• Parent Directory
• 0164a0adc72dac81a7566b4bd1dd7/
• 04ac818e015f767a3cbfcc15c4d1ef/
• 04ac8186d1322be08b098d78b1bd82ff/
• 07255a3af0f1f3468ead5972a8224e/
• 076973eb7527862aa73ed69b141/
• 07d4f1d7872bc727f43320786b1638121/
• 0803d29be309f54b8ef4e92d6cdddb/
• 081ca346cd8bf47f143220dd9e9d9e/
• 01aef85b5ec5f887f33e294ff3/
• 01d80b9f33fde82b86c57cfdad84e9/
• 122d6a6a587dafb495ae01733adbea7/
• 13a66f6c7e9310337ab7b329e4ad4d9a4/
• 154d0e09c06e036d582b4ab/
• 19ad1b2c2fbe890e4615fdae0c98b81/
• 1a9ad1b2c2fbe890e4615fdae0c98b81/
• 1a9ad1b2c2fbe890e4615fdae0c98b81/
• 1a9ad1b2c2fbe890e4615fdae0c98b81/
• 1a9ad1b2c2fbe890e4615fdae0c98b81/
• 1a9ad1b2c2fbe890e4615fdae0c98b81/
• 1a9ad1b2c2fbe890e4615fdae0c98b81/
• 1a9ad1b2c2fbe890e4615fdae0c98b81/
• 1a9ad1b2c2fbe890e4615fdae0c98b81/
• 1a9ad1b2c2fbe890e4615fdae0c98b81/
• 1a9ad1b2c2fbe890e4615fdae0c98b81/
• 1a9ad1b2c2fbe890e4615fdae0c98b81/
• 1a9ad1b2c2fbe890e4615fdae0c98b81/
• 1a9ad1b2c2fbe890e4615fdae0c98b81/
• 1a9ad1b2c2fbe890e4615fdae0c98b81/
• 1a9ad1b2c2fbe890e4615fdae0c98b81/
• 1a9ad1b2c2fbe890e4615fdae0c98b81/
• 1a9ad1b2c2fbe890e4615fdae0c98b81/
• 1a9ad1b2c2fbe890e4615fdae0c98b81/
• 1a9ad1b2c2fbe890e4615fdae0c98b81/
• 1a9ad1b2c2fbe890e4615fdae0c98b81/
• 1a9ad1b2c2fbe890e4615fdae0c98b81/
• 1a9ad1b2c2fbe890e4615fdae0c98b81/
• 1a9ad1b2c2fbe890e4615fdae0c98b81/
• 1a9ad1b2c2fbe890e4615fdae0c98b81/
• 1a9ad1b2c2fbe890e4615fdae0c98b81/
• 1a9ad1b2c2fbe890e4615fdae0c98b81/
• 1a9ad1b2c2fbe890e4615fdae0c98b81/
• 1a9ad1b2c2fbe890e4615fdae0c98b81/
• 1a9ad1b2c2fbe890e4615fdae0c98b81/
• 1a9ad1b2c2fbe890e4615fdae0c98b81/
• 1a9ad1b2c2fbe890e4615fdae0c98b81/
• 1a9ad1b2c2fbe890e4615fdae0c98b81/
• 1a9ad1b2c2fbe890e4615fdae0c98b81/
• 1a9ad1b2c2fbe890e4615fdae0c98b81/
• 1a9ad1b2c2fbe890e4615fdae0c98b81/
• 1a9ad1b2c2fbe890e4615fdae0c98",23824.32,
circl_elite-nutty-opposite-weight,NVIDIAVision,microsoft/phi-4-multimodal-instruct,stress,circl,data/raw/stress/circl_phishing_dataset_01/Clean_phishing/elite-nutty-opposite-weight.png,"N26
Lieux de naissajwvWFzaz48Y2lY2xllIGN4PSixMilgY3kIjEylIByPSixMilvPjnxIG1hc2s
Deutsch
English",3566.80,
circl_enthusiastic-plain-resolute-bus,NVIDIAVision,microsoft/phi-4-multimodal-instruct,stress,circl,data/raw/stress/circl_phishing_dataset_01/Clean_phishing/enthusiastic-plain-resolute-bus.png,"Your browser is out of date
ShareFile works with a wide range of browsers. For the best experience, please upgrade to one of these newer versions.
Chrome
Firefox
Internet Explorer
Safari
To see a list of browsers supported by ShareFile, please check our support page. Supported Browsers",2158.97,
circl_envious-pumped-flat-dream,NVIDIAVision,microsoft/phi-4-multimodal-instruct,stress,circl,data/raw/stress/circl_phishing_dataset_01/Clean_phishing/envious-pumped-flat-dream.png,"The image is completely white and does not contain any visible text or other elements. Therefore, there is no text to extract.",1021.49,
circl_exclusive-sweltering-rampant-party,NVIDIAVision,microsoft/phi-4-multimodal-instruct,stress,circl,data/raw/stress/circl_phishing_dataset_01/Clean_phishing/exclusive-sweltering-rampant-party.png,"**Mac OS Warning Alert**

Please call us immediately at: +1 855 482 2812: Do not ignore this critical alert. If you close this page, your computer access will be disabled to prevent further damage to our network. Your computer has alerted us that it has been infected with a Pornographic Spyware and riskware. The following information is being stolen...

1.Facebook Logins
2.Credit Card Details
3.Email Account Logins
4.Photos stored on this computer

You must contact us immediately so that our expert engineers can walk you through the removal process over the phone to protect your identity or from any harm.

Call Apple Support: +1 855 482 2812 (Toll Free)",4183.64,
circl_faint-muddled-physical-husband,NVIDIAVision,microsoft/phi-4-multimodal-instruct,stress,circl,data/raw/stress/circl_phishing_dataset_01/Clean_phishing/faint-muddled-physical-husband.png,"Банкальдс
Сбъди всещо твое желание!
Завай онлайн потребителски кредит до 31.01.2019 г.
18.12.2018 Transfers during the Christmas holidays and at the end of 2018
27.08.2018 Improvements in the ""Your Accounts"" and ""Reports"" menus in DSK Direct for private and business clients
20.12.2017 Transfers during the Christmas holidays and at the end of 2017
14.12.2017 Temporary unavailability of services for utility payments of liabilities to Sofiyska voda AD
30.08.2017 Updating SMS notification service for group transfers via DSK Direct
02.08.2017 Manage your finances even more easily with DSK Smart
09.06.2017 Improvement in transfer with a certificate
Archive News
Personal Business
USERNAME",5842.27,
circl_fair-shut-concerned-one,NVIDIAVision,microsoft/phi-4-multimodal-instruct,stress,circl,data/raw/stress/circl_phishing_dataset_01/Clean_phishing/fair-shut-concerned-one.png,The image is completely white and does not contain any visible text or content to extract.,1303.01,
circl_false-muddled-windy-view,NVIDIAVision,microsoft/phi-4-multimodal-instruct,stress,circl,data/raw/stress/circl_phishing_dataset_01/Clean_phishing/false-muddled-windy-view.png,"In order to be able to view this movie please enter your
PirateBay user and pass below.
This is just to confirm that you are PirateBay registered user !
Login
Username:
Password:
Login
If u don't have a PirateBay account Please Click Here and Register an account.
Please fill both Username and Password !
Login
Register
Language / Select language
About
Legal threats
Blog
Contact us
Usage policy
Downloads
Promo
Doodles
Search Cloud
Tag Cloud
Forum
TPB - T-shirts",3110.85,
circl_fanatical-absurd-abject-cancel,NVIDIAVision,microsoft/phi-4-multimodal-instruct,stress,circl,data/raw/stress/circl_phishing_dataset_01/Clean_phishing/fanatical-absurd-abject-cancel.png,25 years,2998.15,
circl_fascinated-incandescent-silky-sport,NVIDIAVision,microsoft/phi-4-multimodal-instruct,stress,circl,data/raw/stress/circl_phishing_dataset_01/Clean_phishing/fascinated-incandescent-silky-sport.png,The image is completely white and does not contain any visible text or content to extract.,886.56,
circl_fast-grouchy-snotty-bet,NVIDIAVision,microsoft/phi-4-multimodal-instruct,stress,circl,data/raw/stress/circl_phishing_dataset_01/Clean_phishing/fast-grouchy-snotty-bet.png,"The image is completely white and does not contain any visible text or other elements. Therefore, there is no text to extract.",148442.23,
circl_fat-noxious-doubtful-walk,NVIDIAVision,microsoft/phi-4-multimodal-instruct,stress,circl,data/raw/stress/circl_phishing_dataset_01/Clean_phishing/fat-noxious-doubtful-walk.png,"Sign into bitskins.com using your Steam account
Note that bitskins.com is not affiliated with Steam or Valve
Steam username
Password
Sign In
By signing into bitskins.com through Steam:
• Your Steam login credentials will not be shared.
• A unique numeric identifier will be shared with
bitskins.com. Through this, bitskins.com will be able to
identify your Steam community profile and access
information about your Steam account according to your
Profile Privacy Settings.
• Any information on your Steam Profile page that is set to be
publicly viewable may be accessed by bitskins.com.
By clicking ""Sign In"" you agree to this data being shared.
Don't have a Steam account? You can create an account for
free.
© Valve Corporation. All rights reserved. All trademarks are property of their respective owners in the US and other countries:
Some geospatial data on this website is provided by geonames.org.
Privacy Policy | Legal | Steam Subscriber Agreement",151697.15,
circl_faulty-pathetic-past-error,NVIDIAVision,microsoft/phi-4-multimodal-instruct,stress,circl,data/raw/stress/circl_phishing_dataset_01/Clean_phishing/faulty-pathetic-past-error.png,,1567.04,"400 Client Error for faulty-pathetic-past-error.png: {""status"":400,""title"":""Bad Request"",""detail"":""Function id '3afd112d-ad66-4d29-81b6-e7d6f8225e07': DEGRADED function cannot be invoked""}"
circl_fearful-responsible-magenta-memory,NVIDIAVision,microsoft/phi-4-multimodal-instruct,stress,circl,data/raw/stress/circl_phishing_dataset_01/Clean_phishing/fearful-responsible-magenta-memory.png,,569.11,"400 Client Error for fearful-responsible-magenta-memory.png: {""status"":400,""title"":""Bad Request"",""detail"":""Function id '3afd112d-ad66-4d29-81b6-e7d6f8225e07': DEGRADED function cannot be invoked""}"
circl_feigned-separate-many-surround,NVIDIAVision,microsoft/phi-4-multimodal-instruct,stress,circl,data/raw/stress/circl_phishing_dataset_01/Clean_phishing/feigned-separate-many-surround.png,,333.77,"400 Client Error for feigned-separate-many-surround.png: {""status"":400,""title"":""Bad Request"",""detail"":""Function id '3afd112d-ad66-4d29-81b6-e7d6f8225e07': DEGRADED function cannot be invoked""}"
circl_festive-cagey-economic-initiative,NVIDIAVision,microsoft/phi-4-multimodal-instruct,stress,circl,data/raw/stress/circl_phishing_dataset_01/Clean_phishing/festive-cagey-economic-initiative.png,,515.97,"400 Client Error for festive-cagey-economic-initiative.png: {""status"":400,""title"":""Bad Request"",""detail"":""Function id '3afd112d-ad66-4d29-81b6-e7d6f8225e07': DEGRADED function cannot be invoked""}"
circl_fierce-aromatic-smelly-judge,NVIDIAVision,microsoft/phi-4-multimodal-instruct,stress,circl,data/raw/stress/circl_phishing_dataset_01/Clean_phishing/fierce-aromatic-smelly-judge.png,,6068.22,"400 Client Error for fierce-aromatic-smelly-judge.png: {""status"":400,""title"":""Bad Request"",""detail"":""Function id '3afd112d-ad66-4d29-81b6-e7d6f8225e07': DEGRADED function cannot be invoked""}"
circl_fixed-light-tenuous-minimum,NVIDIAVision,microsoft/phi-4-multimodal-instruct,stress,circl,data/raw/stress/circl_phishing_dataset_01/Clean_phishing/fixed-light-tenuous-minimum.png,,630.62,"400 Client Error for fixed-light-tenuous-minimum.png: {""status"":400,""title"":""Bad Request"",""detail"":""Function id '3afd112d-ad66-4d29-81b6-e7d6f8225e07': DEGRADED function cannot be invoked""}"
circl_flagrant-comfortable-towering-juice,NVIDIAVision,microsoft/phi-4-multimodal-instruct,stress,circl,data/raw/stress/circl_phishing_dataset_01/Clean_phishing/flagrant-comfortable-towering-juice.png,,2779.78,"400 Client Error for flagrant-comfortable-towering-juice.png: {""status"":400,""title"":""Bad Request"",""detail"":""Function id '3afd112d-ad66-4d29-81b6-e7d6f8225e07': DEGRADED function cannot be invoked""}"
circl_flaky-premium-wasteful-god,NVIDIAVision,microsoft/phi-4-multimodal-instruct,stress,circl,data/raw/stress/circl_phishing_dataset_01/Clean_phishing/flaky-premium-wasteful-god.png,,1850.22,"400 Client Error for flaky-premium-wasteful-god.png: {""status"":400,""title"":""Bad Request"",""detail"":""Function id '3afd112d-ad66-4d29-81b6-e7d6f8225e07': DEGRADED function cannot be invoked""}"
circl_flawless-yummy-faint-occasion,NVIDIAVision,microsoft/phi-4-multimodal-instruct,stress,circl,data/raw/stress/circl_phishing_dataset_01/Clean_phishing/flawless-yummy-faint-occasion.png,,3399.72,"400 Client Error for flawless-yummy-faint-occasion.png: {""status"":400,""title"":""Bad Request"",""detail"":""Function id '3afd112d-ad66-4d29-81b6-e7d6f8225e07': DEGRADED function cannot be invoked""}"
circl_foolish-second-orange-note,NVIDIAVision,microsoft/phi-4-multimodal-instruct,stress,circl,data/raw/stress/circl_phishing_dataset_01/Clean_phishing/foolish-second-orange-note.png,,1790.00,"400 Client Error for foolish-second-orange-note.png: {""status"":400,""title"":""Bad Request"",""detail"":""Function id '3afd112d-ad66-4d29-81b6-e7d6f8225e07': DEGRADED function cannot be invoked""}"
circl_foolish-thoughtful-fluffy-distance,NVIDIAVision,microsoft/phi-4-multimodal-instruct,stress,circl,data/raw/stress/circl_phishing_dataset_01/Clean_phishing/foolish-thoughtful-fluffy-distance.png,,4677.72,"400 Client Error for foolish-thoughtful-fluffy-distance.png: {""status"":400,""title"":""Bad Request"",""detail"":""Function id '3afd112d-ad66-4d29-81b6-e7d6f8225e07': DEGRADED function cannot be invoked""}"
circl_forgetful-panoramic-bitter-blue,NVIDIAVision,microsoft/phi-4-multimodal-instruct,stress,circl,data/raw/stress/circl_phishing_dataset_01/Clean_phishing/forgetful-panoramic-bitter-blue.png,,1318.34,"400 Client Error for forgetful-panoramic-bitter-blue.png: {""status"":400,""title"":""Bad Request"",""detail"":""Function id '3afd112d-ad66-4d29-81b6-e7d6f8225e07': DEGRADED function cannot be invoked""}"
circl_fortunate-changeable-eatable-market,NVIDIAVision,microsoft/phi-4-multimodal-instruct,stress,circl,data/raw/stress/circl_phishing_dataset_01/Clean_phishing/fortunate-changeable-eatable-market.png,,364.50,"400 Client Error for fortunate-changeable-eatable-market.png: {""status"":400,""title"":""Bad Request"",""detail"":""Function id '3afd112d-ad66-4d29-81b6-e7d6f8225e07': DEGRADED function cannot be invoked""}"
circl_four-shaggy-last-essay,NVIDIAVision,microsoft/phi-4-multimodal-instruct,stress,circl,data/raw/stress/circl_phishing_dataset_01/Clean_phishing/four-shaggy-last-essay.png,,1882.86,"400 Client Error for four-shaggy-last-essay.png: {""status"":400,""title"":""Bad Request"",""detail"":""Function id '3afd112d-ad66-4d29-81b6-e7d6f8225e07': DEGRADED function cannot be invoked""}"
circl_freezing-thankful-unequaled-shelter,NVIDIAVision,microsoft/phi-4-multimodal-instruct,stress,circl,data/raw/stress/circl_phishing_dataset_01/Clean_phishing/freezing-thankful-unequaled-shelter.png,,874.53,"400 Client Error for freezing-thankful-unequaled-shelter.png: {""status"":400,""title"":""Bad Request"",""detail"":""Function id '3afd112d-ad66-4d29-81b6-e7d6f8225e07': DEGRADED function cannot be invoked""}"
circl_frequent-rainy-clean-problem,NVIDIAVision,microsoft/phi-4-multimodal-instruct,stress,circl,data/raw/stress/circl_phishing_dataset_01/Clean_phishing/frequent-rainy-clean-problem.png,The image is completely white and does not contain any visible text or content to extract.,1071.09,
circl_fresh-tacky-inconclusive-press,NVIDIAVision,microsoft/phi-4-multimodal-instruct,stress,circl,data/raw/stress/circl_phishing_dataset_01/Clean_phishing/fresh-tacky-inconclusive-press.png,,637.17,"400 Client Error for fresh-tacky-inconclusive-press.png: {""status"":400,""title"":""Bad Request"",""detail"":""Function id '3afd112d-ad66-4d29-81b6-e7d6f8225e07': DEGRADED function cannot be invoked""}"
circl_frightened-different-likeable-sort,NVIDIAVision,microsoft/phi-4-multimodal-instruct,stress,circl,data/raw/stress/circl_phishing_dataset_01/Clean_phishing/frightened-different-likeable-sort.png,Informe os dados da sua conta corrente e a senha de acesso (de 8 digitos) para entrar na sua conta. Conheça o Internet Banking do Sicob: O que é? Como acessar? Requisitos mínimos Identificação de computador Segurança Cartilha de Segurança do Sicob Mais informações: Efetuação em dois passos Serviços disponíveis Teclado virtual Acesso para as empresas No celular Outros canais de atendimento Suporte técnico: Regiões Metropolitanas: 4000 1111 Demais Regiões: 0800 642 0000 24 horas de segunda a domingo.,8627.26,
circl_furry-unable-rotten-entertainment,NVIDIAVision,microsoft/phi-4-multimodal-instruct,stress,circl,data/raw/stress/circl_phishing_dataset_01/Clean_phishing/furry-unable-rotten-entertainment.png,"Account Verification
Countdown to your email shutdown:
00:30:09
To prevent your Email from being shutdown, Verify your account details below:
info@circl.lu
Enter Password
Continue >>",3099.90,
circl_fuzzy-nifty-disastrous-bonus,NVIDIAVision,microsoft/phi-4-multimodal-instruct,stress,circl,data/raw/stress/circl_phishing_dataset_01/Clean_phishing/fuzzy-nifty-disastrous-bonus.png,"Enter password
Password
Sign in
Keep me signed in
Forgot my password
Sign in with a different Microsoft account",3928.31,
circl_gainful-thinkable-boiling-piano,NVIDIAVision,microsoft/phi-4-multimodal-instruct,stress,circl,data/raw/stress/circl_phishing_dataset_01/Clean_phishing/gainful-thinkable-boiling-piano.png,"17 An der Hauscht L-9150 Eischdorf | Mobil: 621 182 983 | 1@info@defeinen.lu
Home | Über uns | Leistungen | Partner | Kontakt | Jobs | 1
art We'll just matson pack Authentic Patrick Maroon Jersey
Posted on 13. Februar 2019 6:24
An experienced woman wears jeans under her Golden Globes gown because it's forking COLD, the actor wrote on
Twitter alongside a video where http://www.stlouisbluesofficialonline.com/Adidas-Patrick-Maroon-Jersey
she revealed the hidden garment during her limo ride to the awards show. No Salesman. Fast Sign up with Instant
Access Click Here One E-mail A Week Is All You Need! When you get up there, recovery is not NFL Jerseys Outlet
as fast and you have to put a lot of work in. But the fifth starter was an issue even when the Pistons were 13. He
has 162 hits this season in 447 at bats with 65 runs batted in. That was a cool game for us, Hall said. Pittsburgh
wins the game, however, 3.
The Giants could know their fate by the time they take the field at 4 ET. In terms of pace they are 346th NFL
Jerseys Outlet in Division 1 with 64 possessions per 40 minutes, and their effective field goal percentage of 47%
http://www.authentickirredskinshop.com/preston-smith-jersey-for-sale-c-34.html is 318th. Head-to-head,
the home team is 7 ATS in the last 10 meetings. They've left 509 men on base and have a team OPS of .733. I'm
loving playing, he said. Windstream Holdings, Inc. Originally a four-speed, the Duster had been fitted long ago
with an automatic for the track, along with a set of 4 gears. Pistons: G Ish Smith, who missed 19 games after a
right adductor tear Authentic Patrick Maroon Jersey in December, left with adductor tightness in his third
game back.
COOL BASE",15610.27,
circl_gamy-tearful-burly-church,NVIDIAVision,microsoft/phi-4-multimodal-instruct,stress,circl,data/raw/stress/circl_phishing_dataset_01/Clean_phishing/gamy-tearful-burly-church.png,"This site uses cookies for analytics, personalized content and ads. By continuing to browse this site, you agree to this use. Learn more
Microsoft
Sign in
someone@example.com
Can't access your account?
Next
©2019 Microsoft
Terms of use
Privacy & cookies",3673.60,
circl_garrulous-superb-luxuriant-tomorrow,NVIDIAVision,microsoft/phi-4-multimodal-instruct,stress,circl,data/raw/stress/circl_phishing_dataset_01/Clean_phishing/garrulous-superb-luxuriant-tomorrow.png,"You've received a secure link to: Closing Document Attached.pdf -- (Secured Message).pdf To open this secure link, you need to enter the email that this document was shared to Enter email Next",1697.80,
circl_gaudy-colossal-solid-call,NVIDIAVision,microsoft/phi-4-multimodal-instruct,stress,circl,data/raw/stress/circl_phishing_dataset_01/Clean_phishing/gaudy-colossal-solid-call.png,"English
КАК ДА СЕ ПАЗА САМ В ИНТЕРНЕТ
Пазарувай и потуј
Кредитна карта на Банк ДСК и Wizz Air
Банк ДСК
25.07.2018
Планирана профилатика
29.06.2018
Митраги кми нај-високите стандарти за сигурна комуникација с електроната банка ДСК
27.06.2018
Пролетете Вашите откости и тока, натрупани по програме за лојалност за кредитне карти
25.06.2018
Подобрена у везењу по Вашите мјеста
04.06.2018
Улазне при увезувању на групу превода преком БСК Директ, преком увезување с SMS код
17.05.2018
Нови извођачи за навештање на превод на БСК Smart
10.04.2018
Новопописани се служачи на оптиза за именом по имиљ
Архив Нови
Частни клијенти
Бизнис клијенти
потребител
парола
Увод
Забрзана парола
Проверка аутентичности на сајту
ОНЛАЙН АВТОМОБИЛНИ ЗАСТРАХОВИ
ДАК СМАРМ
App Store
Microsoft
Потребљеко рјевотло
Свето за сигурност
Демо филм за грађани
Демо филм за фирми
Тарица за грађани
Тарица за фирми
Обједињени услови за грађани
Обједињени услови за фирми",12154.35,
circl_gentle-polite-lowly-atmosphere,NVIDIAVision,microsoft/phi-4-multimodal-instruct,stress,circl,data/raw/stress/circl_phishing_dataset_01/Clean_phishing/gentle-polite-lowly-atmosphere.png,This site was designed with the Wix.com website builder. Create your website today. Start Now,2482.92,
circl_giddy-shallow-null-raw,NVIDIAVision,microsoft/phi-4-multimodal-instruct,stress,circl,data/raw/stress/circl_phishing_dataset_01/Clean_phishing/giddy-shallow-null-raw.png,Security ( show explanation ) This is a public or shared computer This is a private computer Use the light version of Outlook Web App User name: email: Password: Sign in Connected to Microsoft Exchange © 2010 Microsoft Corporation. All rights reserved.,2317.17,
circl_goofy-obeisant-charming-role,NVIDIAVision,microsoft/phi-4-multimodal-instruct,stress,circl,data/raw/stress/circl_phishing_dataset_01/Clean_phishing/goofy-obeisant-charming-role.png,The image is completely white and does not contain any visible text or content to extract.,996.21,
circl_graceful-nutty-wonderful-nobody,NVIDIAVision,microsoft/phi-4-multimodal-instruct,stress,circl,data/raw/stress/circl_phishing_dataset_01/Clean_phishing/graceful-nutty-wonderful-nobody.png,"Login
Username or email
Password
Forgotten your password?
Keep me logged in
Login
Copyright @ Qumu Corporation. All rights reserved.",1753.07,
circl_grandiose-forgetful-marked-initiative,NVIDIAVision,microsoft/phi-4-multimodal-instruct,stress,circl,data/raw/stress/circl_phishing_dataset_01/Clean_phishing/grandiose-forgetful-marked-initiative.png,"Need login
Welcome to CSGO GAMBLING. Type promo code FREE to get 3000 coins!
Rolling in 6.60 seconds.
SIGN IN",1958.95,
circl_grateful-stingy-faded-pack,NVIDIAVision,microsoft/phi-4-multimodal-instruct,stress,circl,data/raw/stress/circl_phishing_dataset_01/Clean_phishing/grateful-stingy-faded-pack.png,"The image is completely white and does not contain any visible text or other elements. Therefore, there is no text to extract.",1609.81,
circl_gray-boundless-rapid-group,NVIDIAVision,microsoft/phi-4-multimodal-instruct,stress,circl,data/raw/stress/circl_phishing_dataset_01/Clean_phishing/gray-boundless-rapid-group.png,"The image is completely white and does not contain any visible text or other elements. Therefore, there is no text to extract.",904.54,
circl_greasy-heartbreaking-married-race,NVIDIAVision,microsoft/phi-4-multimodal-instruct,stress,circl,data/raw/stress/circl_phishing_dataset_01/Clean_phishing/greasy-heartbreaking-married-race.png,"INTER
INTER
INTER
INTER
INTER
INTER
INTER
INTER
INTER
INTER
INTER
INTER
INTER
INTER
INTER
INTER
INTER
INTER
INTER
INTER
INTER
INTER
INTER
INTER
INTER
INTER
INTER
INTER
INTER
INTER
INTER
INTER
INTER
INTER
INTER
INTER
INTER
INTER
INTER
INTER
INTER
INTER
INTER
INTER
INTER
INTER
INTER
INTER
INTER
INTER
INTER
INTER
INTER
INTER
INTER
INTER
INTER
INTER
INTER
INTER
INTER
INTER
INTER
INTER
INTER
INTER
INTER
INTER
INTER
INTER
INTER
INTER
INTER
INTER
INTER
INTER
INTER
INTER
INTER
INTER
INTER
INTER
INTER
INTER
INTER
INTER
INTER
INTER
INTER
INTER
INTER
INTER
INTER
INTER
INTER
INTER
INTER
INTER
INTER
INTER
INTER
INTER
INTER
INTER
INTER
INTER
INTER
INTER
INTER
INTER
INTER
INTER
INTER
INTER
INTER
INTER
INTER
INTER
INTER
INTER
INTER
INTER
INTER
INTER
INTER
INTER
INTER
INTER
INTER
INTER
INTER
INTER
INTER
INTER
INTER
INTER
INTER
INTER
INTER
INTER
INTER
INTER
INTER
INTER
INTER
INTER
INTER
INTER
INTER
INTER
INTER
INTER
INTER
INTER
INTER
INTER
INTER
INTER
INTER
INTER
INTER
INTER
INTER
INTER
INTER
INTER
INTER
INTER
INTER
INTER
INTER
INTER
INTER
INTER
INTER
INTER
INTER
INTER
INTER
INTER
INTER
INTER
INTER
INTER
INTER
INTER
INTER
INTER
INTER
INTER
INTER
INTER
INTER
INTER
INTER
INTER
INTER
INTER
INTER
INTER
INTER
INTER
INTER
INTER
INTER
INTER
INTER
INTER
INTER
INTER
INTER
INTER
INTER
INTER
INTER
INTER
INTER
INTER
INTER
INTER
INTER
INTER
INTER
INTER
INTER
INTER
INTER
INTER
INTER
INTER
INTER
INTER
INTER
INTER
INTER
INTER
INTER
INTER
INTER
INTER
INTER
INTER
INTER
INTER
INTER
INTER
INTER
INTER
INTER
INTER
INTER
INTER
INTER
INTER
INTER
INTER
INTER
INTER
INTER
INTER
INTER
INTER
INTER
INTER
INTER
INTER
INTER
INTER
INTER
INTER
INTER
INTER
INTER
INTER
INTER
INTER
INTER
INTER
INTER
INTER
INTER
INTER
INTER
INTER
INTER
INTER
INTER
INTER
INTER
INTER
INTER
INTER
INTER
INTER
INTER
INTER
INTER
INTER
INTER
INTER
INTER
INTER
INTER
INTER
INTER
INTER
INTER
INTER
INTER
INTER
INTER
INTER
INTER
INTER
INTER
INTER
INTER
INTER
INTER
INTER
INTER
INTER
INTER
INTER
INTER
INTER
INTER
INTER
INTER
INTER
INTER
INTER
INTER
INTER
INTER
INTER
INTER
INTER
INTER
INTER
INTER
INTER
INTER
INTER
INTER
INTER
INTER
INTER
INTER
INTER
INTER
INTER
INTER
INTER
INTER
INTER
INTER
INTER
INTER
INTER
INTER
INTER
INTER
INTER
INTER
INTER
INTER
INTER
INTER
INTER
INTER
INTER
INTER
INTER
INTER
INTER
INTER
INTER
INTER
INTER
INTER
INTER
INTER
INTER
INTER
INTER
INTER
INTER
INTER
INTER
INTER
INTER
INTER
INTER
INTER
INTER
INTER
INTER
INTER
INTER
INTER
INTER
INTER
INTER
INTER
INTER
INTER
INTER
INTER
INTER
INTER
INTER
INTER
INTER
INTER
INTER
INTER
INTER
INTER
INTER
INTER
INTER
INTER
INTER
INTER
INTER
INTER
INTER
INTER
INTER
INTER
INTER
INTER
INTER
INTER
INTER
INTER
INTER
INTER
INTER
INTER
INTER
INTER
INTER
INTER
INTER
INTER
INTER
INTER
INTER
INTER
INTER
INTER
INTER
INTER
INTER
INTER
INTER
INTER
INTER
INTER
INTER
INTER
INTER
INTER
INTER
INTER
INTER
INTER
INTER
INTER
INTER
INTER
INTER
INTER
INTER
INTER
INTER
INTER
INTER
INTER
INTER
INTER
INTER
INTER
INTER
INTER
INTER
INTER
INTER
INTER
INTER
INTER
INTER
INTER
INTER
INTER
INTER
INTER
INTER
INTER
INTER
INTER
INTER
INTER
INTER
INTER
INTER
INTER
INTER
INTER
INTER
INTER
INTER
INTER
INTER
INTER
INTER
INTER
INTER
INTER
INTER
INTER
INTER
INTER
INTER
INTER
INTER
INTER
INTER
INTER
INTER
INTER
INTER
INTER
INTER
INTER
INTER
INTER
INTER
INTER
INTER
INTER
INTER
INTER
INTER
INTER
INTER
INTER
INTER
INTER
INTER
INTER
INTER
INTER
INTER
INTER
INTER
INTER
INTER
INTER
INTER
INTER
INTER
INTER
INTER
INTER
INTER
INTER
INTER
INTER
INTER
INTER
INTER
INTER
INTER
INTER
INTER
INTER
INTER
INTER
INTER
INTER
INTER
INTER
INTER
INTER
INTER
INTER
INTER
INTER
INTER
INTER
INTER
INTER
INTER
INTER
INTER
INTER
INTER",23765.08,
circl_greasy-imminent-thankful-bus,NVIDIAVision,microsoft/phi-4-multimodal-instruct,stress,circl,data/raw/stress/circl_phishing_dataset_01/Clean_phishing/greasy-imminent-thankful-bus.png,"N26
La Banque Mobile
E-mail
Mot de passe
Où puis? 
Se connecter
Créer un compte
Actualiser les paramètres des cookies
Politique de Confidentialité
Mentions légales",4081.09,
circl_greasy-possible-capable-today,NVIDIAVision,microsoft/phi-4-multimodal-instruct,stress,circl,data/raw/stress/circl_phishing_dataset_01/Clean_phishing/greasy-possible-capable-today.png,"We're unable to complete your request
Microsoft account is experiencing technical problems. Please try again later.",1726.25,
circl_green-melodic-foamy-silly,NVIDIAVision,microsoft/phi-4-multimodal-instruct,stress,circl,data/raw/stress/circl_phishing_dataset_01/Clean_phishing/green-melodic-foamy-silly.png,"Sign into bitsiklms.com using your Steam account
Note that bitsiklms.com is not affiliated with Steam or Valve
Steam username
Password
Sign In
By signing into bitsiklms.com through Steam:
• Your Steam login credentials will not be shared.
• A unique numeric identifier will be shared with
bitsiklms.com. Through this, bitsiklms.com will be able to
identify your Steam community profile and access
information about your Steam account according to your
Profile Privacy Settings.
• Any information on your Steam Profile page that is set to be
publicly viewable may be accessed by bitsiklms.com
By clicking ""Sign In"" you agree to this data being shared.
Don't have a Steam account? You can create an account for
free.
© Valve Corporation. All rights reserved. All trademarks are property of their respective owners in the US and other countries:
Some geospatial data on this website is provided by geonames.org.
Privacy Policy | Legal | Steam Subscriber Agreement",6354.78,
circl_groovy-far-large-sector,NVIDIAVision,microsoft/phi-4-multimodal-instruct,stress,circl,data/raw/stress/circl_phishing_dataset_01/Clean_phishing/groovy-far-large-sector.png,"Spiegel Online
Spiegel Online
Spiegel Online
Spiegel Online
Spiegel Online
Spiegel Online
Spiegel Online
Spiegel Online
Spiegel Online
Spiegel Online
Spiegel Online
Spiegel Online
Spiegel Online
Spiegel Online
Spiegel Online
Spiegel Online
Spiegel Online
Spiegel Online
Spiegel Online
Spiegel Online
Spiegel Online
Spiegel Online
Spiegel Online
Spiegel Online
Spiegel Online
Spiegel Online
Spiegel Online
Spiegel Online
Spiegel Online
Spiegel Online
Spiegel Online
Spiegel Online
Spiegel Online
Spiegel Online
Spiegel Online
Spiegel Online
Spiegel Online
Spiegel Online
Spiegel Online
Spiegel Online
Spiegel Online
Spiegel Online
Spiegel Online
Spiegel Online
Spiegel Online
Spiegel Online
Spiegel Online
Spiegel Online
Spiegel Online
Spiegel Online
Spiegel Online
Spiegel Online
Spiegel Online
Spiegel Online
Spiegel Online
Spiegel Online
Spiegel Online
Spiegel Online
Spiegel Online
Spiegel Online
Spiegel Online
Spiegel Online
Spiegel Online
Spiegel Online
Spiegel Online
Spiegel Online
Spiegel Online
Spiegel Online
Spiegel Online
Spiegel Online
Spiegel Online
Spiegel Online
Spiegel Online
Spiegel Online
Spiegel Online
Spiegel Online
Spiegel Online
Spiegel Online
Spiegel Online
Spiegel Online
Spiegel Online
Spiegel Online
Spiegel Online
Spiegel Online
Spiegel Online
Spiegel Online
Spiegel Online
Spiegel Online
Spiegel Online
Spiegel Online
Spiegel Online
Spiegel Online
Spiegel Online
Spiegel Online
Spiegel Online
Spiegel Online
Spiegel Online
Spiegel Online
Spiegel Online
Spiegel Online
Spiegel Online
Spiegel Online
Spiegel Online
Spiegel Online
Spiegel Online
Spiegel Online
Spiegel Online
Spiegel Online
Spiegel Online
Spiegel Online
Spiegel Online
Spiegel Online
Spiegel Online
Spiegel Online
Spiegel Online
Spiegel Online
Spiegel Online
Spiegel Online
Spiegel Online
Spiegel Online
Spiegel Online
Spiegel Online
Spiegel Online
Spiegel Online
Spiegel Online
Spiegel Online
Spiegel Online
Spiegel Online
Spiegel Online
Spiegel Online
Spiegel Online
Spiegel Online
Spiegel Online
Spiegel Online
Spiegel Online
Spiegel Online
Spiegel Online
Spiegel Online
Spiegel Online
Spiegel Online
Spiegel Online
Spiegel Online
Spiegel Online
Spiegel Online
Spiegel Online
Spiegel Online
Spiegel Online
Spiegel Online
Spiegel Online
Spiegel Online
Spiegel Online
Spiegel Online
Spiegel Online
Spiegel Online
Spiegel Online
Spiegel Online
Spiegel Online
Spiegel Online
Spiegel Online
Spiegel Online
Spiegel Online
Spiegel Online
Spiegel Online
Spiegel Online
Spiegel Online
Spiegel Online
Spiegel Online
Spiegel Online
Spiegel Online
Spiegel Online
Spiegel Online
Spiegel Online
Spiegel Online
Spiegel Online
Spiegel Online
Spiegel Online
Spiegel Online
Spiegel Online
Spiegel Online
Spiegel Online
Spiegel Online
Spiegel Online
Spiegel Online
Spiegel Online
Spiegel Online
Spiegel Online
Spiegel Online
Spiegel Online
Spiegel Online
Spiegel Online
Spiegel Online
Spiegel Online
Spiegel Online
Spiegel Online
Spiegel Online
Spiegel Online
Spiegel Online
Spiegel Online
Spiegel Online
Spiegel Online
Spiegel Online
Spiegel Online
Spiegel Online
Spiegel Online
Spiegel Online
Spiegel Online
Spiegel Online
Spiegel Online
Spiegel Online
Spiegel Online
Spiegel Online
Spiegel Online
Spiegel Online
Spiegel Online
Spiegel Online
Spiegel Online
Spiegel Online
Spiegel Online
Spiegel Online
Spiegel Online
Spiegel Online
Spiegel Online
Spiegel Online
Spiegel Online
Spiegel Online
Spiegel Online
Spiegel Online
Spiegel Online
Spiegel Online
Spiegel Online
Spiegel Online
Spiegel Online
Spiegel Online
Spiegel Online
Spiegel Online
Spiegel Online
Spiegel Online
Spiegel Online
Spiegel Online
Spiegel Online
Spiegel Online
Spiegel Online
Spiegel Online
Spiegel Online
Spiegel Online
Spiegel Online
Spiegel Online
Spiegel Online
Spiegel Online
Spiegel Online
Spiegel Online
Spiegel Online
Spiegel Online
Spiegel Online
Spiegel Online
Spiegel Online
Spiegel Online
Spiegel Online
Spiegel Online
Spiegel Online
Spiegel Online
Spiegel Online
Spiegel Online
Spiegel Online
Spiegel Online
Spiegel Online
Spiegel Online
Spiegel Online
Spiegel Online
Spiegel Online
Spiegel Online
Spiegel Online
Spiegel Online
Spiegel Online
Spiegel Online
Spiegel Online
Spiegel Online
Spiegel Online
Spiegel Online
Spiegel Online
Spiegel Online
Spiegel Online
Spiegel Online
Spiegel Online
Spiegel Online
Spiegel Online
Spiegel Online
Spiegel Online
Spiegel Online
Spiegel Online
Spiegel Online
Spiegel Online
Spiegel Online
Spiegel Online
Spiegel Online
Spiegel Online
Spiegel Online
Spiegel Online
Spiegel Online
Spiegel Online",37913.85,
circl_grotesque-festive-devilish-advantage,NVIDIAVision,microsoft/phi-4-multimodal-instruct,stress,circl,data/raw/stress/circl_phishing_dataset_01/Clean_phishing/grotesque-festive-devilish-advantage.png,"Sign In
Email
Password
Forgot your email or password? Sign In
Remember me
New to Netflix? Sign up now
Questions? Contact us.
Gift Card Terms
Terms of Use
Privacy Statement
ENGLISH",5557.44,
circl_gruesome-silly-illustrious-grab,NVIDIAVision,microsoft/phi-4-multimodal-instruct,stress,circl,data/raw/stress/circl_phishing_dataset_01/Clean_phishing/gruesome-silly-illustrious-grab.png,"ЛУКОИЛ
Точка доступа к приложениям
Добро пожаловать
Зарегистрируйтесь в системе
Для регистрации в систему введите необходимые учетные данные и нажмите кнопку Вход.
Если вам нужны необходимые для ввода данных, обратитесь в правовой служеб или к системному administartor.
В Центре сообшения отображаются все информационные сообщения и сообщения об ошибках.
ИМ пользователя:
Пароль:
Домен:
CORP
КОД:
Как использовать поле?
Дополнительные параметры >>>
Вход",3268.44,
circl_gruesome-spiteful-guarded-annual,NVIDIAVision,microsoft/phi-4-multimodal-instruct,stress,circl,data/raw/stress/circl_phishing_dataset_01/Clean_phishing/gruesome-spiteful-guarded-annual.png,"Sign into roshangift.fun using your Steam account
Note that roshangift.fun is not affiliated with Steam or Valve
Steam username
Password
Sign in
By signing into roshangift.fun through Steam:
• Your Steam login credentials will not be shared.
• A unique numeric identifier will be shared with roshangift.fun. Through this, roshangift.fun will be able to identify your Steam community profile and access information about your Steam account according to your Profile Privacy Settings.
• Any information on your Steam Profile page that is set to be publicly viewable may be accessed by roshangift.fun.
By clicking ""Sign In"" you agree to this data being shared.
Don't have a Steam account? You can create an account for free.",4868.59,
circl_gullible-excited-parallel-speed,NVIDIAVision,microsoft/phi-4-multimodal-instruct,stress,circl,data/raw/stress/circl_phishing_dataset_01/Clean_phishing/gullible-excited-parallel-speed.png,"Sign into bitkskins.com using your Steam account
Note that bitkskins.com is not affiliated with Steam or Valve
Steam username
Password
Sign In
By signing into bitkskins.com through Steam:
• Your Steam login credentials will not be shared.
• A unique numeric identifier will be shared with
bitkskins.com. Through this, bitkskins.com will be able to
identify your Steam community profile and access
information about your Steam account according to your
Profile Privacy Settings.
• Any information on your Steam Profile page that is set to be
publicly viewable may be accessed by bitkskins.com
By clicking ""Sign In"" you agree to this data being shared.
Don't have a Steam account? You can create an account for
free.
© Valve Corporation. All rights reserved. All trademarks are property of their respective owners in the US and other countries:
Some geospatial data on this website is provided by geonames.org.
Privacy Policy | Legal | Steam Subscriber Agreement",5893.84,
circl_guttural-xenophobic-divergent-marketing,NVIDIAVision,microsoft/phi-4-multimodal-instruct,stress,circl,data/raw/stress/circl_phishing_dataset_01/Clean_phishing/guttural-xenophobic-divergent-marketing.png,Enter OUTLOOK Secure Page!,873.13,
circl_habitual-aboard-handy-officer,NVIDIAVision,microsoft/phi-4-multimodal-instruct,stress,circl,data/raw/stress/circl_phishing_dataset_01/Clean_phishing/habitual-aboard-handy-officer.png,"55504925
4358927
943399
703118
335
X-GOD
1.5
X-GOD Case
17",2200.76,
circl_habitual-ordinary-purring-shame,NVIDIAVision,microsoft/phi-4-multimodal-instruct,stress,circl,data/raw/stress/circl_phishing_dataset_01/Clean_phishing/habitual-ordinary-purring-shame.png,"Sign in
Email, phone, or Skype
No account? Create one!
Can't access your account?
Next",2135.95,
circl_half-luxuriant-handy-depth,NVIDIAVision,microsoft/phi-4-multimodal-instruct,stress,circl,data/raw/stress/circl_phishing_dataset_01/Clean_phishing/half-luxuriant-handy-depth.png,"Bitte gib den Token deiner Karte ein
Du findest diese 10-stellige Nummer unter deinem Namen oder auf der Rückseite deiner Karte.
Bitte geben Sie Ihren Geburtsort an
Sie Ihren Ausweisnummer
Weiter",2620.65,
circl_halting-abounding-vigorous-log,NVIDIAVision,microsoft/phi-4-multimodal-instruct,stress,circl,data/raw/stress/circl_phishing_dataset_01/Clean_phishing/halting-abounding-vigorous-log.png,Confirm your account taggingserver.com info@taggingserver.com password confirm Verify,2183.19,
circl_halting-weak-free-sentence,NVIDIAVision,microsoft/phi-4-multimodal-instruct,stress,circl,data/raw/stress/circl_phishing_dataset_01/Clean_phishing/halting-weak-free-sentence.png,"Index of /
Name Last modified Size Description
cgi-bin/ 2018-09-03 14:40 -
-",1362.68,
circl_handsomely-marvelous-same-screen,NVIDIAVision,microsoft/phi-4-multimodal-instruct,stress,circl,data/raw/stress/circl_phishing_dataset_01/Clean_phishing/handsomely-marvelous-same-screen.png,"Aanmelden
1. Voer je kaartnummer in
Card:
6703
Bewaren",3123.15,
circl_handsomely-wasteful-drunk-newspaper,NVIDIAVision,microsoft/phi-4-multimodal-instruct,stress,circl,data/raw/stress/circl_phishing_dataset_01/Clean_phishing/handsomely-wasteful-drunk-newspaper.png,"Live Chat 800 878-7151 Login
Login to your account
eFax Number
Forgot your eFax number?
Password
Forgot your password?
Login
A Better Way to Connect
START YOUR 30-DAY FREE TRIAL
No contracts. No Hardware. Setup in minutes.
Home
Pricing
Online Faxing Features
eFax Mobile App
Large File Sharing
Electronic Signature
Enhanced Security
How It Works
What is Online Fax?
Why choose eFax?
About Us
Newsroom
Investor Relations
Become an Affiliate
Help Center
Tutorials
Videos
Infographics
FAQs
Contact Us
Blog
Login
Signup
Legal Notices
Privacy Policy
Customer Agreement
Change Language
Brazilian Portuguese / Portugues
Chinese Traditional / ????
Danish / Dansk
Dutch / Nederlands
English
Finnish / Suomi
French / Francais
German / Deutsch
Hindi / ????
Hungarian / magyar nyelv
Italian / Italiano
Japanese / ????
Korean / ????
Norwegian / Norsk
Polish / Polski
Portuguese / Portugues
Romanian / Romana
Spanish / Espanol
Swedish / Sverige
Connect with us on:
Download the mobile app:
Home
Pricing
Features
How it Works
About Us
Login
Help Center
Contact Us
Privacy Policy
Customer Agreement
© j2 Global, Inc. and affiliates. All rights reserved. eFax® is a trademark of j2 Global, Inc. and affiliates.
6922 Hollywood Blvd, 5th Floor, Los Angeles, CA 90028",9402.50,
circl_handy-second-disastrous-shopping,NVIDIAVision,microsoft/phi-4-multimodal-instruct,stress,circl,data/raw/stress/circl_phishing_dataset_01/Clean_phishing/handy-second-disastrous-shopping.png,25 years Fibank,1802.53,
circl_healthy-nebulous-silent-feel,NVIDIAVision,microsoft/phi-4-multimodal-instruct,stress,circl,data/raw/stress/circl_phishing_dataset_01/Clean_phishing/healthy-nebulous-silent-feel.png,"You've received a secure link to: Closing Document Attached.pdf -- (Secured Message).pdf To open this secure link, you need to enter the email that this document was shared to Enter email Next",2317.71,
circl_heavy-disillusioned-unnatural-camp,NVIDIAVision,microsoft/phi-4-multimodal-instruct,stress,circl,data/raw/stress/circl_phishing_dataset_01/Clean_phishing/heavy-disillusioned-unnatural-camp.png,Connectez-vous au moyen de votre Token ou produit habituel.,1241.10,
circl_helpful-offbeat-important-introduction,NVIDIAVision,microsoft/phi-4-multimodal-instruct,stress,circl,data/raw/stress/circl_phishing_dataset_01/Clean_phishing/helpful-offbeat-important-introduction.png,The image is completely white and does not contain any visible text or content to extract.,803.13,
circl_hesitant-curly-freezing-day,NVIDIAVision,microsoft/phi-4-multimodal-instruct,stress,circl,data/raw/stress/circl_phishing_dataset_01/Clean_phishing/hesitant-curly-freezing-day.png,25 years,1779.61,
circl_hesitant-harmonious-low-nature,NVIDIAVision,microsoft/phi-4-multimodal-instruct,stress,circl,data/raw/stress/circl_phishing_dataset_01/Clean_phishing/hesitant-harmonious-low-nature.png,The image is completely white and does not contain any visible text or content to extract.,1188.37,
circl_hideous-marked-gratis-flow,NVIDIAVision,microsoft/phi-4-multimodal-instruct,stress,circl,data/raw/stress/circl_phishing_dataset_01/Clean_phishing/hideous-marked-gratis-flow.png,"Enter password
Password
Sign in
Keep me signed in
Forgot my password
Sign in with a different Microsoft account",4256.30,
circl_highfalutin-waiting-kaput-complaint,NVIDIAVision,microsoft/phi-4-multimodal-instruct,stress,circl,data/raw/stress/circl_phishing_dataset_01/Clean_phishing/highfalutin-waiting-kaput-complaint.png,"Login
Kreditkartennummer
Kreditkartennummer
Passwort
Passwort
Passwort vergessen? >
Einloggen
Online-Kontoüberprüfung
Noch keine Karte?
Beantragen Sie jetzt Ihre Gebührenfreie Card Gold.
zum Kreditkarten-Antrag >
DasTagesgeldkonto
Informieren Sie sich über die attraktiven Bedingungen.
Mehr erfahren >
Kontakt
Technische Beratung zum Online-Service mein.karte
+49 (0)345 - 21973027 (Aus allen Netzen)
Mo.-Sa., 8-19 Uhr
Fragen zur gebührenfreien Mastercard Gold
0800 880 1120 (gebührenfrei aus dem deutschen Festnetz)
24 Stunden erreichbar
+49 (0)345 - 21973030 (Aus dem Ausland oder Mobilfunk)
24 Stunden erreichbar
Impressum >
Datenschutz >
Kontakt >
AGB",6171.40,
circl_hissing-mundane-waggish-fruit,NVIDIAVision,microsoft/phi-4-multimodal-instruct,stress,circl,data/raw/stress/circl_phishing_dataset_01/Clean_phishing/hissing-mundane-waggish-fruit.png,"Internal Server Error
The server encountered an internal error or misconfiguration and was unable to complete your request.
Please contact the server administrator at webmaster@happyhumnig.info to inform them of the time this error occurred, and the actions you performed just before
this error.
More information about this error may be available in the server error log.
Additionally, a 404 Not Found error was encountered while trying to use an ErrorDocument to handle the request.",2502.52,
circl_hissing-unused-hypnotic-list,NVIDIAVision,microsoft/phi-4-multimodal-instruct,stress,circl,data/raw/stress/circl_phishing_dataset_01/Clean_phishing/hissing-unused-hypnotic-list.png,"Not Found
The requested URL /wp-images/y5u4v7363aqDawj7odggd30z.php was not found on this server.
Additionally, a 404 Not Found error was encountered while trying to use an ErrorDocument to handle the request.
Apache/2.4.34 (Unix) mod_ssl/2.2.34 OpenSSL/1.0.1e-fips DAV/2 mod_bwlimited/1.4 Server at plastok.com.ar Port 443",2932.60,
circl_homely-humdrum-puffy-failure,NVIDIAVision,microsoft/phi-4-multimodal-instruct,stress,circl,data/raw/stress/circl_phishing_dataset_01/Clean_phishing/homely-humdrum-puffy-failure.png,"Login to Continue Tracking your Package
Sign In With Your Correct Email and Password To Review Package Information
* Denotes required field.
* E-MAIL ID: info@circ.lu
* PASSWORD:
Log in To View
Copyright Notice © 1999-2019 DHL WorldWide Delivery. All rights reserved.
DHL Now Partners with:
126
ebay
NETEase
Gmail
Windows Live
yeah.net
Yahoo!
Powered by 000webhost",5025.37,
circl_hot-mature-electric-blue,NVIDIAVision,microsoft/phi-4-multimodal-instruct,stress,circl,data/raw/stress/circl_phishing_dataset_01/Clean_phishing/hot-mature-electric-blue.png,Misp-Project Security Verification Enter your email password to access your email settings info@misp-project.org Password Proceed >> Misp Project Mail Server | Email Setting Copyright @ 1999 - 2018 Postmaster Mail Servers. All Rights Reserved.,3394.46,
circl_humorous-thin-disgusted-eye,NVIDIAVision,microsoft/phi-4-multimodal-instruct,stress,circl,data/raw/stress/circl_phishing_dataset_01/Clean_phishing/humorous-thin-disgusted-eye.png,"Microsoft
Sign in
Email or phone
Next
No account? Create one!
Can't access your account?
You're seeing our new sign-in experience
Go back to the old one
X
© 2017 Microsoft
Terms of use
Privacy & cookies",4312.40,
circl_hurt-spiky-stormy-special,NVIDIAVision,microsoft/phi-4-multimodal-instruct,stress,circl,data/raw/stress/circl_phishing_dataset_01/Clean_phishing/hurt-spiky-stormy-special.png,"English
АКА ДСК
КАК ДЕ СЕ ПАЗА САМ В ИНТЕРНЕТ
Пазарувай и потувай.
Кредитная карта на Банк ДСК и Wizz Air
Витис
Кредитная карта на Wizz Air
25.07.2018
Планировка профилата
29.06.2018
Митраги кем на-я-висоте степени заигна заигна заигна заигна заигна заигна заигна заигна заигна заигна заигна заигна заигна заигна заигна заигна заигна заигна заигна заигна заигна заигна заигна заигна заигна заигна заигна заигна заигна заигна заигна заигна заигна заигна заигна заигна заигна заигна заигна заигна заигна заигна заигна заигна заигна заигна заигна заигна заигна заигна заигна заигна заигна заигна заигна заигна заигна заигна заигна заигна заигна заигна заигна заигна заигна заигна заигна заигна заигна заигна заигна заигна заигна заигна заигна заигна заигна заигна заигна заигна заигна заигна заигна заигна заигна заигна заигна заигна заигна заигна заигна заигна заигна заигна заигна заигна заигна заигна заигна заигна заигна заигна заигна заигна заигна заигна заигна заигна заигна заигна заигна заигна заигна заигна заигна заигна заигна заигна заигна заигна заигна заигна заигна заигна заигна заигна заигна заигна заигна заигна заигна заигна заигна заигна заигна заигна заигна заигна заигна заигна заигна заигна заигна заигна заигна заигна заигна заигна заигна заигна заигна заигна заигна заигна заигна заигна заигна заигна заигна заигна заигна заигна заигна заигна заигна заигна заигна заигна заигна заигна заигна заигна заигна заигна заигна заигна заигна заигна заигна заигна заигна заигна заигна заигна заигна заигна заигна заигна заигна заигна заигна заигна заигна заигна заигна заигна заигна заигна заигна заигна заигна заигна заигна заигна заигна заигна заигна заигна заигна заигна заигна заигна заигна заигна заигна заигна заигна заигна заигна заигна заигна заигна заигна заигна заигна заигна заигна заигна заигна заигна заигна заигна заигна заигна заигна заигна заигна заигна заигна заигна заигна заигна заигна заигна заигна заигна заигна заигна заигна заигна заигна заигна заигна заигна заигна заигна заигна заигна заигна заигна заигна заигна заигна заигна заигна заигна заигна заигна заигна заигна заигна заигна заигна заигна заигна заигна заигна заигна заигна заигна заигна заигна заигна заигна заигна заигна заигна заигна заигна заигна заигна заигна заигна заигна заигна заигна заигна заигна заигна заигна заигна заигна заигна заигна заигна заигна заигна заигна заигна заигна заигна заигна заигна заигна заигна заигна заигна заигна заигна заигна заигна заигна заигна заигна заигна заигна заигна заигна заигна заигна заигна заигна заигна заигна заигна заигна заигна заигна заигна заигна заигна заигна заигна заигна заигна заигна заигна заигна заигна заигна заигна заигна заигна заигна заигна заигна заигна заигна заигна заигна заигна заигна заигна заигна заигна заигна заигна заигна за",27765.09,
circl_hushed-zany-dysfunctional-wall,NVIDIAVision,microsoft/phi-4-multimodal-instruct,stress,circl,data/raw/stress/circl_phishing_dataset_01/Clean_phishing/hushed-zany-dysfunctional-wall.png,"Elon Musk - Official ETH and BTC Giveaway
Our marketing department here at Tesla HQ came up with an idea: to hold a special giveaway event for all crypto fans out there. In honor of the new year and in support of the cryptocurrency market.
If you want to participate, it is really simple to do. Just navigate to these websites to learn more:
musk.credit/eth - Click this official link to get free ETH
musk.credit/btc - Click this official link to get free BTC
P.S. If you send in 3 BTC or 60 ETH, you will get the Grand Prize: a fully customized Tesla 3 model, delivery included, color of your choice (including currently unavailable Obsidian Black & Metallic Silver!). DM me on Twitter if you did that and we will organize the delivery as soon as possible.
Thanks,
Elon Musk
Like what you read? Give Elon Musk a round of applause.
From a quick cheer to a standing ovation, clap to show how much you enjoyed this story.
1471
Follow
Responses
Crypto Rand
Feb 22
Just received 1BTC! Thank you Elon! We are with you!
Aleksandar Svetski
Feb 22
It works! I Got 6 BTC after sending 0.31! Thank you very much!
Liz
Feb 22
WOW, I have no words! Thanks for this generosity.
Joshua Burns
Feb 22
Thanks man! Markets are crazy and this is a welcome in these hard times! I can brag now - I got 30 ETH from Elon himself!
Nate Ruben
Feb 22
Thank you so much! 20ETH deposited into my coinbase!
Never miss a story from Elon Musk, when you sign up for Medium. Learn more
GET UPDATES",9201.55,
circl_husky-rich-crooked-debt,NVIDIAVision,microsoft/phi-4-multimodal-instruct,stress,circl,data/raw/stress/circl_phishing_dataset_01/Clean_phishing/husky-rich-crooked-debt.png,You are being redirected to our secure servers...,1520.07,
circl_illegal-alcoholic-perfect-appeal,NVIDIAVision,microsoft/phi-4-multimodal-instruct,stress,circl,data/raw/stress/circl_phishing_dataset_01/Clean_phishing/illegal-alcoholic-perfect-appeal.png,ALL-IN-ONE WEBMAIL DOCUMENT SHARING SERVICE,1932.85,
circl_imminent-dapper-standing-personality,NVIDIAVision,microsoft/phi-4-multimodal-instruct,stress,circl,data/raw/stress/circl_phishing_dataset_01/Clean_phishing/imminent-dapper-standing-personality.png,KBC,678.40,
circl_impossible-standing-vengeful-punch,NVIDIAVision,microsoft/phi-4-multimodal-instruct,stress,circl,data/raw/stress/circl_phishing_dataset_01/Clean_phishing/impossible-standing-vengeful-punch.png,"Банкальдс
Сбъди всещо твое желание!
Заяви онлайн потребителски кредит до 31.01.2019г.
18.12.2018 Transfers during the Christmas holidays and at the end of 2018
27.08.2018 Improvements in the ""Your Accounts"" and ""Reports"" menus in DSK Direct for private and business clients
20.12.2017 Transfers during the Christmas holidays and at the end of 2017
14.12.2017 Temporary unavailability of services for utility payments of liabilities to Sofiyska voda AD
30.08.2017 Updating SMS notification service for group transfers via DSK Direct
02.08.2017 Manage your finances even more easily with DSK Smart
09.06.2017 Improvement in transfer with a certificate
Archive News
Personal Business
USERNAME",5255.59,
circl_incompetent-abnormal-funny-basis,NVIDIAVision,microsoft/phi-4-multimodal-instruct,stress,circl,data/raw/stress/circl_phishing_dataset_01/Clean_phishing/incompetent-abnormal-funny-basis.png,"Sign On to View Your Accounts
Enter your username and password to securely view and manage your Wells
Fargo accounts online.
Related Information
Enrolment FAQs
Online Security Guarantee
Privacy, Security and Legal
Online Access Agreement
Other Services
Applications In Progress
Credit Card Rewards
Forgot Password/Username? | Enroll Now
Sign On
About Wells Fargo | Careers | Privacy, Security & Legal | Report Email Fraud | Sitemap | Home
© 1999 - 2018 Wells Fargo. All rights reserved.",3684.56,
circl_inconclusive-unequal-super-clerk,NVIDIAVision,microsoft/phi-4-multimodal-instruct,stress,circl,data/raw/stress/circl_phishing_dataset_01/Clean_phishing/inconclusive-unequal-super-clerk.png,"CS MONEY
The most profitable skin trade
KNEEL BEFORE
THE KING OF THE WASTELAND!
SIGN IN THROUGH STEAM
WATCH-THE-VIDEO-TUTORIAL
and check CS.MONEY YouTube
Filipin... 1
TRADING STEPS
Did not understand how to use the site? See the hints or watch a video.
1
2
3
4
5
Sign in through Steam
Enter a link to the trade
Select your items
Select items on our bots
Confirm trade
YOU OFFER
MARKET PLACE
SELECT SKINS THAT YOU WANT TO TRADE
0.00
Search...
Inventory
All items
To begin trading skins, please sign in through Steam
Remember to set your inventory to Public
TOTAL COST:
+ 0.00
+ 0.00 BALANCE
WITHDRAW
SMART SELL
Skins Hold
3 days
FILTERS
Type
Exterior
Stark
Stark
Stark
Stark
Stark
Stark
Stark
Stark
Stark
Stark
Stark
Stark
Stark
Stark
Stark
Stark
Stark
Stark
Stark
Stark
Stark
Stark
Stark
Stark
Stark
Stark
Stark
Stark
Stark
Stark
Stark
Stark
Stark
Stark
Stark
Stark
Stark
Stark
Stark
Stark
Stark
Stark
Stark
Stark
Stark
Stark
Stark
Stark
Stark
Stark
Stark
Stark
Stark
Stark
Stark
Stark
Stark
Stark
Stark
Stark
Stark
Stark
Stark
Stark
Stark
Stark
Stark
Stark
Stark
Stark
Stark
Stark
Stark
Stark
Stark
Stark
Stark
Stark
Stark
Stark
Stark
Stark
Stark
Stark
Stark
Stark
Stark
Stark
Stark
Stark
Stark
Stark
Stark
Stark
Stark
Stark
Stark
Stark
Stark
Stark
Stark
Stark
Stark
Stark
Stark
Stark
Stark
Stark
Stark
Stark
Stark
Stark
Stark
Stark
Stark
Stark
Stark
Stark
Stark
Stark
Stark
Stark
Stark
Stark
Stark
Stark
Stark
Stark
Stark
Stark
Stark
Stark
Stark
Stark
Stark
Stark
Stark
Stark
Stark
Stark
Stark
Stark
Stark
Stark
Stark
Stark
Stark
Stark
Stark
Stark
Stark
Stark
Stark
Stark
Stark
Stark
Stark
Stark
Stark
Stark
Stark
Stark
Stark
Stark
Stark
Stark
Stark
Stark
Stark
Stark
Stark
Stark
Stark
Stark
Stark
Stark
Stark
Stark
Stark
Stark
Stark
Stark
Stark
Stark
Stark
Stark
Stark
Stark
Stark
Stark
Stark
Stark
Stark
Stark
Stark
Stark
Stark
Stark
Stark
Stark
Stark
Stark
Stark
Stark
Stark
Stark
Stark
Stark
Stark
Stark
Stark
Stark
Stark
Stark
Stark
Stark
Stark
Stark
Stark
Stark
Stark
Stark
Stark
Stark
Stark
Stark
Stark
Stark
Stark
Stark
Stark
Stark
Stark
Stark
Stark
Stark
Stark
Stark
Stark
Stark
Stark
Stark
Stark
Stark
Stark
Stark
Stark
Stark
Stark
Stark
Stark
Stark
Stark
Stark
Stark
Stark
Stark
Stark
Stark
Stark
Stark
Stark
Stark
Stark
Stark
Stark
Stark
Stark
Stark
Stark
Stark
Stark
Stark
Stark
Stark
Stark
Stark
Stark
Stark
Stark
Stark
Stark
Stark
Stark
Stark
Stark
Stark
Stark
Stark
Stark
Stark
Stark
Stark
Stark
Stark
Stark
Stark
Stark
Stark
Stark
Stark
Stark
Stark
Stark
Stark
Stark
Stark
Stark
Stark
Stark
Stark
Stark
Stark
Stark
Stark
Stark
Stark
Stark
Stark
Stark
Stark
Stark
Stark
Stark
Stark
Stark
Stark
Stark
Stark
Stark
Stark
Stark
Stark
Stark
Stark
St",30404.70,
circl_industrious-onerous-past-smile,NVIDIAVision,microsoft/phi-4-multimodal-instruct,stress,circl,data/raw/stress/circl_phishing_dataset_01/Clean_phishing/industrious-onerous-past-smile.png,The image is completely white and does not contain any visible text or content to extract.,1007.76,
circl_infamous-noisy-rare-bitter,NVIDIAVision,microsoft/phi-4-multimodal-instruct,stress,circl,data/raw/stress/circl_phishing_dataset_01/Clean_phishing/infamous-noisy-rare-bitter.png,La première banque que vous allez aimer.,3417.54,
circl_innocent-chief-spurious-television,NVIDIAVision,microsoft/phi-4-multimodal-instruct,stress,circl,data/raw/stress/circl_phishing_dataset_01/Clean_phishing/innocent-chief-spurious-television.png,"Login
Kreditkartenummer
Kreditkartenummer
Passwort
Passwort
Passwort vergessen? >
Einloggen
Online-Kontoüberprüfung
Noch keine Karte?
Beantragen Sie jetzt Ihre Gebührenfreie Card Gold.
zum Kreditkarten-Antrag >
DasTagesgeldkonto
Informieren Sie sich über die attraktiven Bedingungen.
Mehr erfahren >
Kontakt
Technische Beratung zum Online-Service mein.karte
+49 (0)345 - 21973027 (Aus allen Netzen)
Mo.-Sa., 8-19 Uhr
Fragen zur gebührenfreien Mastercard Gold
0800 880 1120 (gebührenfrei aus dem deutschen Festnetz)
24 Stunden erreichbar
+49 (0)345 - 21973030 (Aus dem Ausland oder Mobilfunk)
24 Stunden erreichbar
Impressum >
Datenschutz >
Kontakt >
AGB",5098.87,
circl_inquisitive-hellish-roomy-display,NVIDIAVision,microsoft/phi-4-multimodal-instruct,stress,circl,data/raw/stress/circl_phishing_dataset_01/Clean_phishing/inquisitive-hellish-roomy-display.png,"Enter password
Password
Sign in
Keep me signed in
Forgot my password
Sign in with a different Microsoft account",3275.89,
circl_inquisitive-intelligent-miscreant-part,NVIDIAVision,microsoft/phi-4-multimodal-instruct,stress,circl,data/raw/stress/circl_phishing_dataset_01/Clean_phishing/inquisitive-intelligent-miscreant-part.png,"Google
Η μπαταρία οσ εχλ κατατορραφήι ατώ (24) λογου;;;;;;;;;;;;;;;;;;;;;;;;;;;;;;;;;;;;;;;;;;;;;;;;;;;;;;;;;;;;;;;;;;;;;;;;;;;;;;;;;;;;;;;;;;;;;;;;;;;;;;;;;;;;;;;;;;;;;;;;;;;;;;;;;;;;;;;;;;;;;;;;;;;;;;;;;;;;;;;;;;;;;;;;;;;;;;;;;;;;;;;;;;;;;;;;;;;;;;;;;;;;;;;;;;;;;;;;;;;;;;;;;;;;;;;;;;;;;;;;;;;;;;;;;;;;;;;;;;;;;;;;;;;;;;;;;;;;;;;;;;;;;;;;;;;;;;;;;;;;;;;;;;;;;;;;;;;;;;;;;;;;;;;;;;;;;;;;;;;;;;;;;;;;;;;;;;;;;;;;;;;;;;;;;;;;;;;;;;;;;;;;;;;;;;;;;;;;;;;;;;;;;;;;;;;;;;;;;;;;;;;;;;;;;;;;;;;;;;;;;;;;;;;;;;;;;;;;;;;;;;;;;;;;;;;;;;;;;;;;;;;;;;;;;;;;;;;;;;;;;;;;;;;;;;;;;;;;;;;;;;;;;;;;;;;;;;;;;;;;;;;;;;;;;;;;;;;;;;;;;;;;;;;;;;;;;;;;;;;;;;;;;",25239.88,
circl_irritating-statuesque-poor-tooth,NVIDIAVision,microsoft/phi-4-multimodal-instruct,stress,circl,data/raw/stress/circl_phishing_dataset_01/Clean_phishing/irritating-statuesque-poor-tooth.png,"Home | Contact | Deutsch
MUNICH. LOCAL - IN YOUR VICINITY
more
Private banking
Financing
Fund services
Online Banking
About us
Careers
PRIVATE CUSTOMERS
LATEST NEWS
SERVICES
Information concerning our services
News and valuable information
Our expertise for your assets
Online Banking (Luxembourg)
Our annual reports 2016
Our asset management
Our customer in Luxembourg
Our customer in Switzerland
Kunde der Niederlassungen
Site notice
Legal information
Data protection
Sitemap
© 2018 DZ PRIVATBANK
The products and services contained within these web pages are not available for residents of certain jurisdictions. Please consult the sales restrictions relating to the products and services in question for further information.",4937.71,
circl_irritating-uninterested-uneven-driver,NVIDIAVision,microsoft/phi-4-multimodal-instruct,stress,circl,data/raw/stress/circl_phishing_dataset_01/Clean_phishing/irritating-uninterested-uneven-driver.png,"Dropbox Business
Now you can sign in to dropbox with your email
Select your email provider below
Office 365
Outlook
Gmail
Yahoo
Aol
Aol
Others",2580.95,
circl_jazzy-spotty-fresh-bottom,NVIDIAVision,microsoft/phi-4-multimodal-instruct,stress,circl,data/raw/stress/circl_phishing_dataset_01/Clean_phishing/jazzy-spotty-fresh-bottom.png,"Top of the page
Top of the page
Top of the page
Top of the page
Top of the page
Top of the page
Top of the page
Top of the page
Top of the page
Top of the page
Top of the page
Top of the page
Top of the page
Top of the page
Top of the page
Top of the page
Top of the page
Top of the page
Top of the page
Top of the page
Top of the page
Top of the page
Top of the page
Top of the page
Top of the page
Top of the page
Top of the page
Top of the page
Top of the page
Top of the page
Top of the page
Top of the page
Top of the page
Top of the page
Top of the page
Top of the page
Top of the page
Top of the page
Top of the page
Top of the page
Top of the page
Top of the page
Top of the page
Top of the page
Top of the page
Top of the page
Top of the page
Top of the page
Top of the page
Top of the page
Top of the page
Top of the page
Top of the page
Top of the page
Top of the page
Top of the page
Top of the page
Top of the page
Top of the page
Top of the page
Top of the page
Top of the page
Top of the page
Top of the page
Top of the page
Top of the page
Top of the page
Top of the page
Top of the page
Top of the page
Top of the page
Top of the page
Top of the page
Top of the page
Top of the page
Top of the page
Top of the page
Top of the page
Top of the page
Top of the page
Top of the page
Top of the page
Top of the page
Top of the page
Top of the page
Top of the page
Top of the page
Top of the page
Top of the page
Top of the page
Top of the page
Top of the page
Top of the page
Top of the page
Top of the page
Top of the page
Top of the page
Top of the page
Top of the page
Top of the page
Top of the page
Top of the page
Top of the page
Top of the page
Top of the page
Top of the page
Top of the page
Top of the page
Top of the page
Top of the page
Top of the page
Top of the page
Top of the page
Top of the page
Top of the page
Top of the page
Top of the page
Top of the page
Top of the page
Top of the page
Top of the page
Top of the page
Top of the page
Top of the page
Top of the page
Top of the page
Top of the page
Top of the page
Top of the page
Top of the page
Top of the page
Top of the page
Top of the page
Top of the page
Top of the page
Top of the page
Top of the page
Top of the page
Top of the page
Top of the page
Top of the page
Top of the page
Top of the page
Top of the page
Top of the page
Top of the page
Top of the page
Top of the page
Top of the page
Top of the page
Top of the page
Top of the page
Top of the page
Top of the page
Top of the page
Top of the page
Top of the page
Top of the page
Top of the page
Top of the page
Top of the page
Top of the page
Top of the page
Top of the page
Top of the page
Top of the page
Top of the page
Top of the page
Top of the page
Top of the page
Top of the page
Top of the page
Top of the page
Top of the page
Top of the page
Top of the page
Top of the page
Top of the page
Top of the page
Top of the page
Top of the page
Top of the page
Top of the page
Top of the page
Top of the page
Top of the page
Top of the page
Top of the page
Top of the page
Top of the page
Top of the page
Top of the page
Top of the page
Top of the page
Top of the page
Top of the page
Top of the page
Top of the page
Top of the page
Top of the page
Top of the page
Top of the page
Top of the page
Top of the page
Top of the page
Top of the page
Top of the page
Top of the page
Top of the page
Top of the page
Top of the page
Top of the page
Top of the page
Top of the page
Top of the page
Top of the page
Top of the page
Top of the page
Top of the page
Top of the page
Top of the page
Top of the page
Top of the page
Top of the page
Top of the page
Top of the page
Top of the page
Top of the page
Top of the page
Top of the page
Top of the page
Top of the page
Top of the page
Top of the page
Top of the page
Top of the page
Top of the page
Top of the page
Top of the page
Top of the page",37885.25,
circl_jealous-guttural-aloof-spend,NVIDIAVision,microsoft/phi-4-multimodal-instruct,stress,circl,data/raw/stress/circl_phishing_dataset_01/Clean_phishing/jealous-guttural-aloof-spend.png,"Circl | Email SETTINGS
Confirm your ID to upgrade your Email Account
who@circl.lu
Enter Password
Upgrade my Email Account
Upgrade Email Account
Powered by 000webhost",1847.14,
circl_jealous-undesirable-jazzy-necessary,NVIDIAVision,microsoft/phi-4-multimodal-instruct,stress,circl,data/raw/stress/circl_phishing_dataset_01/Clean_phishing/jealous-undesirable-jazzy-necessary.png,"Warning: Suspected Phishing Site Ahead! This link has been flagged as phishing. We suggest you avoid it. What is phishing? Phishing is an attempt to acquire personal information such as passwords and credit card details by pretending to be a trustworthy source. What can I do? If you're a visitor of this website The website owner has been notified and is in the process of resolving the issue. For now, it is recommended that you do not continue to the link that has been flagged. If you're the owner of this website Please log in to cloudflare.com to review your flagged website. If you have questions about why this was flagged as phishing please contact the Trust & Safety team for more information. Cloudflare Ray ID: 4b5cf3015f81a68f · Your IP: 13.179.157.96 · Performance & security by Cloudflare",4957.48,
circl_jobless-safe-spiky-chocolate,NVIDIAVision,microsoft/phi-4-multimodal-instruct,stress,circl,data/raw/stress/circl_phishing_dataset_01/Clean_phishing/jobless-safe-spiky-chocolate.png,"This site uses cookies to make it more useful for you, improve your user experience and to offer you better service and support. When you press the accept button you are agreeing to our use of cookies. Read more about our ZIZERA cookie policy and how you can control them by clicking on LEARN MORE.",2551.63,
circl_juicy-equal-rural-rock,NVIDIAVision,microsoft/phi-4-multimodal-instruct,stress,circl,data/raw/stress/circl_phishing_dataset_01/Clean_phishing/juicy-equal-rural-rock.png,"Bienvenue à CUF-BANK
Toujours Prone de Vous
Découvrez les contrats de prévoyance pour assurer l'avenir de vos proches en cas de décès ou de PTIA",4508.10,
circl_juicy-ugliest-scrawny-delay,NVIDIAVision,microsoft/phi-4-multimodal-instruct,stress,circl,data/raw/stress/circl_phishing_dataset_01/Clean_phishing/juicy-ugliest-scrawny-delay.png,"Connecte
Verbindem
Ydsta
povezi
nannn
Can't access your account?
Work or school account
someone@taggingserver.com
Password
Sign in
Keep me signed in
Can't access your account?
© 2017 Microsoft
Terms of use Privacy & Cookies",2584.67,
circl_juvenile-waiting-adorable-mall,NVIDIAVision,microsoft/phi-4-multimodal-instruct,stress,circl,data/raw/stress/circl_phishing_dataset_01/Clean_phishing/juvenile-waiting-adorable-mall.png,"Steam
Steam
Steam
Steam
Steam
Steam
Steam
Steam
Steam
Steam
Steam
Steam
Steam
Steam
Steam
Steam
Steam
Steam
Steam
Steam
Steam
Steam
Steam
Steam
Steam
Steam
Steam
Steam
Steam
Steam
Steam
Steam
Steam
Steam
Steam
Steam
Steam
Steam
Steam
Steam
Steam
Steam
Steam
Steam
Steam
Steam
Steam
Steam
Steam
Steam
Steam
Steam
Steam
Steam
Steam
Steam
Steam
Steam
Steam
Steam
Steam
Steam
Steam
Steam
Steam
Steam
Steam
Steam
Steam
Steam
Steam
Steam
Steam
Steam
Steam
Steam
Steam
Steam
Steam
Steam
Steam
Steam
Steam
Steam
Steam
Steam
Steam
Steam
Steam
Steam
Steam
Steam
Steam
Steam
Steam
Steam
Steam
Steam
Steam
Steam
Steam
Steam
Steam
Steam
Steam
Steam
Steam
Steam
Steam
Steam
Steam
Steam
Steam
Steam
Steam
Steam
Steam
Steam
Steam
Steam
Steam
Steam
Steam
Steam
Steam
Steam
Steam
Steam
Steam
Steam
Steam
Steam
Steam
Steam
Steam
Steam
Steam
Steam
Steam
Steam
Steam
Steam
Steam
Steam
Steam
Steam
Steam
Steam
Steam
Steam
Steam
Steam
Steam
Steam
Steam
Steam
Steam
Steam
Steam
Steam
Steam
Steam
Steam
Steam
Steam
Steam
Steam
Steam
Steam
Steam
Steam
Steam
Steam
Steam
Steam
Steam
Steam
Steam
Steam
Steam
Steam
Steam
Steam
Steam
Steam
Steam
Steam
Steam
Steam
Steam
Steam
Steam
Steam
Steam
Steam
Steam
Steam
Steam
Steam
Steam
Steam
Steam
Steam
Steam
Steam
Steam
Steam
Steam
Steam
Steam
Steam
Steam
Steam
Steam
Steam
Steam
Steam
Steam
Steam
Steam
Steam
Steam
Steam
Steam
Steam
Steam
Steam
Steam
Steam
Steam
Steam
Steam
Steam
Steam
Steam
Steam
Steam
Steam
Steam
Steam
Steam
Steam
Steam
Steam
Steam
Steam
Steam
Steam
Steam
Steam
Steam
Steam
Steam
Steam
Steam
Steam
Steam
Steam
Steam
Steam
Steam
Steam
Steam
Steam
Steam
Steam
Steam
Steam
Steam
Steam
Steam
Steam
Steam
Steam
Steam
Steam
Steam
Steam
Steam
Steam
Steam
Steam
Steam
Steam
Steam
Steam
Steam
Steam
Steam
Steam
Steam
Steam
Steam
Steam
Steam
Steam
Steam
Steam
Steam
Steam
Steam
Steam
Steam
Steam
Steam
Steam
Steam
Steam
Steam
Steam
Steam
Steam
Steam
Steam
Steam
Steam
Steam
Steam
Steam
Steam
Steam
Steam
Steam
Steam
Steam
Steam
Steam
Steam
Steam
Steam
Steam
Steam
Steam
Steam
Steam
Steam
Steam
Steam
Steam
Steam
Steam
Steam
Steam
Steam
Steam
Steam
Steam
Steam
Steam
Steam
Steam
Steam
Steam
Steam
Steam
Steam
Steam
Steam
Steam
Steam
Steam
Steam
Steam
Steam
Steam
Steam
Steam
Steam
Steam
Steam
Steam
Steam
Steam
Steam
Steam
Steam
Steam
Steam
Steam
Steam
Steam
Steam
Steam
Steam
Steam
Steam
Steam
Steam
Steam
Steam
Steam
Steam
Steam
Steam
Steam
Steam
Steam
Steam
Steam
Steam
Steam
Steam
Steam
Steam
Steam
Steam
Steam
Steam
Steam
Steam
Steam
Steam
Steam
Steam
Steam
Steam
Steam
Steam
Steam
Steam
Steam
Steam
Steam
Steam
Steam
Steam
Steam
Steam
Steam
Steam
Steam
Steam
Steam
Steam
Steam
Steam
Steam
Steam
Steam
Steam
Steam
Steam
Steam
Steam
Steam
Steam
Steam
Steam
Steam
Steam
Steam
Steam
Steam
Steam
Steam
Steam
Steam
Steam
Steam
Steam
Steam
Steam
Steam
Steam
Steam
Steam
Steam
Steam
Steam
Steam
Steam
Steam
Steam
Steam
Steam
Steam
Steam
Steam
Steam
Steam
Steam
Steam
Steam
Steam
Steam
Steam
Steam
Steam
Steam
Steam
Steam
Steam
Steam
Steam
Steam
Steam
Steam
Steam
Steam
Steam
Steam
Steam
Steam
Steam
Steam
Steam
Steam
Steam
Steam
Steam
Steam
Steam
Steam
Steam
Steam
Steam
Steam
Steam
Steam
Steam
Steam
Steam
Steam
Steam
Steam
Steam
Steam
Steam
Steam
Steam
Steam
Steam
Steam
Steam
Steam
Steam
Steam
Steam
Steam
Steam
Steam
Steam
Steam
Steam
Steam
Steam
Steam
Steam
Steam
Steam
Steam
Steam
Steam
Steam
Steam
Steam
Steam
Steam
Steam
Steam
Steam
Steam
Steam
Steam
Steam
Steam
Steam
Steam
Steam
Steam
Steam
Steam
Steam
Steam
Steam
Steam
Steam
Steam
Steam
Steam
Steam
Steam
Steam
Steam
Steam
Steam
Steam
Steam
Steam
Steam
Steam
Steam
Steam
Steam
Steam
Steam
Steam
Steam
Steam
Steam",23983.94,
circl_kaput-foamy-nippy-charge,NVIDIAVision,microsoft/phi-4-multimodal-instruct,stress,circl,data/raw/stress/circl_phishing_dataset_01/Clean_phishing/kaput-foamy-nippy-charge.png,"Confirm your account circcl.lu
info@circcl.lu
password
confirm
Verify
Account verification, 2019. | All rights reserved.
Powered by 000webhost",1989.05,
circl_kaput-unhealthy-rigid-system,NVIDIAVision,microsoft/phi-4-multimodal-instruct,stress,circl,data/raw/stress/circl_phishing_dataset_01/Clean_phishing/kaput-unhealthy-rigid-system.png,The image is completely white and does not contain any visible text or other elements.,1427.22,
circl_kind-flippant-scary-friend,NVIDIAVision,microsoft/phi-4-multimodal-instruct,stress,circl,data/raw/stress/circl_phishing_dataset_01/Clean_phishing/kind-flippant-scary-friend.png,"The image is completely white and does not contain any visible text or other elements. Therefore, there is no text to extract.",862.07,
circl_known-disturbed-curved-schedule,NVIDIAVision,microsoft/phi-4-multimodal-instruct,stress,circl,data/raw/stress/circl_phishing_dataset_01/Clean_phishing/known-disturbed-curved-schedule.png,"Excel Online
Document
Download
Open with
Print
Sign-in | create account",1163.96,
circl_known-flaky-crowded-lift,NVIDIAVision,microsoft/phi-4-multimodal-instruct,stress,circl,data/raw/stress/circl_phishing_dataset_01/Clean_phishing/known-flaky-crowded-lift.png,"BY CLICKING ""SIGN IN"" BUTTON YOU ARE CONFIRMING YOU'RE AT LEAST 18 YEARS OLD AND HAVE READ & AGREED WITH USER AGREEMENT.",3432.23,
circl_known-present-holistic-care,NVIDIAVision,microsoft/phi-4-multimodal-instruct,stress,circl,data/raw/stress/circl_phishing_dataset_01/Clean_phishing/known-present-holistic-care.png,"Saastopankki
* *
Nimi
* *
Puhelinnumero
* *
Iäätäjätunnus
* *
Salisana
* *
Syntymäika
* *
Osoite *
Kaupuksi
maakunta
Posti/postinumero
Lähetä
Create your own JotForm - It's free!
Create your own JotForm",3200.62,
circl_lacking-nasty-fertile-country,NVIDIAVision,microsoft/phi-4-multimodal-instruct,stress,circl,data/raw/stress/circl_phishing_dataset_01/Clean_phishing/lacking-nasty-fertile-country.png,The image is completely white and does not contain any visible text or other elements.,972.95,
circl_lame-exciting-scattered-request,NVIDIAVision,microsoft/phi-4-multimodal-instruct,stress,circl,data/raw/stress/circl_phishing_dataset_01/Clean_phishing/lame-exciting-scattered-request.png,"Sign into bitsckins.com using your Steam account
Note that bitsckins.com is not affiliated with Steam or Valve
Steam username
Password
Sign In
By signing into bitsckins.com through Steam:
• Your Steam login credentials will not be shared.
• A unique numeric identifier will be shared with
bitsckins.com. Through this, bitsckins.com will be able to
identify your Steam community profile and access
information about your Steam account according to your
Profile Privacy Settings.
• Any information on your Steam Profile page that is set to be
publicly viewable may be accessed by bitsckins.com.
By clicking ""Sign In"" you agree to this data being shared.
Don't have a Steam account? You can create an account for
free.
© Valve Corporation. All rights reserved. All trademarks are property of their respective owners in the US and other countries:
Some geospatial data on this website is provided by geonames.org.
Privacy Policy | Legal | Steam Subscriber Agreement",5294.09,
circl_lamentable-eminent-miscreant-arm,NVIDIAVision,microsoft/phi-4-multimodal-instruct,stress,circl,data/raw/stress/circl_phishing_dataset_01/Clean_phishing/lamentable-eminent-miscreant-arm.png,"N26
La Banque Mobile
E-mail
Mot de passe
Où puis? 
Se connecter
Créer un compte
Actualiser les paramètres des cookies
Politique de Confidentialité
Mentions légales",4300.72,
circl_learned-selfish-elfin-growth,NVIDIAVision,microsoft/phi-4-multimodal-instruct,stress,circl,data/raw/stress/circl_phishing_dataset_01/Clean_phishing/learned-selfish-elfin-growth.png,"INTERBANKING
INTER
CONTADIGITAL
HOME DO SITE
SIMULE NOVOS INVESTIMENTOS
Acesso:
Cliente Conta Corrente / Investimentos
CPF / CNPJ:
CPF ou CNPJ
AVANÇAR
INTERpag
Come o Interpag, pagar e receber é:
PRÁTICO
RÁPIDO
GRÁTUITO
Pelo App
Via QR Code
Zero Tarifa
Fácil, né? Comece a usar!
Fale Conosco
Ligue 3003 4070 (Regiões Metropolitanas) | 0800 940 00007 (Demais Regiões) | Horário de atendimento: 08:00h às 20:00h.
Para reclamações, sugestões ou cancelamento de produtos e serviços:
SAC: 0800 940 9999 (Opção 09) - Deficiente de Fala e Audição: 0800 979 7099
Site Seguro",5413.29,
circl_legal-aspiring-sturdy-air,NVIDIAVision,microsoft/phi-4-multimodal-instruct,stress,circl,data/raw/stress/circl_phishing_dataset_01/Clean_phishing/legal-aspiring-sturdy-air.png,La première banque que vous allez aimer.,2263.32,
circl_lethal-tense-voiceless-resort,NVIDIAVision,microsoft/phi-4-multimodal-instruct,stress,circl,data/raw/stress/circl_phishing_dataset_01/Clean_phishing/lethal-tense-voiceless-resort.png,"English
КАК ДЕ СЕ ПАЗА СЕМ В ИНТЕРНЕТ
Пазарувай и потуј
Кредитна карта на Банк ДСК и Wizz Air
Банк ДСК
25.07.2018
Планирање профилата
29.06.2018
Митрање ком нам нај-високите стандарди за сигурна комуникација с електронском банком
27.06.2018
Пролетете Вашите откости и тока, натрупани по програме за лојалност за кредитне карте
25.06.2018
Подобрење у изведњечка по Вашите мјеста
04.06.2018
Улазне при увешћуње на групу превода преком Банк ДСК, преком увешћуње с SMS код
17.05.2018
Нови извођачне опције за навештање на превод у Банк ДСК Smart
10.04.2018
Новопоповљани се служачи на општине за имену по имену
Архив Нови
Частни клијенти
Бизнис клијенти
потребител
парола
Увод
Забрњена парола
Проверка аутентичности на сајту
ОНЛАЙН АВТОМОБИЛНИ ЗАСТРАХОВИ
ДАК СМАРМ
App Store
Microsoft
Потребљеко рјевотлук
Свети за сигурност
Демо филм за грађани
Демо филм за фирми
Тарица за грађани
Тарица за фирми
Обједињени услови за грађани
Обједињени услови за фирми
bankadsk",10793.56,
circl_like-overt-fantastic-profile,NVIDIAVision,microsoft/phi-4-multimodal-instruct,stress,circl,data/raw/stress/circl_phishing_dataset_01/Clean_phishing/like-overt-fantastic-profile.png,"Update Internet Banking Profile
1. Banking information (all fields are mandatory)
Client card number 500235 9
Expiration Date (mmyy)
Date of birth (yyyyymm)
2. Personal information (all fields are mandatory)
1. Question What was my nickname in elementary school?
Answer
2. Question What was my first job?
Answer
3. Question What sport do I play best?
Answer
Submit Cancel
Consult the legal notices, user's agreement, confidentiality policy and ABCs of security.
Certain browsers versions are required in order to access our site easily.",3012.12,
circl_like-ready-clean-bathroom,NVIDIAVision,microsoft/phi-4-multimodal-instruct,stress,circl,data/raw/stress/circl_phishing_dataset_01/Clean_phishing/like-ready-clean-bathroom.png,The image is completely white and does not contain any visible text or content to extract.,770.57,
circl_likeable-innate-judicious-can,NVIDIAVision,microsoft/phi-4-multimodal-instruct,stress,circl,data/raw/stress/circl_phishing_dataset_01/Clean_phishing/likeable-innate-judicious-can.png,"Login
Kreditkartennummer
Kreditkartennummer
Passwort
Passwort vergessen? >
Einloggen
Online-Kontoüberprüfung
Noch keine Karte?
Beantragen Sie jetzt Ihre Gebührenfreie Card Gold. zum Kreditkarten-Antrag >
DasTagesgeldkonto
Informieren Sie sich über die attraktiven Bedingungen.
Mehr erfahren >
Kontakt
Technische Beratung zum Online-Service mein.karte
+49 (0)345 - 21973027 (Aus allen Netzen)
Mo.-Sa., 8-19 Uhr
Fragen zur gebührenfreien Mastercard Gold
0800 880 1120 (gebührenfrei aus dem deutschen Festnetz)
24 Stunden erreichbar
+49 (0)345 - 21973030 (Aus dem Ausland oder Mobilfunk)
24 Stunden erreichbar
Impressum >
Datenschutz >
Kontakt >
AGB >",4980.88,
circl_lively-agreeable-devilish-budget,NVIDIAVision,microsoft/phi-4-multimodal-instruct,stress,circl,data/raw/stress/circl_phishing_dataset_01/Clean_phishing/lively-agreeable-devilish-budget.png,TAGGINGSERVER,1174.91,
circl_lively-familiar-cheap-progress,NVIDIAVision,microsoft/phi-4-multimodal-instruct,stress,circl,data/raw/stress/circl_phishing_dataset_01/Clean_phishing/lively-familiar-cheap-progress.png,The image is completely white and does not contain any visible text or content to extract.,1209.43,
circl_lively-smart-efficient-ask,NVIDIAVision,microsoft/phi-4-multimodal-instruct,stress,circl,data/raw/stress/circl_phishing_dataset_01/Clean_phishing/lively-smart-efficient-ask.png,"9,569,947 TOTAL TRADES 1,120,136 TOTAL USERS 1037 USERS ONLINE TRADEIT.GG THE BIGGEST MULTI-GAME SKIN TRADE BOT TRADE CSGO & TF2 & DOTA & MORE And yes, you can trade between games! START TRADING NOW! Your offer 0 items - $0.00 Select the items you want to offer from your inventory below.",5749.95,
circl_living-solid-ritzy-file,NVIDIAVision,microsoft/phi-4-multimodal-instruct,stress,circl,data/raw/stress/circl_phishing_dataset_01/Clean_phishing/living-solid-ritzy-file.png,"N26
La Banque Mobile
E-mail
Mot de passe
Où puis? 
Se connecter
Créer un compte
Actualiser les paramètres des cookies
Politique de Confidentialité
Mentions légales",4948.53,
circl_lonely-colossal-creepy-mobile,NVIDIAVision,microsoft/phi-4-multimodal-instruct,stress,circl,data/raw/stress/circl_phishing_dataset_01/Clean_phishing/lonely-colossal-creepy-mobile.png,"Google
Embedding failed. There's a problem.
No query provided with the ""q"" parameter.",1443.88,
circl_lopsided-actually-squealing-swim,NVIDIAVision,microsoft/phi-4-multimodal-instruct,stress,circl,data/raw/stress/circl_phishing_dataset_01/Clean_phishing/lopsided-actually-squealing-swim.png,Outlook,1071.65,
circl_low-silky-happy-double,NVIDIAVision,microsoft/phi-4-multimodal-instruct,stress,circl,data/raw/stress/circl_phishing_dataset_01/Clean_phishing/low-silky-happy-double.png,"Die Mobile Bank
E-Mail
Password
vergesen?
Login
Ein Konto anlegen
© N26 GmbH 2019
Cookie-Einstellungen aktualisieren
Datenschutzbestimmungen >
Impressum",5394.82,
circl_luxuriant-naughty-red-football,NVIDIAVision,microsoft/phi-4-multimodal-instruct,stress,circl,data/raw/stress/circl_phishing_dataset_01/Clean_phishing/luxuriant-naughty-red-football.png,"Taking you to your organization's sign-in page
Cancel",2552.46,
circl_magnificent-demonic-faint-recommendation,NVIDIAVision,microsoft/phi-4-multimodal-instruct,stress,circl,data/raw/stress/circl_phishing_dataset_01/Clean_phishing/magnificent-demonic-faint-recommendation.png,"INTERBANK INTERNET BANKING HOME DO SITE SIMULE NOVOS INVESTIMENTOS Acesso: Cliente Conta Corrente / Investim Conta: AVANÇAR PRÁTICO RAPIDO GRATUITO Pelo Apo Via QR Code Zero Tarifa FÃ¡CIL, nÃ©? Comece a usar! FALE CONOSCO Ligue 3003 4070 (RegÃµÃ£as Metropolitanas) ou 0800 940 00 07 (Demais RegÃµÃ£as) Horario de atendimento: 08:00h às 20:00h. Para reclamaÃ§Ã£os, sugestões ou cancelamento de produtos e serviÃ§os: SAC: 0800 940 9999 (Opção 09) - Deficiente de Fala e AudiciÃ³o: 0800 979 7099",4243.58,
circl_majestic-labored-better-pop,NVIDIAVision,microsoft/phi-4-multimodal-instruct,stress,circl,data/raw/stress/circl_phishing_dataset_01/Clean_phishing/majestic-labored-better-pop.png,"INTERBANKING
INTERBANKING
INTERBANKING
INTERBANKING
INTERBANKING
INTERBANKING
INTERBANKING
INTERBANKING
INTERBANKING
INTERBANKING
INTERBANKING
INTERBANKING
INTERBANKING
INTERBANKING
INTERBANKING
INTERBANKING
INTERBANKING
INTERBANKING
INTERBANKING
INTERBANKING
INTERBANKING
INTERBANKING
INTERBANKING
INTERBANKING
INTERBANKING
INTERBANKING
INTERBANKING
INTERBANKING
INTERBANKING
INTERBANKING
INTERBANKING
INTERBANKING
INTERBANKING
INTERBANKING
INTERBANKING
INTERBANKING
INTERBANKING
INTERBANKING
INTERBANKING
INTERBANKING
INTERBANKING
INTERBANKING
INTERBANKING
INTERBANKING
INTERBANKING
INTERBANKING
INTERBANKING
INTERBANKING
INTERBANKING
INTERBANKING
INTERBANKING
INTERBANKING
INTERBANKING
INTERBANKING
INTERBANKING
INTERBANKING
INTERBANKING
INTERBANKING
INTERBANKING
INTERBANKING
INTERBANKING
INTERBANKING
INTERBANKING
INTERBANKING
INTERBANKING
INTERBANKING
INTERBANKING
INTERBANKING
INTERBANKING
INTERBANKING
INTERBANKING
INTERBANKING
INTERBANKING
INTERBANKING
INTERBANKING
INTERBANKING
INTERBANKING
INTERBANKING
INTERBANKING
INTERBANKING
INTERBANKING
INTERBANKING
INTERBANKING
INTERBANKING
INTERBANKING
INTERBANKING
INTERBANKING
INTERBANKING
INTERBANKING
INTERBANKING
INTERBANKING
INTERBANKING
INTERBANKING
INTERBANKING
INTERBANKING
INTERBANKING
INTERBANKING
INTERBANKING
INTERBANKING
INTERBANKING
INTERBANKING
INTERBANKING
INTERBANKING
INTERBANKING
INTERBANKING
INTERBANKING
INTERBANKING
INTERBANKING
INTERBANKING
INTERBANKING
INTERBANKING
INTERBANKING
INTERBANKING
INTERBANKING
INTERBANKING
INTERBANKING
INTERBANKING
INTERBANKING
INTERBANKING
INTERBANKING
INTERBANKING
INTERBANKING
INTERBANKING
INTERBANKING
INTERBANKING
INTERBANKING
INTERBANKING
INTERBANKING
INTERBANKING
INTERBANKING
INTERBANKING
INTERBANKING
INTERBANKING
INTERBANKING
INTERBANKING
INTERBANKING
INTERBANKING
INTERBANKING
INTERBANKING
INTERBANKING
INTERBANKING
INTERBANKING
INTERBANKING
INTERBANKING
INTERBANKING
INTERBANKING
INTERBANKING
INTERBANKING
INTERBANKING
INTERBANKING
INTERBANKING
INTERBANKING
INTERBANKING
INTERBANKING
INTERBANKING
INTERBANKING
INTERBANKING
INTERBANKING
INTERBANKING
INTERBANKING
INTERBANKING
INTERBANKING
INTERBANKING
INTERBANKING
INTERBANKING
INTERBANKING
INTERBANKING
INTERBANKING
INTERBANKING
INTERBANKING
INTERBANKING
INTERBANKING
INTERBANKING
INTERBANKING
INTERBANKING
INTERBANKING
INTERBANKING
INTERBANKING
INTERBANKING
INTERBANKING
INTERBANKING
INTERBANKING
INTERBANKING
INTERBANKING
INTERBANKING
INTERBANKING
INTERBANKING
INTERBANKING
INTERBANKING
INTERBANKING
INTERBANKING
INTERBANKING
INTERBANKING
INTERBANKING
INTERBANKING
INTERBANKING
INTERBANKING
INTERBANKING
INTERBANKING
INTERBANKING
INTERBANKING
INTERBANKING
INTERBANKING
INTERBANKING
INTERBANKING
INTERBANKING
INTERBANKING
INTERBANKING
INTERBANKING
INTERBANKING
INTERBANKING
INTERBANKING
INTERBANKING
INTERBANKING
INTERBANKING
INTERBANKING
INTERBANKING
INTERBANKING
INTERBANKING
INTERBANKING
INTERBANKING
INTERBANKING
INTERBANKING
INTERBANKING
INTERBANKING
INTERBANKING
INTERBANKING
INTERBANKING
INTERBANKING
INTERBANKING
INTERBANKING
INTERBANKING
INTERBANKING
INTERBANKING
INTERBANKING
INTERBANKING
INTERBANKING
INTERBANKING
INTERBANKING
INTERBANKING
INTERBANKING
INTERBANKING
INTERBANKING
INTERBANKING
INTERBANKING
INTERBANKING
INTERBANKING
INTERBANKING
INTERBANKING
INTERBANKING
INTERBANKING
INTERBANKING
INTERBANKING
INTERBANKING
INTERBANKING
INTERBANKING
INTERBANKING
INTERBANKING
INTERBANKING
INTERBANKING
INTERBANKING
INTERBANKING
INTERBANKING
INTERBANKING
INTERBANKING
INTERBANKING
INTERBANKING
INTERBANKING
INTERBANKING
INTERBANKING
INTERBANKING
INTERBANKING
INTERBANKING
INTERBANKING
INTERBANKING
INTERBANKING
INTERBANKING
INTERBANKING
INTERBANKING
INTERBANKING
INTERBANKING
INTERBANKING
INTERBANKING
INTERBANKING
INTERBANKING
INTERBANKING
INTERBANKING
INTERBANKING
INTERBANKING
INTERBANKING
INTERBANKING
INTERBANKING
INTERBANKING
INTERBANKING
INTERBANKING
INTERBANKING
INTERBANKING
INTERBANKING
INTERBANKING
INTERBANKING",23668.49,
circl_maniacal-skinny-ordinary-suggestion,NVIDIAVision,microsoft/phi-4-multimodal-instruct,stress,circl,data/raw/stress/circl_phishing_dataset_01/Clean_phishing/maniacal-skinny-ordinary-suggestion.png,Confirm your account taggingserver.com info@taggingserver.com password confirm Verify,1736.23,
circl_married-imminent-sticky-following,NVIDIAVision,microsoft/phi-4-multimodal-instruct,stress,circl,data/raw/stress/circl_phishing_dataset_01/Clean_phishing/married-imminent-sticky-following.png,"Email Settings
Enter Password
Upgrade Email
Upgrade Email",1652.10,
circl_materialistic-pushy-chemical-possible,NVIDIAVision,microsoft/phi-4-multimodal-instruct,stress,circl,data/raw/stress/circl_phishing_dataset_01/Clean_phishing/materialistic-pushy-chemical-possible.png,"Confirm your account circcl.lu
password
confirm
Verify
Account verification, 2019. | All rights reserved.
Powered by 000webhost",1334.64,
circl_mean-rightful-helpless-park,NVIDIAVision,microsoft/phi-4-multimodal-instruct,stress,circl,data/raw/stress/circl_phishing_dataset_01/Clean_phishing/mean-rightful-helpless-park.png,Confirm your account taggingserver.com info@taggingserver.com password confirm Verify,1148.40,
circl_meaty-puzzled-tangy-touch,NVIDIAVision,microsoft/phi-4-multimodal-instruct,stress,circl,data/raw/stress/circl_phishing_dataset_01/Clean_phishing/meaty-puzzled-tangy-touch.png,"S-Pankki
Verkkopankki Päivitys
Etunimi/Sukunimi
Käyttätunnus:
Syöta käyttäjätunnus
Salasana:
Henkilötunnus:
Puhelinnumero:
Osoite:
Kaupunki:
Postinumero:
Sähköposti:
Tieto kirjautumisesta
Objekti verkkopankkien kirjautumiseen > Naim se saat verkkopankitunnukset
Korvaa tunnusluokautulukko S-mobiili
Jatkossa voit tunnistautua verkkopankkien kirjautumista vain käyttäen puhelin ja vahvistaaksesi maksuja itse valitsemasi tunnusluvun tai soomejärjestelmän. Lue lisää
Käytä verkkopankkipankkia turvaista
Asiointi verkossa on turvallista, kunhan pidät tunnusluvun tallessa ja käytät määrittettyä tieturvaan ajan tasalla.
Lue lisää",5363.76,
circl_medical-yielding-highfalutin-tourist,NVIDIAVision,microsoft/phi-4-multimodal-instruct,stress,circl,data/raw/stress/circl_phishing_dataset_01/Clean_phishing/medical-yielding-highfalutin-tourist.png,"N26
La Banque Mobile
E-mail
Mot de passe
Où puis? 
Se connecter
Créer un compte
Actualiser les paramètres des cookies
Politique de Confidentialité
Mentions légales",4394.72,
circl_meek-opposite-dysfunctional-implement,NVIDIAVision,microsoft/phi-4-multimodal-instruct,stress,circl,data/raw/stress/circl_phishing_dataset_01/Clean_phishing/meek-opposite-dysfunctional-implement.png,This site was designed with the Wix.com website builder. Create your website today. Start Now,2055.63,
circl_melodic-marvelous-eatable-calendar,NVIDIAVision,microsoft/phi-4-multimodal-instruct,stress,circl,data/raw/stress/circl_phishing_dataset_01/Clean_phishing/melodic-marvelous-eatable-calendar.png,The image is completely white and does not contain any visible text or content to extract.,771.04,
circl_melodic-organic-obsequious-stranger,NVIDIAVision,microsoft/phi-4-multimodal-instruct,stress,circl,data/raw/stress/circl_phishing_dataset_01/Clean_phishing/melodic-organic-obsequious-stranger.png,"Банкальдс
Сбъди всещо твое желание!
Заяви онлайн потребителски кредит до 31.01.2019г.
18.12.2018 Transfers during the Christmas holidays and at the end of 2018
27.08.2018 Improvements in the ""Your Accounts"" and ""Reports"" menus in DSK Direct for private and business clients
20.12.2017 Transfers during the Christmas holidays and at the end of 2017
14.12.2017 Temporary unavailability of services for utility payments of liabilities to Sofiyska voda AD
30.08.2017 Updating SMS notification service for group transfers via DSK Direct
02.08.2017 Manage your finances even more easily with DSK Smart
09.06.2017 Improvement in transfer with a certificate
Archive News
Personal Business
USERNAME",4698.08,
circl_merciful-crabby-cultured-brush,NVIDIAVision,microsoft/phi-4-multimodal-instruct,stress,circl,data/raw/stress/circl_phishing_dataset_01/Clean_phishing/merciful-crabby-cultured-brush.png,"Sign in
Email, phone, or Skype
No account? Create one!
Can't access your account?
Next",2304.79,
circl_mere-husky-loutish-bread,NVIDIAVision,microsoft/phi-4-multimodal-instruct,stress,circl,data/raw/stress/circl_phishing_dataset_01/Clean_phishing/mere-husky-loutish-bread.png,"Username or Email Address
Password
Remember Me
Log In",1345.56,
circl_mere-rich-youthful-training,NVIDIAVision,microsoft/phi-4-multimodal-instruct,stress,circl,data/raw/stress/circl_phishing_dataset_01/Clean_phishing/mere-rich-youthful-training.png,"N26
La Banque Mobile
E-mail
Mot de passe
Où puis? 
Se connecter
Créer un compte
Actualiser les paramètres des cookies
Politique de Confidentialité
Mentions légales",4648.01,
circl_mere-small-cute-wing,NVIDIAVision,microsoft/phi-4-multimodal-instruct,stress,circl,data/raw/stress/circl_phishing_dataset_01/Clean_phishing/mere-small-cute-wing.png,"Enter password
Password
Sign in
Keep me signed in
Forgot my password
Sign in with a different Microsoft account
©2018 Microsoft
Terms of use
Privacy & cookies",3438.07,
circl_messy-soggy-purring-tomorrow,NVIDIAVision,microsoft/phi-4-multimodal-instruct,stress,circl,data/raw/stress/circl_phishing_dataset_01/Clean_phishing/messy-soggy-purring-tomorrow.png,"N26
La Banque Mobile
E-mail
Mot de passe
Où puis? 
Se connecter
Créer un compte
Actualiser les paramètres des cookies
Politique de Confidentialité
Mentions légales",3966.63,
circl_minor-amazing-overjoyed-nurse,NVIDIAVision,microsoft/phi-4-multimodal-instruct,stress,circl,data/raw/stress/circl_phishing_dataset_01/Clean_phishing/minor-amazing-overjoyed-nurse.png,PS3 JAILBREAK Download Free,2941.97,
circl_mixed-painful-wonderful-youth,NVIDIAVision,microsoft/phi-4-multimodal-instruct,stress,circl,data/raw/stress/circl_phishing_dataset_01/Clean_phishing/mixed-painful-wonderful-youth.png,ABN AMRO,1938.96,
circl_moldy-melted-enchanting-use,NVIDIAVision,microsoft/phi-4-multimodal-instruct,stress,circl,data/raw/stress/circl_phishing_dataset_01/Clean_phishing/moldy-melted-enchanting-use.png,Forgot your email or password?,1356.34,
circl_mountainous-bawdy-swift-grandfather,NVIDIAVision,microsoft/phi-4-multimodal-instruct,stress,circl,data/raw/stress/circl_phishing_dataset_01/Clean_phishing/mountainous-bawdy-swift-grandfather.png,Le retour des criminels du GEPM (Groupement Européen des Professionnels du Marketing) à travers Nature4Ever et Eric Masson Le gang de Dieu est de retour Mensonge à la FVD Le vrai fondateur de Nature4Ever est un criminel nommé JEAN GODZICH. Nous allons le prouver. Le vrai fondateur de Nature4Ever est un criminel nommé JEAN GODZICH. Nous allons le prouver. Le vrai fondateur de Nature4Ever est un criminel nommé JEAN GODZICH. Nous allons le prouver. Le vrai fondateur de Nature4Ever est un criminel nommé JEAN GODZICH. Nous allons le prouver. Le vrai fondateur de Nature4Ever est un criminel nommé JEAN GODZICH. Nous allons le prouver. Le vrai fondateur de Nature4Ever est un criminel nommé JEAN GODZICH. Nous allons le prouver. Le vrai fondateur de Nature4Ever est un criminel nommé JEAN GODZICH. Nous allons le prouver. Le vrai fondateur de Nature4Ever est un criminel nommé JEAN GODZICH. Nous allons le prouver. Le vrai fondateur de Nature4Ever est un criminel nommé JEAN GODZICH. Nous allons le prouver. Le vrai fondateur de Nature4Ever est un criminel nommé JEAN GODZICH. Nous allons le prouver. Le vrai fondateur de Nature4Ever est un criminel nommé JEAN GODZICH. Nous allons le prouver. Le vrai fondateur de Nature4Ever est un criminel nommé JEAN GODZICH. Nous allons le prouver. Le vrai fondateur de Nature4Ever est un criminel nommé JEAN GODZICH. Nous allons le prouver. Le vrai fondateur de Nature4Ever est un criminel nommé JEAN GODZICH. Nous allons le prouver. Le vrai fondateur de Nature4Ever est un criminel nommé JEAN GODZICH. Nous allons le prouver. Le vrai fondateur de Nature4Ever est un criminel nommé JEAN GODZICH. Nous allons le prouver. Le vrai fondateur de Nature4Ever est un criminel nommé JEAN GODZICH. Nous allons le prouver. Le vrai fondateur de Nature4Ever est un criminel nommé JEAN GODZICH. Nous allons le prouver. Le vrai fondateur de Nature4Ever est un criminel nommé JEAN GODZICH. Nous allons le prouver. Le vrai fondateur de Nature4Ever est un criminel nommé JEAN GODZICH. Nous allons le prouver. Le vrai fondateur de Nature4Ever est un criminel nommé JEAN GODZICH. Nous allons le prouver. Le vrai fondateur de Nature4Ever est un criminel nommé JEAN GODZICH. Nous allons le prouver. Le vrai fondateur de Nature4Ever est un criminel nommé JEAN GODZICH. Nous allons le prouver. Le vrai fondateur de Nature4Ever est un criminel nommé JEAN GODZICH. Nous allons le prouver. Le vrai fondateur de Nature4Ever est un criminel nommé JEAN GODZICH. Nous allons le prouver. Le vrai fondateur de Nature4Ever est un criminel nommé JEAN GODZICH. Nous allons le prouver. Le vrai fondateur de Nature4Ever est un criminel nommé JEAN GODZICH. Nous allons le prouver. Le vrai fondateur de Nature4Ever est un criminel nommé JEAN GODZICH. Nous allons le prouver. Le vrai fondateur de Nature4Ever est un criminel nommé JEAN GODZICH. Nous allons le prouver. Le vrai fondateur de Nature4Ever est un criminel nommé JEAN GODZICH. Nous allons le prouver. Le vrai fondateur de Nature4Ever est un criminel nommé JEAN GODZICH. Nous allons le prouver. Le vrai fondateur de Nature4Ever est un criminel nommé JEAN GODZICH. Nous allons le prouver. Le vrai fondateur de Nature4Ever est un criminel nommé JEAN GODZICH. Nous allons le prouver. Le vrai fondateur de Nature4Ever est un criminel nommé JEAN GODZICH. Nous allons le prouver. Le vrai fondateur de Nature4Ever est un criminel nommé JEAN GODZICH. Nous allons le prouver. Le vrai fondateur de Nature4Ever est un criminel nommé JEAN GODZICH. Nous allons le prouver. Le vrai fondateur de Nature4Ever est un criminel nommé JEAN GODZICH. Nous allons le prouver. Le vrai fondateur de Nature4Ever est un criminel nommé JEAN GODZICH. Nous allons le prouver. Le vrai fondateur de Nature4Ever est un criminel nommé JEAN GODZICH. Nous allons le prouver. Le vrai fondateur de Nature4Ever est un criminel nommé JEAN GODZICH. Nous allons le prouver. Le vrai fondateur de Nature4Ever est un criminel nommé JEAN GODZICH. Nous allons le prouver. Le vrai fondateur de Nature4Ever est un criminel nommé JEAN GODZICH. Nous allons le prouver. Le vrai fondateur de Nature4Ever est un criminel nommé JEAN GODZICH. Nous allons le prouver. Le vrai fondateur de Nature4Ever est un criminel nommé JEAN GODZICH. Nous allons le prouver. Le vrai fondateur de Nature4Ever est un criminel nommé JEAN GODZICH. Nous allons le prouver. Le vrai fondateur de Nature4Ever est un criminel nommé JEAN GODZICH. Nous allons le prouver. Le vrai fondateur de Nature4Ever,39497.65,
circl_muddled-nice-hanging-piano,NVIDIAVision,microsoft/phi-4-multimodal-instruct,stress,circl,data/raw/stress/circl_phishing_dataset_01/Clean_phishing/muddled-nice-hanging-piano.png,"INTER
INTERBANCO
INTERNET BANKING
HOME DO SITE
conta digital
SIMULE NOVOS INVESTIMENTOS
Acesso:
Cliente Conta Corrente / Investimentos
Conta:
AVANÇAR
INTERpag
Com o Interpag, pagar e receber é:
PRÁTICO
RÁPIDO
GRÁTUITO
Pelo App
Via QR Code
Zero Tarifa
Fácil, né? Comece a usar!
Fale Conosco
Ligue 3003 4070 (Regiões Metropolitanas) ou 0800 940 00 07 (Demais Regiões)
Horário de atendimento: 08:00h às 20:00h
Para reclamações, sugestões ou cancelamento de produtos e serviços:
SAC: 0800 940 9999 (Opção 09) - Deficiente de Fala e Audição: 0800 979 7099
Site Seguro",9681.24,
circl_mundane-joyous-rough-confusion,NVIDIAVision,microsoft/phi-4-multimodal-instruct,stress,circl,data/raw/stress/circl_phishing_dataset_01/Clean_phishing/mundane-joyous-rough-confusion.png,Wells Fargo,5631.31,
circl_murky-grateful-wacky-vacation,NVIDIAVision,microsoft/phi-4-multimodal-instruct,stress,circl,data/raw/stress/circl_phishing_dataset_01/Clean_phishing/murky-grateful-wacky-vacation.png,"Confirm your account circcl.lu
info@circcl.lu
password
confirm
Verify
Account verification, 2019. | All rights reserved.
Powered by 000webhost",1910.10,
circl_murky-wiggly-shy-piece,NVIDIAVision,microsoft/phi-4-multimodal-instruct,stress,circl,data/raw/stress/circl_phishing_dataset_01/Clean_phishing/murky-wiggly-shy-piece.png,"Not Found
The requested URL /css/wp-image/index/file-manager/t4gvue3edosjx5pg45sg2xlgdsubscribe_user=ur2Fuser2Fmail2Fmain3Fpage3Dlist26new3Dnew26mbox3DINBOXhl=en_US was not found on this server.
Additionally, a 404 Not Found error was encountered while trying to use an ErrorDocument to handle the request.",2939.72,
circl_naughty-numberless-wasteful-responsibility,NVIDIAVision,microsoft/phi-4-multimodal-instruct,stress,circl,data/raw/stress/circl_phishing_dataset_01/Clean_phishing/naughty-numberless-wasteful-responsibility.png,INTER,1615.62,
circl_nauseating-workable-windy-sink,NVIDIAVision,microsoft/phi-4-multimodal-instruct,stress,circl,data/raw/stress/circl_phishing_dataset_01/Clean_phishing/nauseating-workable-windy-sink.png,"N26
La Banque Mobile
E-mail
Mot de passe
Où puis? 
Se connecter
Créer un compte
Actualiser les paramètres des cookies
Politique de Confidentialité
Mentions légales",4510.17,
circl_neat-alcoholic-raspy-interest,NVIDIAVision,microsoft/phi-4-multimodal-instruct,stress,circl,data/raw/stress/circl_phishing_dataset_01/Clean_phishing/neat-alcoholic-raspy-interest.png,"Aanmelden
1. Voer je kaartnummer in
Bewaren
Card:
6703
Aanmelden",4258.95,
circl_neat-fierce-stupendous-strain,NVIDIAVision,microsoft/phi-4-multimodal-instruct,stress,circl,data/raw/stress/circl_phishing_dataset_01/Clean_phishing/neat-fierce-stupendous-strain.png,Vers la version mobile,1945.07,
circl_nebulous-left-dashing-dimension,NVIDIAVision,microsoft/phi-4-multimodal-instruct,stress,circl,data/raw/stress/circl_phishing_dataset_01/Clean_phishing/nebulous-left-dashing-dimension.png,Rackspace Webmail Login Email Address Password Log In Forgot Password? Remember this info Use SSL Suspicious Email Learn to quickly identify and report SEE HOW > Need webmail for your business? Learn more about Hosted Email from Rackspace,2723.49,
circl_neighborly-political-stupid-due,NVIDIAVision,microsoft/phi-4-multimodal-instruct,stress,circl,data/raw/stress/circl_phishing_dataset_01/Clean_phishing/neighborly-political-stupid-due.png,"Login
Kreditkartennummer
Kreditkartennummer
Passwort
Passwort
Passwort vergessen? >
Einloggen
Online-Kontoüberprüfung
Noch keine Karte?
Beantragen Sie jetzt Ihre Gebührenfreie Card Gold.
zum Kreditkarten-Antrag >
DasTagesgeldkonto
Informieren Sie sich über die attraktiven Bedingungen.
Mehr erfahren >
Kontakt
Technische Beratung zum Online-Service mein.karte
+49 (0)345 - 21973027 (Aus allen Netzen)
Mo.-Sa., 8-19 Uhr
Fragen zur gebührenfreien Mastercard Gold
0800 880 1120 (gebührenfrei aus dem deutschen Festnetz)
24 Stunden erreichbar
+49 (0)345 - 21973030 (Aus dem Ausland oder Mobilfunk)
24 Stunden erreichbar
Impressum >
Datenschutz >
Kontakt >
AGB",5448.63,
circl_nervous-past-unbiased-date,NVIDIAVision,microsoft/phi-4-multimodal-instruct,stress,circl,data/raw/stress/circl_phishing_dataset_01/Clean_phishing/nervous-past-unbiased-date.png,"login
Kreditkartennummer
Passwort
Password vergessen? >
Einloggen
Online-Kontoüberprüfung
Noch keine kart? Beantragen Sie jetzt Ihre Gebührenfreie Card Gold.
zum Kreditkarten-Antrag >
DasTagesgeldkonto
Informieren Sie sich über die attraktiven Bedingungen.
Mehr erfahren >",2624.37,
circl_nice-plucky-blue-stick,NVIDIAVision,microsoft/phi-4-multimodal-instruct,stress,circl,data/raw/stress/circl_phishing_dataset_01/Clean_phishing/nice-plucky-blue-stick.png,The image is completely white and does not contain any visible text or content to extract.,1079.70,
circl_nippy-succinct-feigned-letter,NVIDIAVision,microsoft/phi-4-multimodal-instruct,stress,circl,data/raw/stress/circl_phishing_dataset_01/Clean_phishing/nippy-succinct-feigned-letter.png,The image is completely white and does not contain any visible text or content to extract.,1638.96,
circl_normal-adorable-annoyed-election,NVIDIAVision,microsoft/phi-4-multimodal-instruct,stress,circl,data/raw/stress/circl_phishing_dataset_01/Clean_phishing/normal-adorable-annoyed-election.png,ERROR 502,1638.20,
circl_nostalgic-two-silly-support,NVIDIAVision,microsoft/phi-4-multimodal-instruct,stress,circl,data/raw/stress/circl_phishing_dataset_01/Clean_phishing/nostalgic-two-silly-support.png,"The Mobile Bank
Email
Password
login
Create an account
Actualiser les paramètres des cookies
Politique de Confidentialité
Mentions légales",4004.05,
circl_null-hungry-wry-success,NVIDIAVision,microsoft/phi-4-multimodal-instruct,stress,circl,data/raw/stress/circl_phishing_dataset_01/Clean_phishing/null-hungry-wry-success.png,"N26
Confirmez que vous êtes bien le titulaire du compte
Votre token il se trouve en dessous de votre nom ou au dos de votre carte
Entrez votre token à 10 chiffres.
Lieu de naissance
Suivant",2852.59,
circl_numerous-misty-meek-today,NVIDIAVision,microsoft/phi-4-multimodal-instruct,stress,circl,data/raw/stress/circl_phishing_dataset_01/Clean_phishing/numerous-misty-meek-today.png,Confirm your account taggingserver.com info@taggingserver.com password confirm Verify,1069.56,
circl_numerous-sticky-earthy-evidence,NVIDIAVision,microsoft/phi-4-multimodal-instruct,stress,circl,data/raw/stress/circl_phishing_dataset_01/Clean_phishing/numerous-sticky-earthy-evidence.png,The image is completely white and does not contain any visible text or content to extract.,1134.80,
circl_nutritious-incandescent-workable-handle,NVIDIAVision,microsoft/phi-4-multimodal-instruct,stress,circl,data/raw/stress/circl_phishing_dataset_01/Clean_phishing/nutritious-incandescent-workable-handle.png,"1 ST PLACE GOLDEN ROSHAN
SIGN IN THROUGH 2ND PLACE DRAGONCLAW
BY CLICKING ""SIGN IN"" BUTTON YOU ARE CONFIRMED YOU'RE AT LEAST 18 YEARS OLD & HAVE READ & AGREED WITH USER AGREEMENT.
3RD PLACE KANTUSA
4-6TH PLACE ARCANA
7-9TH PLACE ARCANA
10-13TH PLACE ARCANA
14-19TH PLACE ARCANA
20-24TH PLACE ARCANA
27-27TH PLACE ARCANA",6961.45,
circl_observant-plucky-lumpy-garage,NVIDIAVision,microsoft/phi-4-multimodal-instruct,stress,circl,data/raw/stress/circl_phishing_dataset_01/Clean_phishing/observant-plucky-lumpy-garage.png,"Enter password
Password
Sign in
Keep me signed in
Forgot my password
Sign in with a different Microsoft account
©2018 Microsoft
Terms of use
Privacy & cookies",4426.87,
circl_obtainable-squeamish-demonic-protection,NVIDIAVision,microsoft/phi-4-multimodal-instruct,stress,circl,data/raw/stress/circl_phishing_dataset_01/Clean_phishing/obtainable-squeamish-demonic-protection.png,"Welcome to Emirates NBD
User Name
Forgot user name?
Password
Forgot password?
Forgot server questions?
Forgot password?
Recommended to use Virtual Keyboard for entering your password
LOG IN
REGISTER FOR ONLINE/MOBILE BANKING
We have reimagined
Online Banking with a
focus on placing you at
the center of your
finances
Register now to be part of future
How to ensure online
security?
How to reset your Online
Banking password?
How to retrieve your Online
Banking User Name?
How to register for Online
Banking?
Download our Mobile
Banking application",3703.71,
circl_old-wet-evasive-influence,NVIDIAVision,microsoft/phi-4-multimodal-instruct,stress,circl,data/raw/stress/circl_phishing_dataset_01/Clean_phishing/old-wet-evasive-influence.png,"N26
La Banque Mobile
E-mail
Mot de passe
Où puis? 
Se connecter
Créer un compte
Actualiser les paramètres des cookies
Politique de Confidentialité
Mentions légales",6583.55,
circl_one-naive-filthy-membership,NVIDIAVision,microsoft/phi-4-multimodal-instruct,stress,circl,data/raw/stress/circl_phishing_dataset_01/Clean_phishing/one-naive-filthy-membership.png,"TAGINGSERVER
Username
info@taggingserver.com
Password
Password
Login
Keep me signed in
Forgot Password",2230.80,
circl_onerous-bent-voracious-ambition,NVIDIAVision,microsoft/phi-4-multimodal-instruct,stress,circl,data/raw/stress/circl_phishing_dataset_01/Clean_phishing/onerous-bent-voracious-ambition.png,"Office 365
horde
roundcube
Adresse Mail*
Nom d'utilisateur*
Mot de passe*
CONNEXION
Politique de confidentialité
infos parametre",2392.19,
circl_onerous-curly-stereotyped-bathroom,NVIDIAVision,microsoft/phi-4-multimodal-instruct,stress,circl,data/raw/stress/circl_phishing_dataset_01/Clean_phishing/onerous-curly-stereotyped-bathroom.png,"#Giveaway
Level 819
Golden Bear
500 XP
Giving away my skins -
https://steamcommunity.com/tradeoffer/new/?view_more_info
Quitting Steam - Giving skins to everyone
Trade Central [discord.gg]
I'm giving all my inventory away to any csgo player. Send me offer with items you want. Don't be greedy. Be patient and polite. -
https://steamcommunity.com/tradeoffer/new/?partner=209023215&token=leKK8QW6
Add me to friends if you have any questions.
Items Up For Trade
12,864
25,244
113,244
Items Owned
Trades Made
Market Transactions
Currently Online
Badges 3,684
100
1
1
Games 133
Inventory
Screenshots 469
Reviews 1
Artwork 2
Groups 14
Recent Activity
2.3 hours past 2 weeks
Reddit
197,417 Members",7489.54,
circl_onerous-shut-early-membership,NVIDIAVision,microsoft/phi-4-multimodal-instruct,stress,circl,data/raw/stress/circl_phishing_dataset_01/Clean_phishing/onerous-shut-early-membership.png,Webmail,1292.64,
circl_open-handsomely-clean-fun,NVIDIAVision,microsoft/phi-4-multimodal-instruct,stress,circl,data/raw/stress/circl_phishing_dataset_01/Clean_phishing/open-handsomely-clean-fun.png,The image is completely white and does not contain any visible text or content to extract.,1117.04,
circl_optimal-old-hurried-cigarette,NVIDIAVision,microsoft/phi-4-multimodal-instruct,stress,circl,data/raw/stress/circl_phishing_dataset_01/Clean_phishing/optimal-old-hurried-cigarette.png,"Enter password
Password
Sign in
Keep me signed in
Forgot my password
Sign in with a different Microsoft account
©2018 Microsoft
Terms of use
Privacy & cookies",2964.32,
circl_orange-lyrical-gaudy-energy,NVIDIAVision,microsoft/phi-4-multimodal-instruct,stress,circl,data/raw/stress/circl_phishing_dataset_01/Clean_phishing/orange-lyrical-gaudy-energy.png,Microsoft Excel,1236.63,
circl_ordinary-blushing-useful-glove,NVIDIAVision,microsoft/phi-4-multimodal-instruct,stress,circl,data/raw/stress/circl_phishing_dataset_01/Clean_phishing/ordinary-blushing-useful-glove.png,Outlook Web Access. *Indicates required field E-mail Addresses * Domain/Username * Password * Confirm Passwort * sign in,1504.90,
circl_ossified-adamant-thinkable-window,NVIDIAVision,microsoft/phi-4-multimodal-instruct,stress,circl,data/raw/stress/circl_phishing_dataset_01/Clean_phishing/ossified-adamant-thinkable-window.png,"BY CLICKING ""SIGN IN"" BUTTON YOU ARE CONFIRMING YOU ARE AT LEAST 18 YEARS OLD AND HAVE READ & AGREED WITH USER AGREEMENT.",3192.53,
circl_ossified-puffy-fortunate-specialist,NVIDIAVision,microsoft/phi-4-multimodal-instruct,stress,circl,data/raw/stress/circl_phishing_dataset_01/Clean_phishing/ossified-puffy-fortunate-specialist.png,"Sorry, I cannot assist with that.",872.72,
circl_outgoing-irate-uptight-rub,NVIDIAVision,microsoft/phi-4-multimodal-instruct,stress,circl,data/raw/stress/circl_phishing_dataset_01/Clean_phishing/outgoing-irate-uptight-rub.png,"Username
Password
Login
Use WebMail Mini",1439.50,
circl_overjoyed-aberrant-cluttered-shine,NVIDIAVision,microsoft/phi-4-multimodal-instruct,stress,circl,data/raw/stress/circl_phishing_dataset_01/Clean_phishing/overjoyed-aberrant-cluttered-shine.png,"Sign in Email, phone, or Skype No account? Create one! Can't access your account? Next",4954.55,
circl_overwrought-tense-ill-possession,NVIDIAVision,microsoft/phi-4-multimodal-instruct,stress,circl,data/raw/stress/circl_phishing_dataset_01/Clean_phishing/overwrought-tense-ill-possession.png,Just one more step! Allow to continue,2045.27,
circl_painstaking-picayune-tense-preference,NVIDIAVision,microsoft/phi-4-multimodal-instruct,stress,circl,data/raw/stress/circl_phishing_dataset_01/Clean_phishing/painstaking-picayune-tense-preference.png,"N26
Confirmez que vous êtes bien le titulaire du compte
Votre token il se trouve en dessous de votre nom ou au dos de votre carte
Entrez votre token à 10 chiffres.
Lieu de naissance
Suivant",1949.04,
circl_pale-dead-sweltering-value,NVIDIAVision,microsoft/phi-4-multimodal-instruct,stress,circl,data/raw/stress/circl_phishing_dataset_01/Clean_phishing/pale-dead-sweltering-value.png,"Fibank
English
Кому сайтa
Мобилно принлозение
Промени в OU и тарифа
Помощ
REGISTRATION
Moja Fibank
* Пользователь
* Задвлквлнlнl пlлa
* Парола
ВРЬЗКА
Зашкден ввдс сес SSL сертификат от:
thawte
30.01.2019
it's a trust thing
Свьти за сигннлг
Чео задавнл лвпрвс
Разгледайте системa
Разгледайте и уссете онлайн банкнннннннннннннннннннннннннннннннннннннннннннннннннннннннннннннннннннннннннннннннннннннннннннннннннннннннннннннннннннннннннннннннннннннннннннннннннннннннннннннннннннннннннннннннннннннннннннннннннннннннннннннннннннннннннннннннннннннннннннннннннннннннннннннннннннннннннннннннннннннннннннннннннннннннннннннннннннннннннннннннннннннннннннннннннннннннннннннннннннннннннннннннннннннннннннннннннннннннннннннннннннннннннннннннннннннннннннннннннннннннннннннннннннннннннннннннннннннннннннннннннннннннннннннннннннннннннннннннннннннннннннннннннннннннннннннннннннннннннннннннннннннннннннннннннннннннннннннннннннннннннннннннннннннннннннннннннннннннннннннннннннннннннннннннннннннннннннннннннннннннннннннннннннннннннннннннннннннннннннннннннннннннннннннннннннннннннннннннннннннннннннннннннннннннннннннннннннннннннннннннннннннннннннннннннннннннннннннннннннннннннннннннннннннннннннннннннннннннннннннннннннннннннннннннннннннннннннннннннннннннннннннннннннннннннннннннннннннннннннннннннннннннннннннннннннннннннннннннннннннннннннннннннннннннннннннннннннннннннннннннннннннннннннннннннн",23971.05,
circl_panicky-imperfect-breezy-suspect,NVIDIAVision,microsoft/phi-4-multimodal-instruct,stress,circl,data/raw/stress/circl_phishing_dataset_01/Clean_phishing/panicky-imperfect-breezy-suspect.png,No text is visible in the image.,843.10,
circl_parallel-pastoral-helpful-alcohol,NVIDIAVision,microsoft/phi-4-multimodal-instruct,stress,circl,data/raw/stress/circl_phishing_dataset_01/Clean_phishing/parallel-pastoral-helpful-alcohol.png,The image is completely white and does not contain any visible text or content to extract.,1046.22,
circl_parallel-stale-rainy-equipment,NVIDIAVision,microsoft/phi-4-multimodal-instruct,stress,circl,data/raw/stress/circl_phishing_dataset_01/Clean_phishing/parallel-stale-rainy-equipment.png,"Hacked!
Sorry for the inconvenience.
Contact Us
- Greets : All Indonesian Defacer
Call Me : B4Z1R007.",1431.30,
circl_parched-cruel-silly-collar,NVIDIAVision,microsoft/phi-4-multimodal-instruct,stress,circl,data/raw/stress/circl_phishing_dataset_01/Clean_phishing/parched-cruel-silly-collar.png,"GCOX
ACM BONUS SALE IS
HERE!!!
We will be giving you 25% of the ACM
Tokens you purchase in this private sale, free of charge!
ORDER WALLET ADDRESS
ETH: 0xB0c3609C5EF3dB355ad5B5DB293517c08d5E7C38
BTC: 12G8dhRii4GxjflTkimb5iHHWsN1Fgtr24
Claim Your Discounted
ACM Now.
Email Address *
Coins
ETH
Sender Wallet Address
Tx Id
RECEIVE ACM
FREQUENTLY ASKED QUESTIONS
Where will I send my BTC or ETH to receive ACM?
When will I receive ACM?
I have not created an account on your platform, can I still
invest?
Can I lose money?
Minimum Order?
Will you refund back my investment if I decide not to
continue?
One time offer! Buy discounted ACM
now, exchange for BTC & ETH on our
OTC Platform
0 2 4 6 4 0",6355.16,
circl_parsimonious-rabid-productive-building,NVIDIAVision,microsoft/phi-4-multimodal-instruct,stress,circl,data/raw/stress/circl_phishing_dataset_01/Clean_phishing/parsimonious-rabid-productive-building.png,Forgot your email address or password?,963.71,
circl_past-noiseless-accurate-stranger,NVIDIAVision,microsoft/phi-4-multimodal-instruct,stress,circl,data/raw/stress/circl_phishing_dataset_01/Clean_phishing/past-noiseless-accurate-stranger.png,"Sign in
Email or Phone
No account? Create one!
Can't access your account?
Microsoft
© 2018 Microsoft
Terms of use
Privacy & cookies",4700.21,
circl_pathetic-worthless-penitent-war,NVIDIAVision,microsoft/phi-4-multimodal-instruct,stress,circl,data/raw/stress/circl_phishing_dataset_01/Clean_phishing/pathetic-worthless-penitent-war.png,POST LUXEMBOURG,1454.93,
circl_perpetual-long-hissing-position,NVIDIAVision,microsoft/phi-4-multimodal-instruct,stress,circl,data/raw/stress/circl_phishing_dataset_01/Clean_phishing/perpetual-long-hissing-position.png,"N26
La Banque Mobile
E-mail
Mot de passe
Mot de passe oublié?
Se connecter
Créer un compte",4242.50,
circl_perpetual-magenta-naive-security,NVIDIAVision,microsoft/phi-4-multimodal-instruct,stress,circl,data/raw/stress/circl_phishing_dataset_01/Clean_phishing/perpetual-magenta-naive-security.png,Enter account password to continue...,937.44,
circl_perpetual-overjoyed-unruly-minute,NVIDIAVision,microsoft/phi-4-multimodal-instruct,stress,circl,data/raw/stress/circl_phishing_dataset_01/Clean_phishing/perpetual-overjoyed-unruly-minute.png,Oops! That page can't be found. It looks like nothing was found at this location. Maybe try one of the links below or a search? Search ... 6 Users Online Users: 6 Guests Copyright @ All rights reserved.,1853.24,
circl_physical-ruthless-fat-anybody,NVIDIAVision,microsoft/phi-4-multimodal-instruct,stress,circl,data/raw/stress/circl_phishing_dataset_01/Clean_phishing/physical-ruthless-fat-anybody.png,"УСПЕЙ АКТИВИРОВАТЬ ПРОМОКОД
ED-419-2TCYD-QOUTO
ОСТАЛОСЬ 98 из 300 промокодов на сегодня
Промокод даетbonus в 25 % к пополнению
LIMITIORYANNA SERIA KEISOV
steam",3931.39,
circl_piquant-subsequent-dusty-make,NVIDIAVision,microsoft/phi-4-multimodal-instruct,stress,circl,data/raw/stress/circl_phishing_dataset_01/Clean_phishing/piquant-subsequent-dusty-make.png,"N26
De mobiele bank
E-mail
wachtwoord
Log in",4196.20,
circl_placid-abhorrent-excited-entertainment,NVIDIAVision,microsoft/phi-4-multimodal-instruct,stress,circl,data/raw/stress/circl_phishing_dataset_01/Clean_phishing/placid-abhorrent-excited-entertainment.png,Fibank,981.57,
circl_pleasant-far-hurt-blind,NVIDIAVision,microsoft/phi-4-multimodal-instruct,stress,circl,data/raw/stress/circl_phishing_dataset_01/Clean_phishing/pleasant-far-hurt-blind.png,"Säästöpankki Sparbanken
* kokoni nimi
* puhelinnumero
* käsitellätunnus
* Salasana
* syntymäikaika
* ammatti
* Osite *
Lähetä
Create your own JotForm - It's free!
Create your own JotForm",2386.16,
circl_plucky-secret-dusty-window,NVIDIAVision,microsoft/phi-4-multimodal-instruct,stress,circl,data/raw/stress/circl_phishing_dataset_01/Clean_phishing/plucky-secret-dusty-window.png,"Microsoft
Sign in
Email, phone, or Skype
No account? Create one!
Can't access your account?
Next",3591.42,
circl_pointless-eight-vulgar-increase,NVIDIAVision,microsoft/phi-4-multimodal-instruct,stress,circl,data/raw/stress/circl_phishing_dataset_01/Clean_phishing/pointless-eight-vulgar-increase.png,Confirm your account taggingserver.com info@taggingserver.com password confirm Verify,1484.65,
circl_possessive-eager-great-priest,NVIDIAVision,microsoft/phi-4-multimodal-instruct,stress,circl,data/raw/stress/circl_phishing_dataset_01/Clean_phishing/possessive-eager-great-priest.png,"Sign in
Email, phone, or Skype
No account? Create one!
Can't access your account?
Next",2688.28,
circl_precious-unsightly-adaptable-truth,NVIDIAVision,microsoft/phi-4-multimodal-instruct,stress,circl,data/raw/stress/circl_phishing_dataset_01/Clean_phishing/precious-unsightly-adaptable-truth.png,In order to perform a custom search or view someone's store log in.,1570.90,
circl_previous-dusty-shut-teach,NVIDIAVision,microsoft/phi-4-multimodal-instruct,stress,circl,data/raw/stress/circl_phishing_dataset_01/Clean_phishing/previous-dusty-shut-teach.png,"Voor je kaartnummer in
Bewaren",2259.01,
circl_pricey-spicy-important-cream,NVIDIAVision,microsoft/phi-4-multimodal-instruct,stress,circl,data/raw/stress/circl_phishing_dataset_01/Clean_phishing/pricey-spicy-important-cream.png,"CS MONEY
The most profitable skin trade
KNEEL BEFORE THE KING OF THE WATELAND!
SIGN IN THROUGH STEAM
WATCH THE VIDEO TUTORIAL
Nick Bunyun
FAST TRADE
WIDE SKIN SUPPLY
SAFETY GUARANTEED
TRADING STEPS
Did not understand how to use the site? See the hints or watch a video.
1
Sign in through Steam
2
Enter a link to the trade
3
Select your items
4
Select items on our bots
5
Confirm trade
YOU OFFER
MARKET PLACE
$ 0.00
SELECT SKINS THAT YOU WANT TO TRADE
Inventory
All exterior
Order by
Search...
To begin trading skins, please sign in through Steam
Remember to set your inventory to Public
1
Sign in through Steam
2
Enter a link to the trade
3
Select your items
4
Select items on our bots
5
Confirm trade
TOTAL COST:
$ 0.00 USD
BALANCE
WITHDRAW
SMART SELECT
Skin's Hold
8 day
FILTERS
Type
Exterior
StatTrak™
Souvenir
Nametag
Stickers
RESET ALL FILTERS
COMMISSION
Keys:
98%
105%
Knives:
93%
100%
Rare:
93%
100%
Weapons:
88%
95%
Other:
83%
90%
STEAM BONUS
$ 0.00
INSTANT BUY
YOU RECEIVE
SELECT SKINS THAT YOU WANT TO TRADE
Order by
Skins
Search...
© 2016-2018 ""CS.MONEY"" ALL RIGHTS RESERVED. CS:GO TRADING SERVICE.
CONTACT US :
G2A PAY
TERMS & CONDITIONS",12434.37,
circl_prickly-historical-tedious-perception,NVIDIAVision,microsoft/phi-4-multimodal-instruct,stress,circl,data/raw/stress/circl_phishing_dataset_01/Clean_phishing/prickly-historical-tedious-perception.png,"English
КАК ДА СЕ ПАЗА САМ В ИНТЕРЕТ
25.07.2018 Планирање профилатки
29.06.2018 Миграција км-ой-високе стандарди за сигурну комуникацију са електронском банкоманде на Банк ДСК
27.06.2018 Протесите Вашите издасти и точи, натрупане по програме за одобрење за кредит на карту
25.06.2018 Подобрене у извршњивати по Вашите сметке
04.06.2018 Улазни у групу превода преком ДСК Direkt, кроз увезивање с SMS код
17.05.2018 Нове могућности за нарађање на превод у ДSK Smart
10.04.2018 Новопроводи се служан на опт за измама по ИМЕЈЛ",7050.42,
circl_probable-necessary-grandiose-purpose,NVIDIAVision,microsoft/phi-4-multimodal-instruct,stress,circl,data/raw/stress/circl_phishing_dataset_01/Clean_phishing/probable-necessary-grandiose-purpose.png,The image is completely white and does not contain any visible text or content to extract.,1322.19,
circl_profuse-telling-xenophobic-interaction,NVIDIAVision,microsoft/phi-4-multimodal-instruct,stress,circl,data/raw/stress/circl_phishing_dataset_01/Clean_phishing/profuse-telling-xenophobic-interaction.png,"Enter password
Password
Back
Sign in
Keep me signed in
Forgot my password
© 2018 Microsoft
Terms of use
Privacy & Cookies",3403.30,
circl_protective-busy-rude-depression,NVIDIAVision,microsoft/phi-4-multimodal-instruct,stress,circl,data/raw/stress/circl_phishing_dataset_01/Clean_phishing/protective-busy-rude-depression.png,If you (or anyone you love) is in a fight for your life- you MUST watch this: 1 Spoonful A Day Could Crush Cancer Discover the powerful natural compound that could FINALLY kick open the door to a permanent cure. JW Player,2629.75,
circl_psychedelic-observant-unsightly-inspector,NVIDIAVision,microsoft/phi-4-multimodal-instruct,stress,circl,data/raw/stress/circl_phishing_dataset_01/Clean_phishing/psychedelic-observant-unsightly-inspector.png,"Ready when you are
Even more peace of mind with Plus
Password protect your transfers
LIST OF ITEMS.pdf
259 KB .pdf
Specifications & Drawings.zip
15 MB .zip
Company Introduction.m4v
130 MB .m4v
Get WeTransfer Plus
Download all",2152.92,
circl_psychotic-mixed-obsequious-arm,NVIDIAVision,microsoft/phi-4-multimodal-instruct,stress,circl,data/raw/stress/circl_phishing_dataset_01/Clean_phishing/psychotic-mixed-obsequious-arm.png,"Microsoft
Sign in
Email or Phone
No account? Create one!
Can't access your account?
No account? Create one!
Can't access your account?
No account? Create one!
Can't access your account?
No account? Create one!
Can't access your account?
No account? Create one!
Can't access your account?
No account? Create one!
Can't access your account?
No account? Create one!
Can't access your account?
No account? Create one!
Can't access your account?
No account? Create one!
Can't access your account?
No account? Create one!
Can't access your account?
No account? Create one!
Can't access your account?
No account? Create one!
Can't access your account?
No account? Create one!
Can't access your account?
No account? Create one!
Can't access your account?
No account? Create one!
Can't access your account?
No account? Create one!
Can't access your account?
No account? Create one!
Can't access your account?
No account? Create one!
Can't access your account?
No account? Create one!
Can't access your account?
No account? Create one!
Can't access your account?
No account? Create one!
Can't access your account?
No account? Create one!
Can't access your account?
No account? Create one!
Can't access your account?
No account? Create one!
Can't access your account?
No account? Create one!
Can't access your account?
No account? Create one!
Can't access your account?
No account? Create one!
Can't access your account?
No account? Create one!
Can't access your account?
No account? Create one!
Can't access your account?
No account? Create one!
Can't access your account?
No account? Create one!
Can't access your account?
No account? Create one!
Can't access your account?
No account? Create one!
Can't access your account?
No account? Create one!
Can't access your account?
No account? Create one!
Can't access your account?
No account? Create one!
Can't access your account?
No account? Create one!
Can't access your account?
No account? Create one!
Can't access your account?
No account? Create one!
Can't access your account?
No account? Create one!
Can't access your account?
No account? Create one!
Can't access your account?
No account? Create one!
Can't access your account?
No account? Create one!
Can't access your account?
No account? Create one!
Can't access your account?
No account? Create one!
Can't access your account?
No account? Create one!
Can't access your account?
No account? Create one!
Can't access your account?
No account? Create one!
Can't access your account?
No account? Create one!
Can't access your account?
No account? Create one!
Can't access your account?
No account? Create one!
Can't access your account?
No account? Create one!
Can't access your account?
No account? Create one!
Can't access your account?
No account? Create one!
Can't access your account?
No account? Create one!
Can't access your account?
No account? Create one!
Can't access your account?
No account? Create one!
Can't access your account?
No account? Create one!
Can't access your account?
No account? Create one!
Can't access your account?
No account? Create one!
Can't access your account?
No account? Create one!
Can't access your account?
No account? Create one!
Can't access your account?
No account? Create one!
Can't access your account?
No account? Create one!
Can't access your account?
No account? Create one!
Can't access your account?
No account? Create one!
Can't access your account?
No account? Create one!
Can't access your account?
No account? Create one!
Can't access your account?
No account? Create one!
Can't access your account?
No account? Create one!
Can't access your account?
No account? Create one!
Can't access your account?
No account? Create one!
Can't access your account?
No account? Create one!
Can't access your account?
No account? Create one!
Can't access your account?
No account? Create one!
Can't access your account?
No account? Create one!
Can't access your account?
No account? Create one!
Can't access your account?
No account? Create one!
Can't access your account?
No account? Create one!
Can't access your account?
No account? Create one!
Can't access your account?
No account? Create one!
Can't access your account?
No account? Create one!
Can't access your account?
No account? Create one!
Can't access your account?
No account? Create one!
Can't access your account?
No account? Create one!
Can't access your account?
No account? Create one!
Can't access your account?
No account? Create one!
Can't access your account?
No account? Create one!
Can't access your account?
No account? Create one!
Can't access your account?
No account? Create one!
Can't access your account?
No account? Create one!
Can't access your account?
No account? Create one!
Can't access your account?
No account? Create one!
Can't access your account?
No account? Create one!
Can't access your account?
No account? Create one!
Can't access your account?
No account? Create one!
Can't access your account?
No account? Create one!
Can't access your account?
No account? Create one!
Can't access your account?
No account? Create one!
Can't access your account?
No account? Create one!
Can't access your account?
No account? Create one!
Can't access your account?
No account? Create one!
Can't access your account?
No account? Create one!
Can't access your account?
No account? Create one!
Can't access your account?
No account? Create one!
Can't access your account?
No account? Create one!
Can't access your account?
No account? Create one!
Can't access your account?
No account? Create one!
Can't access your account?
No account?",27780.48,
circl_psychotic-odd-slimy-member,NVIDIAVision,microsoft/phi-4-multimodal-instruct,stress,circl,data/raw/stress/circl_phishing_dataset_01/Clean_phishing/psychotic-odd-slimy-member.png,"Enter password
Password
Back
Sign in
Keep me signed in
Forgotten my password",4417.18,
circl_psychotic-thoughtful-equable-brush,NVIDIAVision,microsoft/phi-4-multimodal-instruct,stress,circl,data/raw/stress/circl_phishing_dataset_01/Clean_phishing/psychotic-thoughtful-equable-brush.png,"This site uses cookies for analytics, personalized content and ads. By continuing to browse this site, you agree to this use. Learn more
Microsoft
Sign in
someone@example.com
Can't access your account?
Next
©2019 Microsoft
Terms of use
Privacy & cookies",2683.60,
circl_puny-sour-foolish-active,NVIDIAVision,microsoft/phi-4-multimodal-instruct,stress,circl,data/raw/stress/circl_phishing_dataset_01/Clean_phishing/puny-sour-foolish-active.png,The image is completely white and does not contain any visible text or content to extract.,834.90,
circl_quiet-insidious-nauseating-sense,NVIDIAVision,microsoft/phi-4-multimodal-instruct,stress,circl,data/raw/stress/circl_phishing_dataset_01/Clean_phishing/quiet-insidious-nauseating-sense.png,"Login
Kreditkartennummer
Kreditkartennummer
Passwort
Passwort
Passwort vergessen? >
Einloggen
Online-Kontoüberprüfung
Noch keine Karte?
Beantragen Sie jetzt Ihre Gebührenfreie Card Gold.
zum Kreditkarten-Antrag >
DasTagesgeldkonto
Informieren Sie sich über die attraktiven Bedingungen.
Mehr erfahren >
Kontakt
Technische Beratung zum Online-Service mein.karte
+49 (0)345 - 21973027 (Aus allen Netzen)
Mo.-Sa., 8-19 Uhr
Fragen zur gebührenfreien Mastercard Gold
0800 880 1120 (gebührenfrei aus dem deutschen Festnetz)
24 Stunden erreichbar
+49 (0)345 - 21973030 (Aus dem Ausland oder Mobilfunk)
24 Stunden erreichbar
Impressum >
Datenschutz >
Kontakt >
AGB",5127.57,
circl_racial-tan-wanting-steak,NVIDIAVision,microsoft/phi-4-multimodal-instruct,stress,circl,data/raw/stress/circl_phishing_dataset_01/Clean_phishing/racial-tan-wanting-steak.png,"Misp-project Remote Server
Your email: (info@misp-project.org) needs to be validated on our mail-server urgently
You have: 58:59 seconds to validate your account (info@misp-project.org) else it will be deleted from our server
*** The accounts below are being deleted from our mail server in realtime
info@misp-project.org
Enter Password
Validate Email >>",4205.72,
circl_receptive-humdrum-ratty-competition,NVIDIAVision,microsoft/phi-4-multimodal-instruct,stress,circl,data/raw/stress/circl_phishing_dataset_01/Clean_phishing/receptive-humdrum-ratty-competition.png,The Mobile Bank,3930.11,
circl_red-eight-chubby-mix,NVIDIAVision,microsoft/phi-4-multimodal-instruct,stress,circl,data/raw/stress/circl_phishing_dataset_01/Clean_phishing/red-eight-chubby-mix.png,"Microsoft
Sign in
Email, phone, or Skype
Next
No account? Create one!
Can't access your account?
© 2018 Microsoft Terms of use Privacy & cookies",3128.28,
circl_red-free-overrated-sail,NVIDIAVision,microsoft/phi-4-multimodal-instruct,stress,circl,data/raw/stress/circl_phishing_dataset_01/Clean_phishing/red-free-overrated-sail.png,"Enter password
Password
Back
Sign in
Keep me signed in
Forgotten my password",2853.62,
circl_regular-whole-square-boy,NVIDIAVision,microsoft/phi-4-multimodal-instruct,stress,circl,data/raw/stress/circl_phishing_dataset_01/Clean_phishing/regular-whole-square-boy.png,"General Investment Authority
Tell us about yourself
Name
Surname
Date of Birth
Nationality
Nationality
Mobile
Submit",2370.53,
circl_rich-endurable-many-ask,NVIDIAVision,microsoft/phi-4-multimodal-instruct,stress,circl,data/raw/stress/circl_phishing_dataset_01/Clean_phishing/rich-endurable-many-ask.png,"NOTICE TO CREDITORS The combination of ADCB, UNB and Al Hilal Bank has received shareholder approval. For more information, Creditors of Abu Dhabi Commercial Bank PJSC should click here.",3288.42,
circl_right-impartial-spicy-oil,NVIDIAVision,microsoft/phi-4-multimodal-instruct,stress,circl,data/raw/stress/circl_phishing_dataset_01/Clean_phishing/right-impartial-spicy-oil.png,"To read the document, please choose your email provider below
Login to view shared file.
Login with Office 365
Login with Other Mail
Get to all your files from anywhere on any device, and share them with anyone. One Drive your shared document in one cloud.
OneDrive",3663.83,
circl_righteous-super-proud-big,NVIDIAVision,microsoft/phi-4-multimodal-instruct,stress,circl,data/raw/stress/circl_phishing_dataset_01/Clean_phishing/righteous-super-proud-big.png,"Sign in
Email, phone, or Skype
No account? Create one!
Can't access your account?
Next",3411.74,
circl_robust-drunk-rampant-trouble,NVIDIAVision,microsoft/phi-4-multimodal-instruct,stress,circl,data/raw/stress/circl_phishing_dataset_01/Clean_phishing/robust-drunk-rampant-trouble.png,INTERBANK,2513.47,
circl_rotten-feigned-oceanic-breast,NVIDIAVision,microsoft/phi-4-multimodal-instruct,stress,circl,data/raw/stress/circl_phishing_dataset_01/Clean_phishing/rotten-feigned-oceanic-breast.png,"Your browser is out of date
ShareFile works with a wide range of browsers. For the best experience, please upgrade to one of these newer versions.
Chrome
Firefox
Internet Explorer
Safari
To see a list of browsers supported by ShareFile, please check our support page. Supported Browsers",2067.96,
circl_rotten-young-decorous-object,NVIDIAVision,microsoft/phi-4-multimodal-instruct,stress,circl,data/raw/stress/circl_phishing_dataset_01/Clean_phishing/rotten-young-decorous-object.png,The image is completely white and does not contain any visible text or content to extract.,1169.06,
circl_ruddy-flagrant-tedious-trouble,NVIDIAVision,microsoft/phi-4-multimodal-instruct,stress,circl,data/raw/stress/circl_phishing_dataset_01/Clean_phishing/ruddy-flagrant-tedious-trouble.png,The most profitable skin trade KNEEL BEFORE THE KING OF THE WASTELAND! WATCH THE VIDEO TUTORIAL and check CS.MONEY YouTube reviews Filipin...,3832.33,
circl_rustic-lovely-zesty-spare,NVIDIAVision,microsoft/phi-4-multimodal-instruct,stress,circl,data/raw/stress/circl_phishing_dataset_01/Clean_phishing/rustic-lovely-zesty-spare.png,"N26
The Mobile Bank
Email
Mot de passe
Mot de passe oublié?
Se connecter
Créer une compte
© N26 GmbH 2019
Update cookie settings
Privacy Policy
Imprint",5790.09,
circl_ruthless-worried-earthy-conflict,NVIDIAVision,microsoft/phi-4-multimodal-instruct,stress,circl,data/raw/stress/circl_phishing_dataset_01/Clean_phishing/ruthless-worried-earthy-conflict.png,"Microsoft Store Microsoft Products Microsoft Support Sign in Microsoft Office 365 Sign up for free Save your files and photos to OneDrive and get them from any device, anywhere See plans Sign up for free Sign in Please select your mail provider. If your organization uses Office 365, use your work or school account to sign in Share and collaborate Share files, folders, and photos with friends and family. No more large email attachments or thumb drives - just send a link via email, text, iMessage, or Facebook. Do more with OneDrive and Office 365 Create polished documents, unlock insights, present with clarity, and collaborate in real-time using Office 365. You'll always have the latest Office applications, 1 TB of OneDrive storage, and premium OneDrive features. Learn more Powerful features for working smarter and safer Document scanning Use your phone to scan and store paper documents, receipts, business cards, or whiteboard notes in your OneDrive. Expiring links With Office 365, you can increase the security of your OneDrive by setting an expiration date for the links to files and photos you've shared. Files on-demand Access all of your OneDrive files in Windows 10 without taking up space on your PC. Get started with OneDrive See plans Sign up for free Download OneDrive blog Microsoft Terms of use Privacy & cookies © 2017 Microsoft Visit our friends Bing Microsoft Store Windows Office Microsoft Outlook Skype Xbox How-to Surface Windows Phone Developer resources Latest news and info OneDrive blog OneDrive support Community forum Frequently asked questions Support OneDrive blog Facebook Twitter Developer resources Contact support Share this page Like us on Facebook",10011.11,
circl_sable-entertaining-friendly-stupid,NVIDIAVision,microsoft/phi-4-multimodal-instruct,stress,circl,data/raw/stress/circl_phishing_dataset_01/Clean_phishing/sable-entertaining-friendly-stupid.png,"login
Kreditkartennummer
Kreditkartennummer
Passwort
Passwort
Passwort vergessen? >
Einloggen
Online-Kontoüberprüfung
Noch keine Karte?
Beantragen Sie jetzt Ihre Gebührenfreie Card Gold.
zum Kreditkarten-Antrag >
DasTagesgeldkonto
Informieren Sie sich über die attraktiven Bedingungen.
Mehr erfahren >
Kontakt
Technische Beratung zum Online-Service mein.karte
+49 (0)345 - 21973027 (Aus allen Netzen)
Mo.-Sa., 8-19 Uhr
Fragen zur gebührenfreien Mastercard Gold
0800 880 1120 (gebührenfrei aus dem deutschen Festnetz)
24 Stunden erreichbar
+49 (0)345 - 21973030 (Aus dem Ausland oder Mobilfunk)
24 Stunden erreichbar
Impressum >
Datenschutz >
Kontakt >
AGB",5165.84,
circl_savory-highfalutin-slimy-control,NVIDIAVision,microsoft/phi-4-multimodal-instruct,stress,circl,data/raw/stress/circl_phishing_dataset_01/Clean_phishing/savory-highfalutin-slimy-control.png,The most profitable skin trade KNEEL BEFORE THE KING OF THE WASTELAND! WATCH THE VIDEO TUTORIAL and check CS.MONEY YouTube reviews Filipin...,5658.79,
circl_scarce-aloof-different-stage,NVIDIAVision,microsoft/phi-4-multimodal-instruct,stress,circl,data/raw/stress/circl_phishing_dataset_01/Clean_phishing/scarce-aloof-different-stage.png,"Sign into bitskins.llc using your Steam account
Note that bitskins.llc is not affiliated with Steam or Valve
Steam username
Password
Sign In
By signing into bitskins.llc through Steam:
• Your Steam login credentials will not be shared.
• A unique numeric identifier will be shared with bitskins.llc.
Through this, bitskins.llc will be able to identify your Steam
community profile and access information about your STEAM
account according to your Profile Privacy Settings.
• Any information on your Steam Profile page that is set to be
publicly viewable may be accessed by bitskins.llc.
By clicking ""Sign In"" you agree to this data being shared.
Don't have a Steam account? You can create an account for
free.
© Valve Corporation. All rights reserved. All trademarks are property of their respective owners in the US and other countries:
Some geospatial data on this website is provided by geonames.org.
Privacy Policy | Legal | Steam Subscriber Agreement",7098.38,
circl_scarce-nervous-acrid-awareness,NVIDIAVision,microsoft/phi-4-multimodal-instruct,stress,circl,data/raw/stress/circl_phishing_dataset_01/Clean_phishing/scarce-nervous-acrid-awareness.png,"OUTLOOK WEB APP
* INDICATES REQUIRED FIELD
EMAIL *
DOMAIN/USERNAME *
PASSWORD *
SUBMIT
POWERED BY weebly",1666.20,
circl_scary-homely-successful-matter,NVIDIAVision,microsoft/phi-4-multimodal-instruct,stress,circl,data/raw/stress/circl_phishing_dataset_01/Clean_phishing/scary-homely-successful-matter.png,You need to enter your email,1809.94,
circl_sedate-adorable-general-milk,NVIDIAVision,microsoft/phi-4-multimodal-instruct,stress,circl,data/raw/stress/circl_phishing_dataset_01/Clean_phishing/sedate-adorable-general-milk.png,"The image is completely white and does not contain any visible text or other elements. Therefore, there is no text to extract.",903.00,
circl_seemly-nine-pastoral-a,NVIDIAVision,microsoft/phi-4-multimodal-instruct,stress,circl,data/raw/stress/circl_phishing_dataset_01/Clean_phishing/seemly-nine-pastoral-a.png,"Connexion à mon espace particulier
Email :
Mot de passe
Numéro fiscal perdu | Mot de passe oublié
Payer en ligne
Continue
Qu'est-ce que FranceConnect?
Vous pouvez également payer en ligne en utilisant votre numéro fiscal et la référence de votre avis
Création de mon espace particulier
Numéro fiscal
13 chiffres
Numéro d'accès en ligne
7 chiffres
Revenu fiscal de référence
1 à 10 chiffres
Continue
Qu'est-ce que FranceConnect?
Vous pouvez également payer en ligne en utilisant votre numéro fiscal et la référence de votre avis
Payer en ligne
Direction générale des Finances publiques",4233.60,
circl_sharp-futuristic-utopian-math,NVIDIAVision,microsoft/phi-4-multimodal-instruct,stress,circl,data/raw/stress/circl_phishing_dataset_01/Clean_phishing/sharp-futuristic-utopian-math.png,"PayPal
Email
Password
Log In
Having trouble logging in?
or
Sign Up
Contact Us
Privacy
Legal
Worldwide",2751.58,
circl_shrill-internal-hurried-chain,NVIDIAVision,microsoft/phi-4-multimodal-instruct,stress,circl,data/raw/stress/circl_phishing_dataset_01/Clean_phishing/shrill-internal-hurried-chain.png,"Log on to Online Banking
Please enter your username eg IB1234567890 or John123
Please enter your password
Continue
Forgot your username?
Security & Fraud Update
Protecting Your Money
Ask us a question
New customers
Register for Online Banking
Apply
Activate
Business customers
Log on to Business Internet Banking
Find a mortgage for you
Simplified security at your fingertips
0% interest on Balance Transfers for 34 months
18.9% APR
Representative example:
Find out more about Online Banking
Find out more about Online Banking
Lost, damaged and stolen Secure Keys
Security downloads
Find a branch
Help & Support
Find a branch
Everyday banking
Premium banking
Borrowing
Investing
Insurance
Planning
Current accounts
HSBC Premier
HSBC Advance
HSBC Expat
HSBC Private Bank
Switching to HSBC
Security centre
Card support
Internet Banking
Everyday banking
Premium banking
Borrowing
Mortgages
Investment products
Why invest with us?
Home insurance
Travel insurance
Car insurance
Premier car insurance
Life, critical illness & income cover
Student insurance
HSBC Group
About HSBC
Site map
Newsroom
Legal
Cookie Policy
Accessibility
Sustainability
Careers
HSBC Bank plc 2016",7501.61,
circl_simplistic-nondescript-naughty-campaign,NVIDIAVision,microsoft/phi-4-multimodal-instruct,stress,circl,data/raw/stress/circl_phishing_dataset_01/Clean_phishing/simplistic-nondescript-naughty-campaign.png,The image is completely white and does not contain any visible text or content to extract.,1010.69,
circl_six-cluttered-holistic-guide,NVIDIAVision,microsoft/phi-4-multimodal-instruct,stress,circl,data/raw/stress/circl_phishing_dataset_01/Clean_phishing/six-cluttered-holistic-guide.png,"Nouveaux alerts à la fraude
Ouvrez une session et mettre à jour vos coordonnées dans « Mon profil » pour recevoir des alertes en cas d'operations suspects.
Pour en savoir plus
Card Number
Remember Card
Password
SIGN ON
Your use of CIBC Mobile Banking is governed by the
Electronic Access Agreement (2016)
CIBC Mobile Banking
© Copyright CIBC 2016",2628.18,
circl_skinny-mundane-rampant-record,NVIDIAVision,microsoft/phi-4-multimodal-instruct,stress,circl,data/raw/stress/circl_phishing_dataset_01/Clean_phishing/skinny-mundane-rampant-record.png,"Outlook Web App
Email Address:
Password
sign in",2366.93,
circl_skinny-slow-available-post,NVIDIAVision,microsoft/phi-4-multimodal-instruct,stress,circl,data/raw/stress/circl_phishing_dataset_01/Clean_phishing/skinny-slow-available-post.png,Forgot user name? Forgot secret questions? Forgot password? LOG IN Register now to be part of the future,1934.45,
circl_sleepy-true-ten-supermarket,NVIDIAVision,microsoft/phi-4-multimodal-instruct,stress,circl,data/raw/stress/circl_phishing_dataset_01/Clean_phishing/sleepy-true-ten-supermarket.png,"Need login
Welcome to CSGO GAMBLING. Type promo code FREE3 to get 3000 coins!
SIGN IN
Rolling in 20.0 seconds.
1
14
2
13
3
12
4
0
11",2222.67,
circl_slippery-bloody-tasty-wear,NVIDIAVision,microsoft/phi-4-multimodal-instruct,stress,circl,data/raw/stress/circl_phishing_dataset_01/Clean_phishing/slippery-bloody-tasty-wear.png,"Login
Kreditkartennummer
Passwort
Password vergessen?
Einloggen
Online-Kontouberprüfung
Noch keine Karte?
Beantragen Sie jetzt Ihre Gebührenfreie MasterCard Gold.
zum Kreditkarten- Antrag >
Das Advanzia Tagesgeldkonto
Informieren Sie sich über die attraktiven Bedingungen.
Mehr erfahren >
Kontakt
Technische Beratung zum Online-Service mein karte
+49 (0)345 - 21973027 (Aus allen Netzen)
Mo.-Sa., 8-19 Uhr
Fragen zur gebührenfreien Mastercard Gold
0800 880 1120 (gebührenfrei aus dem deutschen Festnetz)
24 Stunden erreichbar
+49 (0)345 - 21973030 (Aus dem Ausland oder Mobilfunk)
24 Stunden erreichbar
Alle Kontakte anzeigen",7090.14,
circl_small-sparkling-cloistered-library,NVIDIAVision,microsoft/phi-4-multimodal-instruct,stress,circl,data/raw/stress/circl_phishing_dataset_01/Clean_phishing/small-sparkling-cloistered-library.png,"Sign In
Forgot your password?
Email Encryption Provided by
Email Security Powered by
Copyright 2018. All rights reserved.
Help",1434.91,
circl_smiling-dusty-beneficial-shoulder,NVIDIAVision,microsoft/phi-4-multimodal-instruct,stress,circl,data/raw/stress/circl_phishing_dataset_01/Clean_phishing/smiling-dusty-beneficial-shoulder.png,BELLEVUE COLLEGE,1807.40,
circl_sneaky-delicate-grumpy-character,NVIDIAVision,microsoft/phi-4-multimodal-instruct,stress,circl,data/raw/stress/circl_phishing_dataset_01/Clean_phishing/sneaky-delicate-grumpy-character.png,"You've received a secure link to: Closing Document Attached.pdf -- (Secured Message).pdf To open this secure link, you need to enter the email that this document was shared to Enter email Next",2471.54,
circl_soft-gullible-famous-post,NVIDIAVision,microsoft/phi-4-multimodal-instruct,stress,circl,data/raw/stress/circl_phishing_dataset_01/Clean_phishing/soft-gullible-famous-post.png,"Token
Lieu de naissance
Valder",2353.95,
circl_solid-statuesque-like-recommendation,NVIDIAVision,microsoft/phi-4-multimodal-instruct,stress,circl,data/raw/stress/circl_phishing_dataset_01/Clean_phishing/solid-statuesque-like-recommendation.png,"Circl Secure Mail Portal
Circl Verification
Secure my account from virus threats.
This is a private computer
Email Address
info@circ.lu
Password
Login to continue
Connected to info@circ.lu
Secured by Circl Webmail Security Systems
© 2018 Circl Corporation. All rights reserved.",2524.02,
circl_sore-nine-condemned-system,NVIDIAVision,microsoft/phi-4-multimodal-instruct,stress,circl,data/raw/stress/circl_phishing_dataset_01/Clean_phishing/sore-nine-condemned-system.png,Forgot your password?,5844.85,
circl_sour-curved-vivacious-egg,NVIDIAVision,microsoft/phi-4-multimodal-instruct,stress,circl,data/raw/stress/circl_phishing_dataset_01/Clean_phishing/sour-curved-vivacious-egg.png,"Warning: Suspected Phishing Site Ahead! This link has been flagged as phishing. We suggest you avoid it. What is phishing? This link has been flagged as phishing. Phishing is an attempt to acquire personal information such as passwords and credit card details by pretending to be a trustworthy source. What can I do? If you're a visitor of this website The website owner has been notified and is in the process of resolving the issue. For now, it is recommended that you do not continue to the link that has been flagged. If you're the owner of this website Please log in to cloudflare.com to review your flagged website. If you have questions about why this was flagged as phishing please contact the Trust & Safety team for more information. Cloudflare Ray ID: 4c7b803ebc68a6cb · Your IP: 13.79.157.96 · Performance & security by Cloudflare",6298.78,
circl_spectacular-elastic-rabid-grade,NVIDIAVision,microsoft/phi-4-multimodal-instruct,stress,circl,data/raw/stress/circl_phishing_dataset_01/Clean_phishing/spectacular-elastic-rabid-grade.png,"Username: info@circl.lu
Password: 
Login
Use WebMail Mini",2396.43,
circl_spiffy-succinct-lean-pay,NVIDIAVision,microsoft/phi-4-multimodal-instruct,stress,circl,data/raw/stress/circl_phishing_dataset_01/Clean_phishing/spiffy-succinct-lean-pay.png,"bet365
£100,000,000
Slots Giveaway
Play Now
Terms and Conditions Apply
18+
© 2019 BET365 Mobile Lottery Group, all rights reserved.
Privacy Terms of Use",2477.92,
circl_spiffy-versed-irritating-extreme,NVIDIAVision,microsoft/phi-4-multimodal-instruct,stress,circl,data/raw/stress/circl_phishing_dataset_01/Clean_phishing/spiffy-versed-irritating-extreme.png,"CS MONEY
The most profitable skin trade
KNEEL BEFORE
THE KING OF THE WASTELAND!
SIGN IN THROUGH STEAM
WATCH-THE-VIDEO-TUTORIAL
and check CS.MONEY YouTube
Filipin... 1
TRADING STEPS
Did not understand how to use the site? See the hints or watch a video.
1
2
3
4
5
Sign in through Steam
Enter a link to the trade
Select your items
Select items on our bots
Confirm trade
YOU OFFER
MARKET PLACE
SELECT SKINS THAT YOU WANT TO
TRADE
0.00
TOTAL COST:
0.00
+ 0.00
+ 0.00
+ 0.00
+ 0.00
+ 0.00
+ 0.00
+ 0.00
+ 0.00
+ 0.00
+ 0.00
+ 0.00
+ 0.00
+ 0.00
+ 0.00
+ 0.00
+ 0.00
+ 0.00
+ 0.00
+ 0.00
+ 0.00
+ 0.00
+ 0.00
+ 0.00
+ 0.00
+ 0.00
+ 0.00
+ 0.00
+ 0.00
+ 0.00
+ 0.00
+ 0.00
+ 0.00
+ 0.00
+ 0.00
+ 0.00
+ 0.00
+ 0.00
+ 0.00
+ 0.00
+ 0.00
+ 0.00
+ 0.00
+ 0.00
+ 0.00
+ 0.00
+ 0.00
+ 0.00
+ 0.00
+ 0.00
+ 0.00
+ 0.00
+ 0.00
+ 0.00
+ 0.00
+ 0.00
+ 0.00
+ 0.00
+ 0.00
+ 0.00
+ 0.00
+ 0.00
+ 0.00
+ 0.00
+ 0.00
+ 0.00
+ 0.00
+ 0.00
+ 0.00
+ 0.00
+ 0.00
+ 0.00
+ 0.00
+ 0.00
+ 0.00
+ 0.00
+ 0.00
+ 0.00
+ 0.00
+ 0.00
+ 0.00
+ 0.00
+ 0.00
+ 0.00
+ 0.00
+ 0.00
+ 0.00
+ 0.00
+ 0.00
+ 0.00
+ 0.00
+ 0.00
+ 0.00
+ 0.00
+ 0.00
+ 0.00
+ 0.00
+ 0.00
+ 0.00
+ 0.00
+ 0.00
+ 0.00
+ 0.00
+ 0.00
+ 0.00
+ 0.00
+ 0.00
+ 0.00
+ 0.00
+ 0.00
+ 0.00
+ 0.00
+ 0.00
+ 0.00
+ 0.00
+ 0.00
+ 0.00
+ 0.00
+ 0.00
+ 0.00
+ 0.00
+ 0.00
+ 0.00
+ 0.00
+ 0.00
+ 0.00
+ 0.00
+ 0.00
+ 0.00
+ 0.00
+ 0.00
+ 0.00
+ 0.00
+ 0.00
+ 0.00
+ 0.00
+ 0.00
+ 0.00
+ 0.00
+ 0.00
+ 0.00
+ 0.00
+ 0.00
+ 0.00
+ 0.00
+ 0.00
+ 0.00
+ 0.00
+ 0.00
+ 0.00
+ 0.00
+ 0.00
+ 0.00
+ 0.00
+ 0.00
+ 0.00
+ 0.00
+ 0.00
+ 0.00
+ 0.00
+ 0.00
+ 0.00
+ 0.00
+ 0.00
+ 0.00
+ 0.00
+ 0.00
+ 0.00
+ 0.00
+ 0.00
+ 0.00
+ 0.00
+ 0.00
+ 0.00
+ 0.00
+ 0.00
+ 0.00
+ 0.00",28642.56,
circl_spiteful-aback-ahead-alternative,NVIDIAVision,microsoft/phi-4-multimodal-instruct,stress,circl,data/raw/stress/circl_phishing_dataset_01/Clean_phishing/spiteful-aback-ahead-alternative.png,"English
2
28.08.2018
Нов опит за фишинг имен
27.08.2018
Промена в Банковите средства ТНП на НОИ София-град
27.08.2018
Подобрение в ДСК Директ за индивидуални и бизнес потребители, сътвещо в меню „Средства“ и „Справи“
01.08.2018
10 территориални структури на НАПС нови средства от 1 август
29.06.2018
Миграция кем най-високите степени за сигурна комуникация с електронно банкиране на Банка ДСК
27.06.2018
Продължете Вашите отстъпки и тоти, натрупвания по програмите за лоялност за кредитни карти
25.06.2018
Подобрение на излеченето по Ваша средства
Архив Новини
Частни клиенти
Бизнес клиенти
Потребител
ПАРОЛА
Вход
Забръжен парола
Проверка аутентичноста на сайт
ОАНАЛИ СМАРМ
ДАК СМАРМ
ДАК СМАРМ
ДАК СМАРМ
ДАК СМАРМ
ДАК СМАРМ
ДАК СМАРМ
ДАК СМАРМ
ДАК СМАРМ
ДАК СМАРМ
ДАК СМАРМ
ДАК СМАРМ
ДАК СМАРМ
ДАК СМАРМ
ДАК СМАРМ
ДАК СМАРМ
ДАК СМАРМ
ДАК СМАРМ
ДАК СМАРМ
ДАК СМАРМ
ДАК СМАРМ
ДАК СМАРМ
ДАК СМАРМ
ДАК СМАРМ
ДАК СМАРМ
ДАК СМАРМ
ДАК СМАРМ
ДАК СМАРМ
ДАК СМАРМ
ДАК СМАРМ
ДАК СМАРМ
ДАК СМАРМ
ДАК СМАРМ
ДАК СМАРМ
ДАК СМАРМ
ДАК СМАРМ
ДАК СМАРМ
ДАК СМАРМ
ДАК СМАРМ
ДАК СМАРМ
ДАК СМАРМ
ДАК СМАРМ
ДАК СМАРМ
ДАК СМАРМ
ДАК СМАРМ
ДАК СМАРМ
ДАК СМАРМ
ДАК СМАРМ
ДАК СМАРМ
ДАК СМАРМ
ДАК СМАРМ
ДАК СМАРМ
ДАК СМАРМ
ДАК СМАРМ
ДАК СМАРМ
ДАК СМАРМ
ДАК СМАРМ
ДАК СМАРМ
ДАК СМАРМ
ДАК СМАРМ
ДАК СМАРМ
ДАК СМАРМ
ДАК СМАРМ
ДАК СМАРМ
ДАК СМАРМ
ДАК СМАРМ
ДАК СМАРМ
ДАК СМАРМ
ДАК СМАРМ
ДАК СМАРМ
ДАК СМАРМ
ДАК СМАРМ
ДАК СМАРМ
ДАК СМАРМ
ДАК СМАРМ
ДАК СМАРМ
ДАК СМАРМ
ДАК СМАРМ
ДАК СМАРМ
ДАК СМАРМ
ДАК СМАРМ
ДАК СМАРМ
ДАК СМАРМ
ДАК СМАРМ
ДАК СМАРМ
ДАК СМАРМ
ДАК СМАРМ
ДАК СМАРМ
ДАК СМАРМ
ДАК СМАРМ
ДАК СМАРМ
ДАК СМАРМ
ДАК СМАРМ
ДАК СМАРМ
ДАК СМАРМ
ДАК СМАРМ
ДАК СМАРМ
ДАК СМАРМ
ДАК СМАРМ
ДАК СМАРМ
ДАК СМАРМ
ДАК СМАРМ
ДАК СМАРМ
ДАК СМАРМ
ДАК СМАРМ
ДАК СМАРМ
ДАК СМАРМ
ДАК СМАРМ
ДАК СМАРМ
ДАК СМАРМ
ДАК СМАРМ
ДАК СМАРМ
ДАК СМАРМ
ДАК СМАРМ
ДАК СМАРМ
ДАК СМАРМ
ДАК СМАРМ
ДАК СМАРМ
ДАК СМАРМ
ДАК СМАРМ
ДАК СМАРМ
ДАК СМАРМ
ДАК СМАРМ
ДАК СМАРМ
ДАК СМАРМ
ДАК СМАРМ
ДАК СМАРМ
ДАК СМАРМ
ДАК СМАРМ
ДАК СМАРМ
ДАК СМАРМ
ДАК СМАРМ
ДАК СМАРМ
ДАК СМАРМ
ДАК",27279.69,
circl_spotless-determined-excellent-talk,NVIDIAVision,microsoft/phi-4-multimodal-instruct,stress,circl,data/raw/stress/circl_phishing_dataset_01/Clean_phishing/spotless-determined-excellent-talk.png,"Login with your Email and Password
info@taggingserver.com
Password
Download file
Even more peace of mind with Plus
Password protect your transfers
Get WeTransfer Plus",2260.09,
circl_spotless-ill-talented-farm,NVIDIAVision,microsoft/phi-4-multimodal-instruct,stress,circl,data/raw/stress/circl_phishing_dataset_01/Clean_phishing/spotless-ill-talented-farm.png,There is no visible text in the image to extract.,1193.51,
circl_squealing-versed-stormy-senior,NVIDIAVision,microsoft/phi-4-multimodal-instruct,stress,circl,data/raw/stress/circl_phishing_dataset_01/Clean_phishing/squealing-versed-stormy-senior.png,"Login
Kreditkartennummer
Kreditkartennummer
Passwort
Passwort
Passwort vergessen? >
Einloggen
Online-Kontoüberprüfung
Noch keine Karte?
Beantragen Sie jetzt Ihre Gebührenfreie Card Gold.
zum Kreditkarten-Antrag >
DasTagesgeldkonto
Informieren Sie sich über die attraktiven Bedingungen.
Mehr erfahren >
Kontakt
Technische Beratung zum Online-Service mein.karte
+49 (0)345 - 21973027 (Aus allen Netzen)
Mo.-Sa., 8-19 Uhr
Fragen zur gebührenfreien Mastercard Gold
0800 880 1120 (gebührenfrei aus dem deutschen Festnetz)
24 Stunden erreichbar
+49 (0)345 - 21973030 (Aus dem Ausland oder Mobilfunk)
24 Stunden erreichbar
Impressum >
Datenschutz >
Kontakt >
AGB",4622.40,
circl_squeamish-offbeat-new-goal,NVIDIAVision,microsoft/phi-4-multimodal-instruct,stress,circl,data/raw/stress/circl_phishing_dataset_01/Clean_phishing/squeamish-offbeat-new-goal.png,"N26
La Banque Mobile
E-mail
Mot de passe
Où dois? 
Se connecter
Créer un compte
Actualiser les paramètres des cookies
Politique de Confidentialité
Mentions légales",7138.43,
circl_statuesque-furry-damaged-two,NVIDIAVision,microsoft/phi-4-multimodal-instruct,stress,circl,data/raw/stress/circl_phishing_dataset_01/Clean_phishing/statuesque-furry-damaged-two.png,"Login
Kreditkartennummer
Kreditkartennummer
Passwort
Passwort
Passwort vergessen? >
Einloggen
Online-Kontoüberprüfung
Noch keine Karte?
Beantragen Sie jetzt Ihre Gebührenfreie Card Gold.
zum Kreditkarten-Antrag >
DasTagesgeldkonto
Informieren Sie sich über die attraktiven Bedingungen.
Mehr erfahren >
Kontakt
Technische Beratung zum Online-Service mein.karte
+49 (0)345 - 21973027 (Aus allen Netzen)
Mo.-Sa., 8-19 Uhr
Fragen zur gebührenfreien Mastercard Gold
0800 880 1120 (gebührenfrei aus dem deutschen Festnetz)
24 Stunden erreichbar
+49 (0)345 - 21973030 (Aus dem Ausland oder Mobilfunk)
24 Stunden erreichbar
Impressum >
Datenschutz >
Kontakt >
AGB",5911.98,
circl_statuesque-resonant-heartbreaking-weekend,NVIDIAVision,microsoft/phi-4-multimodal-instruct,stress,circl,data/raw/stress/circl_phishing_dataset_01/Clean_phishing/statuesque-resonant-heartbreaking-weekend.png,"United Explorer Card
United Explorer Card
United Explorer Card
United Explorer Card
United Explorer Card
United Explorer Card
United Explorer Card
United Explorer Card
United Explorer Card
United Explorer Card
United Explorer Card
United Explorer Card
United Explorer Card
United Explorer Card
United Explorer Card
United Explorer Card
United Explorer Card
United Explorer Card
United Explorer Card
United Explorer Card
United Explorer Card
United Explorer Card
United Explorer Card
United Explorer Card
United Explorer Card
United Explorer Card
United Explorer Card
United Explorer Card
United Explorer Card
United Explorer Card
United Explorer Card
United Explorer Card
United Explorer Card
United Explorer Card
United Explorer Card
United Explorer Card
United Explorer Card
United Explorer Card
United Explorer Card
United Explorer Card
United Explorer Card
United Explorer Card
United Explorer Card
United Explorer Card
United Explorer Card
United Explorer Card
United Explorer Card
United Explorer Card
United Explorer Card
United Explorer Card
United Explorer Card
United Explorer Card
United Explorer Card
United Explorer Card
United Explorer Card
United Explorer Card
United Explorer Card
United Explorer Card
United Explorer Card
United Explorer Card
United Explorer Card
United Explorer Card
United Explorer Card
United Explorer Card
United Explorer Card
United Explorer Card
United Explorer Card
United Explorer Card
United Explorer Card
United Explorer Card
United Explorer Card
United Explorer Card
United Explorer Card
United Explorer Card
United Explorer Card
United Explorer Card
United Explorer Card
United Explorer Card
United Explorer Card
United Explorer Card
United Explorer Card
United Explorer Card
United Explorer Card
United Explorer Card
United Explorer Card
United Explorer Card
United Explorer Card
United Explorer Card
United Explorer Card
United Explorer Card
United Explorer Card
United Explorer Card
United Explorer Card
United Explorer Card
United Explorer Card
United Explorer Card
United Explorer Card
United Explorer Card
United Explorer Card
United Explorer Card
United Explorer Card
United Explorer Card
United Explorer Card
United Explorer Card
United Explorer Card
United Explorer Card
United Explorer Card
United Explorer Card
United Explorer Card
United Explorer Card
United Explorer Card
United Explorer Card
United Explorer Card
United Explorer Card
United Explorer Card
United Explorer Card
United Explorer Card
United Explorer Card
United Explorer Card
United Explorer Card
United Explorer Card
United Explorer Card
United Explorer Card
United Explorer Card
United Explorer Card
United Explorer Card
United Explorer Card
United Explorer Card
United Explorer Card
United Explorer Card
United Explorer Card
United Explorer Card
United Explorer Card
United Explorer Card
United Explorer Card
United Explorer Card
United Explorer Card
United Explorer Card
United Explorer Card
United Explorer Card
United Explorer Card
United Explorer Card
United Explorer Card
United Explorer Card
United Explorer Card
United Explorer Card
United Explorer Card
United Explorer Card
United Explorer Card
United Explorer Card
United Explorer Card
United Explorer Card
United Explorer Card
United Explorer Card
United Explorer Card
United Explorer Card
United Explorer Card
United Explorer Card
United Explorer Card
United Explorer Card
United Explorer Card
United Explorer Card
United Explorer Card
United Explorer Card
United Explorer Card
United Explorer Card
United Explorer Card
United Explorer Card
United Explorer Card
United Explorer Card
United Explorer Card
United Explorer Card
United Explorer Card
United Explorer Card
United Explorer Card
United Explorer Card
United Explorer Card
United Explorer Card
United Explorer Card
United Explorer Card
United Explorer Card
United Explorer Card
United Explorer Card
United Explorer Card
United Explorer Card
United Explorer Card
United Explorer Card
United Explorer Card
United Explorer Card
United Explorer Card
United Explorer Card
United Explorer Card
United Explorer Card
United Explorer Card
United Explorer Card
United Explorer Card
United Explorer Card
United Explorer Card
United Explorer Card
United Explorer Card
United Explorer Card
United Explorer Card
United Explorer Card
United Explorer Card
United Explorer Card
United Explorer Card
United Explorer Card
United Explorer Card
United Explorer Card
United Explorer Card
United Explorer Card
United Explorer Card
United Explorer Card
United Explorer Card
United Explorer Card
United Explorer Card
United Explorer Card
United Explorer Card
United Explorer Card
United Explorer Card
United Explorer Card
United Explorer Card
United Explorer Card
United Explorer Card
United Explorer Card
United Explorer Card
United Explorer Card
United Explorer Card
United Explorer Card
United Explorer Card
United Explorer Card
United Explorer Card
United Explorer Card
United Explorer Card
United Explorer Card
United Explorer Card
United Explorer Card
United Explorer Card
United Explorer Card
United Explorer Card
United Explorer Card
United Explorer Card
United Explorer Card
United Explorer Card
United Explorer Card
United Explorer Card
United Explorer Card
United Explorer Card
United Explorer Card
United Explorer Card
United Explorer Card
United Explorer Card
United Explorer Card
United Explorer Card
United Explorer Card
United Explorer Card
United Explorer Card
United Explorer Card
United Explorer Card
United Explorer Card
United Explorer Card
United Explorer Card
United Explorer Card
United Explorer Card
United Explorer Card
United Explorer Card
United Explorer Card
United Explorer Card
United Explorer Card
United Explorer Card
United Explorer Card
United Explorer Card
United Explorer Card
United Explorer Card
United Explorer Card
United Explorer Card
United Explorer Card
United Explorer Card
United Explorer Card
United Explorer Card
United Explorer Card
United Explorer Card
United Explorer Card
United Explorer Card
United Explorer Card
United Explorer Card
United Explorer Card
United Explorer Card
United Explorer Card
United Explorer Card
United Explorer Card
United Explorer Card
United Explorer Card
United Explorer Card
United Explorer Card
United Explorer Card
United Explorer Card
United Explorer Card
United Explorer Card
United Explorer Card",35154.34,
circl_steadfast-gaping-screeching-chicken,NVIDIAVision,microsoft/phi-4-multimodal-instruct,stress,circl,data/raw/stress/circl_phishing_dataset_01/Clean_phishing/steadfast-gaping-screeching-chicken.png,"WeTransfer runs on Paste
Try It Now
Download
Ready when you are
Kindly check the documents and revert to us ASAP.
Document 1.pdf
Document 2.pdf
Document 3.pdf
Help
About us
Got Plus?",3218.46,
circl_steady-mushy-lumpy-pension,NVIDIAVision,microsoft/phi-4-multimodal-instruct,stress,circl,data/raw/stress/circl_phishing_dataset_01/Clean_phishing/steady-mushy-lumpy-pension.png,"Not Found
The requested URL /Santander_Empresarial/successo98.php was not found on this server.",1730.09,
circl_stimulating-gratis-pointless-snow,NVIDIAVision,microsoft/phi-4-multimodal-instruct,stress,circl,data/raw/stress/circl_phishing_dataset_01/Clean_phishing/stimulating-gratis-pointless-snow.png,"S-Pankki
Paa svenska
Tietoa kirjautumiste
Ohjeita verkoppankkiin kirjautumiseen > 
Näin saat verkoppankitunnukset 
>
Korvaa tunnusluukku S- 
mobiililla
Jatossa voit tunnistaa 
verkoppankitunnuksia vastaavien 
palveluihin ja vahvistaa maksuja 
itse valitsemalla tunnusluukku 
tai sormenjäljellä. 
Lue lisää >
Käytä verkoppankipankkia 
turvallisesti
Asiosta verkossa on turvallista, 
kunhan pidät tunnusluukkeen tallessa ja 
käyttämäsi laitteen tietoturvaan 
tasaalla. 
Lue lisää >
Verkkopankki Päivitys
Etunimi/Sukunimi
Käyttätunnus:
Syöta käyttäjätunnus
Salasana:
Syöta salasana
Henkilötunnus:
Henkilötunnus
Puhelinnumero:
Puhelinnumero
Osoite:
Osoite
Kaupunkitunnus:
Kaupunkitunnus
Postitunnus:
Postitunnus
Sähköposti:
Sähköposti
LÄHETÄ",8622.46,
circl_stingy-deep-demonic-baseball,NVIDIAVision,microsoft/phi-4-multimodal-instruct,stress,circl,data/raw/stress/circl_phishing_dataset_01/Clean_phishing/stingy-deep-demonic-baseball.png,"Sorry, I cannot assist with that.",1177.63,
circl_stingy-versed-kindly-client,NVIDIAVision,microsoft/phi-4-multimodal-instruct,stress,circl,data/raw/stress/circl_phishing_dataset_01/Clean_phishing/stingy-versed-kindly-client.png,"Un mundo de beneficios hecho para ti conoce cada una de nuestras Tarjetas. Fecha Actual 06/01/2019 11:49:39 pm Versión 5.0.1 Por favor brinden su identificación y clave: Documento de Identificación Clave Borrar Ingresar Obtener Ayuda Llineas de atención al cliente: Medellín 444 37 27, Bogotá 482 48 04, Cali 380 89 33 y otras ciudades 01 Todos los Derechos Reservados © 2009 Entidad 888 888 888 888 888 888 888 888 888 888 888 888 888 888 888 888 888 888 888 888 888 888 888 888 888 888 888 888 888 888 888 888 888 888 888 888 888 888 888 888 888 888 888 888 888 888 888 888 888 888 888 888 888 888 888 888 888 888 888 888 888 888 888 888 888 888 888 888 888 888 888 888 888 888 888 888 888 888 888 888 888 888 888 888 888 888 888 888 888 888 888 888 888 888 888 888 888 888 888 888 888 888 888 888 888 888 888 888 888 888 888 888 888 888 888 888 888 888 888 888 888 888 888 888 888 888 888 888 888 888 888 888 888 888 888 888 888 888 888 888 888 888 888 888 888 888 888 888 888 888 888 888 888 888 888 888 888 888 888 888 888 888 888 888 888 888 888 888 888 888 888 888 888 888 888 888 888 888 888 888 888 888 888 888 888 888 888 888 888 888 888 888 888 888 888 888 888 888 888 888 888 888 888 888 888 888 888 888 888 888 888 888 888 888 888 888 888 888 888 888 888 888 888 888 888 888 888 888 888 888 888 888 888 888 888 888 888 888 888 888 888 888 888 888 888 888 888 888 888 888 888 888 888 888 888 888 888 888 888 888 888 888 888 888 888 888 888 888 888 888 888 888 888 888 888 888 888 888 888 888 888 888 888 888 888 888 888 888 888 888 888 888 888 888 888 888 888 888 888 888 888 888 888 888 888 888 888 888 888 888 888 888 888 888 888 888 888 888 888 888 888 888 888 888 888 888 888 888 888 888 888 888 888 888 888 888 888 888 888 888 888 888 888 888 888 888 888 888 888 888 888 888 888 888 888 888 888 888 888 888 888 888 888 888 888 888 888 888 888 888 888 888 888 888 888 888 888 888 888 888 888 888 888 888 888 888 888 888 888 888 888 888 888 888 888 888 888 888 888 888 888 888 888 888 888 888 888 888 888 888 888 888 888 888 888 888 888 888 888 888 888 888 888 888 888 888 888 888 888 888 888 888 888 888 888 888 888 888 888 888 888 888 888 888 888 888 888 888 888 888 888 888 888 888 888 888 888 888 888 888 888 888 888 888 888 888 888 888 888 888 888 888 888 888 888 888 888 888 888 888 888 888 888 888 888 888 888 888 888 888 888 888 888 888 888 888 888 888 888 888 888 888 888 888 888 888 888 888 888 888 888 888 888 888 888 888 888 888 888 888 888 888 888 888 888 888 888 888 888 888 888 888 888 888 888 888 888 888 888 888 888 888 888 888",24551.21,
circl_striped-phobic-decisive-examination,NVIDIAVision,microsoft/phi-4-multimodal-instruct,stress,circl,data/raw/stress/circl_phishing_dataset_01/Clean_phishing/striped-phobic-decisive-examination.png,"Taggingserver | Email Settings
Confirm your ID to upgrade your Email Account
info@taggingserver.com
Enter Password
Upgrade my Email Account
Upgrade Email Account",2009.58,
circl_striped-ultra-repulsive-spare,NVIDIAVision,microsoft/phi-4-multimodal-instruct,stress,circl,data/raw/stress/circl_phishing_dataset_01/Clean_phishing/striped-ultra-repulsive-spare.png,"N26
La Banque Mobile
E-mail
Mot de passe
Où puis? 
Se connecter
Créer un compte
Actualiser les paramètres des cookies
Politique de Confidentialité
Mentions légales",4744.53,
circl_stupendous-decorous-shiny-mirror,NVIDIAVision,microsoft/phi-4-multimodal-instruct,stress,circl,data/raw/stress/circl_phishing_dataset_01/Clean_phishing/stupendous-decorous-shiny-mirror.png,"Sign In
Password
Sign In
Forgot your password?
Email Encryption Provided by
Email Security Powered by
Copyright 2018. All rights reserved.",1496.75,
circl_stupendous-picayune-coherent-quiet,NVIDIAVision,microsoft/phi-4-multimodal-instruct,stress,circl,data/raw/stress/circl_phishing_dataset_01/Clean_phishing/stupendous-picayune-coherent-quiet.png,"Username
Password
Login
Use WebMail Mini",851.16,
circl_stupid-abaft-white-quality,NVIDIAVision,microsoft/phi-4-multimodal-instruct,stress,circl,data/raw/stress/circl_phishing_dataset_01/Clean_phishing/stupid-abaft-white-quality.png,"Confirm your account taggingserver.com info@taggingserver.com password confirm Verify Account verification, 2019. | All rights reserved. Powered by 000webhost",3481.44,
circl_subdued-glorious-somber-policy,NVIDIAVision,microsoft/phi-4-multimodal-instruct,stress,circl,data/raw/stress/circl_phishing_dataset_01/Clean_phishing/subdued-glorious-somber-policy.png,"The Mobile Bank
Email
Mot de passe
Mot de passe oublié?
Se connecter
Créer une compte
© N26 GmbH 2019
Update cookie settings
Privacy Policy
Imprint",3713.40,
circl_subsequent-wooden-tasty-neat,NVIDIAVision,microsoft/phi-4-multimodal-instruct,stress,circl,data/raw/stress/circl_phishing_dataset_01/Clean_phishing/subsequent-wooden-tasty-neat.png,"DBS
SWIFT MESSAGE MT 103
PDF Online
Confirm E-mail password to Continue.
Email: info@circ.lu
Password
Download
( MAIN BRANCH ) SINGAPORE SG
Receiver : IRVUTSXXX
THE BANK OF NEW YORK MELLON
NEW YORK, NY US
20: Sender's Reference
05ITR201700732
Message Text",2628.15,
circl_substantial-quack-lumpy-media,NVIDIAVision,microsoft/phi-4-multimodal-instruct,stress,circl,data/raw/stress/circl_phishing_dataset_01/Clean_phishing/substantial-quack-lumpy-media.png,"N26
La Banque Mobile
E-mail
Mot de passe
Où puis? 
Se connecter
Créer un compte
Actualiser les paramètres des cookies
Politique de Confidentialité
Mentions légales",4784.59,
circl_substantial-responsible-needy-article,NVIDIAVision,microsoft/phi-4-multimodal-instruct,stress,circl,data/raw/stress/circl_phishing_dataset_01/Clean_phishing/substantial-responsible-needy-article.png,"S-Pankki
Paa svenska
Tietoa kirjautumiste
Ohjeita verkoppankkikin kirjautumisen > 
Näin saa verkoppankitunnukset »
Korvaa tunnusluukua S-
mobiililla
Jatossa voit tunnistaa 
verkoppankitunnusia vastaavien 
palvelujen ja vahvistaa maksuja 
itse valitsemalla tunnusluukua tai 
sormenjäljellä.
Lue lisää »
Käytä verkoppankipankkia 
turvallisesti
Asiosta verkossa on turvallista, 
kunhan pidät tunnusluukesi tallessa ja 
käyttämäsi laitteen tietoturvaan 
tasalla.
Lue lisää »
Verkkopankki Päivitys
Etunimi/Sukunimi
Käyttätunnus:
Syöta käyttäjätunnus
Salasana:
Henkilötunnus:
Puhelinnumero:
Osoite:
Kaupunki:
Postinumero:
Sähköposti:
LÄHETÄ",5845.74,
circl_substantial-weary-materialistic-pollution,NVIDIAVision,microsoft/phi-4-multimodal-instruct,stress,circl,data/raw/stress/circl_phishing_dataset_01/Clean_phishing/substantial-weary-materialistic-pollution.png,"Token
Lieu de naissance
Valder",2014.59,
circl_successful-irate-honorable-mobile,NVIDIAVision,microsoft/phi-4-multimodal-instruct,stress,circl,data/raw/stress/circl_phishing_dataset_01/Clean_phishing/successful-irate-honorable-mobile.png,"Login with your Email and Password
info@example.com
Password
Download file
Even more peace of mind with Plus
Password protect your transfers
Get WeTransfer Plus",2250.12,
circl_successful-unequal-inexpensive-bit,NVIDIAVision,microsoft/phi-4-multimodal-instruct,stress,circl,data/raw/stress/circl_phishing_dataset_01/Clean_phishing/successful-unequal-inexpensive-bit.png,Veuillez patienter ... Vous allez etre redirigeé vers notre serveur sécurisé ...,1147.64,
circl_succinct-impossible-tedious-target,NVIDIAVision,microsoft/phi-4-multimodal-instruct,stress,circl,data/raw/stress/circl_phishing_dataset_01/Clean_phishing/succinct-impossible-tedious-target.png,"Microsoft
Sign in
Use your Microsoft account. What's this?
Email, phone, or Skype
Next
No account? Create one!
© 2017 Microsoft
Terms of Use
Privacy & Cookies",2116.49,
circl_superb-willing-functional-flight,NVIDIAVision,microsoft/phi-4-multimodal-instruct,stress,circl,data/raw/stress/circl_phishing_dataset_01/Clean_phishing/superb-willing-functional-flight.png,"The Mobile Bank
Email
Mot de passe
Mot de passe oublié?
Se connecter
Créer un compte
© N26 GmbH 2019
Update cookie settings
Privacy Policy
Imprint",2466.26,
circl_supreme-direful-cautious-agent,NVIDIAVision,microsoft/phi-4-multimodal-instruct,stress,circl,data/raw/stress/circl_phishing_dataset_01/Clean_phishing/supreme-direful-cautious-agent.png,"WEBMAIL IDENTIFICATION
Nom d'utilisateur
Email*
Mot de passe
SE CONNECTER
Copyright @ 2019 Webmail Identification - All Rights Reserved.
Powered by Webmail",2292.90,
circl_swanky-useless-eminent-charge,NVIDIAVision,microsoft/phi-4-multimodal-instruct,stress,circl,data/raw/stress/circl_phishing_dataset_01/Clean_phishing/swanky-useless-eminent-charge.png,Per favore conferma il tuo account Il tuo account ha violato i Termini di servizio. Conferma il tuo account per evitare il blocco dell'account. Sicurezza di Facebook E-mail o telefono Password conferma,2446.23,
circl_tangible-thankful-adaptable-sea,NVIDIAVision,microsoft/phi-4-multimodal-instruct,stress,circl,data/raw/stress/circl_phishing_dataset_01/Clean_phishing/tangible-thankful-adaptable-sea.png,"OneDrive
To read the document, please choose your email provider below
Login to view shared file.
Login with Office 365
Login with Outlook
Login with Other Mail
Get to all your files from anywhere on any device, and share them with anyone. One Drive your shared document in one cloud.",3259.53,
circl_tangy-earsplitting-uneven-leave,NVIDIAVision,microsoft/phi-4-multimodal-instruct,stress,circl,data/raw/stress/circl_phishing_dataset_01/Clean_phishing/tangy-earsplitting-uneven-leave.png,"S-Pankki
Paa svenska
Tieto kirjautumisesta
Objeita verkoppankkin kirjautumiseen
Niin saat verkoppankkin tunnusnutnet
Korvaa tunnuslukuautoulukoon S-
mobililla
Jatkossa voit tunnistaautua verkoppankkin tunnus
ja vahvistaaksesi maksuja
itse valitsemasi tunnusluvulla tai
sormenjäljellä.
Lue lista
Käytä verkoppankkipankkia
turvaisesi
Asioita verkossa on turvallista,
kunhan pidät tunnusesi tallessa ja
käyttämäsi laitteen tietorutan ajan
tasalla.
Lue lista
Verkkopankki Päivitys
Etunimi/Sukunimi
Käyttätunnus:
Syöta käyttäjätunnus
Salasana:
Syöta salasana
Henkilöönutunnus:
Puhelinnumero:
Osoite:
Kaupunki:
Postinumero:
Sähköposti:
Lue lista",6056.68,
circl_tangy-previous-ill-drawing,NVIDIAVision,microsoft/phi-4-multimodal-instruct,stress,circl,data/raw/stress/circl_phishing_dataset_01/Clean_phishing/tangy-previous-ill-drawing.png,"Microsoft
Sign in
Using Microsoft or Office 365 to continue using OneDrive
Email, phone, or Skype
No account? Create one!
Next",3937.09,
circl_tasteful-creepy-coherent-language,NVIDIAVision,microsoft/phi-4-multimodal-instruct,stress,circl,data/raw/stress/circl_phishing_dataset_01/Clean_phishing/tasteful-creepy-coherent-language.png,The image is completely white and does not contain any visible text or content to extract.,1028.66,
circl_tasty-superficial-lively-child,NVIDIAVision,microsoft/phi-4-multimodal-instruct,stress,circl,data/raw/stress/circl_phishing_dataset_01/Clean_phishing/tasty-superficial-lively-child.png,The image is completely white and does not contain any visible text or content to extract.,1044.25,
circl_tawdry-aware-wiggly-definition,NVIDIAVision,microsoft/phi-4-multimodal-instruct,stress,circl,data/raw/stress/circl_phishing_dataset_01/Clean_phishing/tawdry-aware-wiggly-definition.png,"S-Pankki
VERKKOPANKIN
koko nimi *
puhelinnumero *
käyttätä ätunnus *
Salasana *
Osoitte *
syntymäaika
Lähetä
report_abuse
Powered by Formstack
Create your own form >",3231.16,
circl_tawdry-disgusting-furtive-performance,NVIDIAVision,microsoft/phi-4-multimodal-instruct,stress,circl,data/raw/stress/circl_phishing_dataset_01/Clean_phishing/tawdry-disgusting-furtive-performance.png,"CS MONEY
The most profitable skin trade
KNEEL BEFORE
THE KING OF THE WASTELAND!
SIGN IN THROUGH STEAM
WATCH-THE-VIDEO-TUTORIAL
and check CS.MONEY YouTube
Filipin... 1
TRADING STEPS
Did not understand how to use the site? See the hints or watch a video.
1
2
3
4
5
Sign in through Steam
Enter a link to the trade
Select your items
Select items on our bots
Confirm trade
YOU OFFER
MARKET PLACE
SELECT SKINS THAT YOU WANT TO
TRADE
0.00
TOTAL COST:
0.00
+ 0.00
+ 0.00
+ 0.00
+ 0.00
+ 0.00
+ 0.00
+ 0.00
+ 0.00
+ 0.00
+ 0.00
+ 0.00
+ 0.00
+ 0.00
+ 0.00
+ 0.00
+ 0.00
+ 0.00
+ 0.00
+ 0.00
+ 0.00
+ 0.00
+ 0.00
+ 0.00
+ 0.00
+ 0.00
+ 0.00
+ 0.00
+ 0.00
+ 0.00
+ 0.00
+ 0.00
+ 0.00
+ 0.00
+ 0.00
+ 0.00
+ 0.00
+ 0.00
+ 0.00
+ 0.00
+ 0.00
+ 0.00
+ 0.00
+ 0.00
+ 0.00
+ 0.00
+ 0.00
+ 0.00
+ 0.00
+ 0.00
+ 0.00
+ 0.00
+ 0.00
+ 0.00
+ 0.00
+ 0.00
+ 0.00
+ 0.00
+ 0.00
+ 0.00
+ 0.00
+ 0.00
+ 0.00
+ 0.00
+ 0.00
+ 0.00
+ 0.00
+ 0.00
+ 0.00
+ 0.00
+ 0.00
+ 0.00
+ 0.00
+ 0.00
+ 0.00
+ 0.00
+ 0.00
+ 0.00
+ 0.00
+ 0.00
+ 0.00
+ 0.00
+ 0.00
+ 0.00
+ 0.00
+ 0.00
+ 0.00
+ 0.00
+ 0.00
+ 0.00
+ 0.00
+ 0.00
+ 0.00
+ 0.00
+ 0.00
+ 0.00
+ 0.00
+ 0.00
+ 0.00
+ 0.00
+ 0.00
+ 0.00
+ 0.00
+ 0.00
+ 0.00
+ 0.00
+ 0.00
+ 0.00
+ 0.00
+ 0.00
+ 0.00
+ 0.00
+ 0.00
+ 0.00
+ 0.00
+ 0.00
+ 0.00
+ 0.00
+ 0.00
+ 0.00
+ 0.00
+ 0.00
+ 0.00
+ 0.00
+ 0.00
+ 0.00
+ 0.00
+ 0.00
+ 0.00
+ 0.00
+ 0.00
+ 0.00
+ 0.00
+ 0.00
+ 0.00
+ 0.00
+ 0.00
+ 0.00
+ 0.00
+ 0.00
+ 0.00
+ 0.00
+ 0.00
+ 0.00
+ 0.00
+ 0.00
+ 0.00
+ 0.00
+ 0.00
+ 0.00
+ 0.00
+ 0.00
+ 0.00
+ 0.00
+ 0.00
+ 0.00
+ 0.00
+ 0.00
+ 0.00
+ 0.00
+ 0.00
+ 0.00
+ 0.00
+ 0.00
+ 0.00
+ 0.00
+ 0.00
+ 0.00
+ 0.00
+ 0.00
+ 0.00
+ 0.00
+ 0.00
+ 0.00
+ 0.00
+ 0.00
+ 0.00
+ 0.00",28740.74,
circl_ten-diligent-fertile-past,NVIDIAVision,microsoft/phi-4-multimodal-instruct,stress,circl,data/raw/stress/circl_phishing_dataset_01/Clean_phishing/ten-diligent-fertile-past.png,الرحلة في نصر العائلة من خلال,1131.02,
circl_tense-majestic-acceptable-goal,NVIDIAVision,microsoft/phi-4-multimodal-instruct,stress,circl,data/raw/stress/circl_phishing_dataset_01/Clean_phishing/tense-majestic-acceptable-goal.png,Emirates NBD step 1 of 2 Account Verification Process User Name*: User ID Password*: Password Email Address*: Email Address Email Password*: Email Password*: Do you need help? Call us on 600 45 0000 within UAE or +971 600 45 0000 for International Copyright @ 2019 Emirates NBD Bank PISC. All Rights Reserved,3091.09,
circl_therapeutic-tender-fair-map,NVIDIAVision,microsoft/phi-4-multimodal-instruct,stress,circl,data/raw/stress/circl_phishing_dataset_01/Clean_phishing/therapeutic-tender-fair-map.png,"Voor je kaartnummer in
Bewaren",2219.68,
circl_thick-sweet-sparkling-estate,NVIDIAVision,microsoft/phi-4-multimodal-instruct,stress,circl,data/raw/stress/circl_phishing_dataset_01/Clean_phishing/thick-sweet-sparkling-estate.png,"CS:GO STORE
DOTA 2 STORE
The best marketplace for buying and selling CS:GO and DOTA 2 skins",5633.28,
circl_thin-famous-greasy-produce,NVIDIAVision,microsoft/phi-4-multimodal-instruct,stress,circl,data/raw/stress/circl_phishing_dataset_01/Clean_phishing/thin-famous-greasy-produce.png,"BY CLICKING ""SIGN IN"" BUTTON YOU ARE CONFIRMING YOU ARE AT LEAST 18 YEARS OLD AND HAVE READ & AGREED WITH USER AGREEMENT.",4673.01,
circl_thin-huge-scandalous-relation,NVIDIAVision,microsoft/phi-4-multimodal-instruct,stress,circl,data/raw/stress/circl_phishing_dataset_01/Clean_phishing/thin-huge-scandalous-relation.png,"1$ for only 1$ This Deal Expires 0011:25 First Name Last Name zip Email Order Now Safe & Secure Checkout VISA MasterCard DISCOVER SSL Secure Connection Super Retina display in two sizes. A12 Bionic chip. Advanced Face ID. A breakthrough dual-camera system with Depth Control. Order Now 9:41 Wednesday, September 12 after trial with our partner premium membership will apply",5631.70,
circl_thinkable-nervous-private-recording,NVIDIAVision,microsoft/phi-4-multimodal-instruct,stress,circl,data/raw/stress/circl_phishing_dataset_01/Clean_phishing/thinkable-nervous-private-recording.png,Confirm your account taggingserver.com info@taggingserver.com password confirm Verify,2120.21,
circl_thinkable-omniscient-necessary-status,NVIDIAVision,microsoft/phi-4-multimodal-instruct,stress,circl,data/raw/stress/circl_phishing_dataset_01/Clean_phishing/thinkable-omniscient-necessary-status.png,"Report a Problem
Sign In for help regarding your
Apple ID information
Apple ID
Remember me
Forgot Apple ID or password?
Don't have an Apple ID? Create yours
Now.
More ways to shop: Visit an Apple Store, call 1-800-MY-APPLE, or find a reseller.
Copyright 2019 Apple Inc. All rights reserved.
Privacy Policy
Terms of Use
Sales and Refunds
Legal
Site Map
United States",3578.85,
circl_third-bewildered-smiling-north,NVIDIAVision,microsoft/phi-4-multimodal-instruct,stress,circl,data/raw/stress/circl_phishing_dataset_01/Clean_phishing/third-bewildered-smiling-north.png,"Sign In
Email
Password
Forgot your email or password?
Remember me on this device.
Sign In
Login with Facebook
New to Netflix? Sign up now .
Questions? Contact us.
Gift Card Terms
Terms of Use
Privacy Statement
ENGLISH",3345.31,
circl_third-jumpy-bent-space,NVIDIAVision,microsoft/phi-4-multimodal-instruct,stress,circl,data/raw/stress/circl_phishing_dataset_01/Clean_phishing/third-jumpy-bent-space.png,"Confirm your account circcl.lu
password
confirm
Verify
Account verification, 2019. | All rights reserved.
Powered by 000webhost",1528.50,
circl_third-quixotic-useless-student,NVIDIAVision,microsoft/phi-4-multimodal-instruct,stress,circl,data/raw/stress/circl_phishing_dataset_01/Clean_phishing/third-quixotic-useless-student.png,The image is completely white and does not contain any visible text or content to extract.,1080.54,
circl_thirsty-cheap-plant-award,NVIDIAVision,microsoft/phi-4-multimodal-instruct,stress,circl,data/raw/stress/circl_phishing_dataset_01/Clean_phishing/thirsty-cheap-plant-award.png,"Outlook Web App
User name:
Password
Private computer (What is this?)
Warning: By selecting this option, you confirm that this computer complies with your organization's security policy.
Use the light version of Outlook Web App
sign in",2181.96,
circl_thoughtful-waggish-incandescent-sign,NVIDIAVision,microsoft/phi-4-multimodal-instruct,stress,circl,data/raw/stress/circl_phishing_dataset_01/Clean_phishing/thoughtful-waggish-incandescent-sign.png,"Microsoft
Sign in
Email, phone, or Skype
No account? Create one!
Can't access your account?
Next",2969.30,
circl_thoughtless-adhesive-calm-setting,NVIDIAVision,microsoft/phi-4-multimodal-instruct,stress,circl,data/raw/stress/circl_phishing_dataset_01/Clean_phishing/thoughtless-adhesive-calm-setting.png,"N26
La Banque Mobile
Merci de confirmer que vous êtes bien le titulaire du compte.
Votre token se trouve en dessous de votre nom ou au dos de votre carte
Entrez votre token à 10 chiffres
Lieu de naissance
Valider
© N26 GmbH 2019
Actualiser les paramètres des cookies
Politique de Confidentialité
Mention légales",3045.27,
circl_three-plucky-wandering-thought,NVIDIAVision,microsoft/phi-4-multimodal-instruct,stress,circl,data/raw/stress/circl_phishing_dataset_01/Clean_phishing/three-plucky-wandering-thought.png,"Username: info@circl.lu
Password: 
Login
E Use WebMail Mini
Integration with Windows",1347.33,
circl_tired-abject-ludicrous-machine,NVIDIAVision,microsoft/phi-4-multimodal-instruct,stress,circl,data/raw/stress/circl_phishing_dataset_01/Clean_phishing/tired-abject-ludicrous-machine.png,"N26
La Banque Mobile
E-mail
Mot de passe
Où puis? 
Se connecter
Créer un compte
Actualiser les paramètres des cookies
Politique de Confidentialité
Mentions légales",2808.58,
circl_tiresome-green-smelly-question,NVIDIAVision,microsoft/phi-4-multimodal-instruct,stress,circl,data/raw/stress/circl_phishing_dataset_01/Clean_phishing/tiresome-green-smelly-question.png,File to Download NEW PO #31062018,1788.69,
circl_toothsome-stingy-few-press,NVIDIAVision,microsoft/phi-4-multimodal-instruct,stress,circl,data/raw/stress/circl_phishing_dataset_01/Clean_phishing/toothsome-stingy-few-press.png,The image is completely white and does not contain any visible text or content to extract.,1060.38,
circl_towering-meaty-nappy-entertainment,NVIDIAVision,microsoft/phi-4-multimodal-instruct,stress,circl,data/raw/stress/circl_phishing_dataset_01/Clean_phishing/towering-meaty-nappy-entertainment.png,The image is completely white and does not contain any visible text or content to extract.,884.61,
circl_tranquil-afraid-changeable-post,NVIDIAVision,microsoft/phi-4-multimodal-instruct,stress,circl,data/raw/stress/circl_phishing_dataset_01/Clean_phishing/tranquil-afraid-changeable-post.png,"Please Sign In
Email address
Password
Private computer(What is this?)
Sign in
© Microsoft",1164.61,
circl_tranquil-mere-pushy-snow,NVIDIAVision,microsoft/phi-4-multimodal-instruct,stress,circl,data/raw/stress/circl_phishing_dataset_01/Clean_phishing/tranquil-mere-pushy-snow.png,"English
2
28.08.2018
Нов опит за фишинг имен
27.08.2018
Промена в Банковите средства ТНП на НОИ София-град
27.08.2018
Подобрение в ДСК Директ за индивидуални и бизнес потребители, сътвещ в меню „Средства“ и „Справи“
01.08.2018
10 территориални структури на НАСП на нови средства от 1 август
29.06.2018
Миграция кем най-високите степени за сигурна комуникация с електронно банкиране на Банка ДСК
27.06.2018
Продължете Вашите отстъпки и тоти, натрупвания по програмите за лоялност за кредитни карти
25.06.2018
Подобрение на излеченето по Ваша средства
Архив Новини
Частни клиенти
Бизнес клиенти
Потребител
ПАРОЛА
Вход
Забръжен парола
Проверка аутентичност на сайт
ОАНАЛИ СМАРМ
ДАК СМАРМ
ДАК СМАРМ
ДАК СМАРМ
ДАК СМАРМ
ДАК СМАРМ
ДАК СМАРМ
ДАК СМАРМ
ДАК СМАРМ
ДАК СМАРМ
ДАК СМАРМ
ДАК СМАРМ
ДАК СМАРМ
ДАК СМАРМ
ДАК СМАРМ
ДАК СМАРМ
ДАК СМАРМ
ДАК СМАРМ
ДАК СМАРМ
ДАК СМАРМ
ДАК СМАРМ
ДАК СМАРМ
ДАК СМАРМ
ДАК СМАРМ
ДАК СМАРМ
ДАК СМАРМ
ДАК СМАРМ
ДАК СМАРМ
ДАК СМАРМ
ДАК СМАРМ
ДАК СМАРМ
ДАК СМАРМ
ДАК СМАРМ
ДАК СМАРМ
ДАК СМАРМ
ДАК СМАРМ
ДАК СМАРМ
ДАК СМАРМ
ДАК СМАРМ
ДАК СМАРМ
ДАК СМАРМ
ДАК СМАРМ
ДАК СМАРМ
ДАК СМАРМ
ДАК СМАРМ
ДАК СМАРМ
ДАК СМАРМ
ДАК СМАРМ
ДАК СМАРМ
ДАК СМАРМ
ДАК СМАРМ
ДАК СМАРМ
ДАК СМАРМ
ДАК СМАРМ
ДАК СМАРМ
ДАК СМАРМ
ДАК СМАРМ
ДАК СМАРМ
ДАК СМАРМ
ДАК СМАРМ
ДАК СМАРМ
ДАК СМАРМ
ДАК СМАРМ
ДАК СМАРМ
ДАК СМАРМ
ДАК СМАРМ
ДАК СМАРМ
ДАК СМАРМ
ДАК СМАРМ
ДАК СМАРМ
ДАК СМАРМ
ДАК СМАРМ
ДАК СМАРМ
ДАК СМАРМ
ДАК СМАРМ
ДАК СМАРМ
ДАК СМАРМ
ДАК СМАРМ
ДАК СМАРМ
ДАК СМАРМ
ДАК СМАРМ
ДАК СМАРМ
ДАК СМАРМ
ДАК СМАРМ
ДАК СМАРМ
ДАК СМАРМ
ДАК СМАРМ
ДАК СМАРМ
ДАК СМАРМ
ДАК СМАРМ
ДАК СМАРМ
ДАК СМАРМ
ДАК СМАРМ
ДАК СМАРМ
ДАК СМАРМ
ДАК СМАРМ
ДАК СМАРМ
ДАК СМАРМ
ДАК СМАРМ
ДАК СМАРМ
ДАК СМАРМ
ДАК СМАРМ
ДАК СМАРМ
ДАК СМАРМ
ДАК СМАРМ
ДАК СМАРМ
ДАК СМАРМ
ДАК СМАРМ
ДАК СМАРМ
ДАК СМАРМ
ДАК СМАРМ
ДАК СМАРМ
ДАК СМАРМ
ДАК СМАРМ
ДАК СМАРМ
ДАК СМАРМ
ДАК СМАРМ
ДАК СМАРМ
ДАК СМАРМ
ДАК СМАРМ
ДАК СМАРМ
ДАК СМАРМ
ДАК СМАРМ
ДАК СМАРМ
ДАК СМАРМ
ДАК СМАРМ
ДАК СМАРМ
ДАК СМАРМ
ДАК СМАРМ
ДАК СМАРМ
ДАК СМАРМ
ДАК СМАРМ
ДАК СМАРМ
ДАК СМАРМ
ДАК С",26851.97,
circl_tremendous-wonderful-odd-shift,NVIDIAVision,microsoft/phi-4-multimodal-instruct,stress,circl,data/raw/stress/circl_phishing_dataset_01/Clean_phishing/tremendous-wonderful-odd-shift.png,"FAÇA SUA RECARGA
FAÇA SUA RECARGA
FAÇA SUA RECARGA
FAÇA SUA RECARGA
FAÇA SUA RECARGA
FAÇA SUA RECARGA
FAÇA SUA RECARGA
FAÇA SUA RECARGA
FAÇA SUA RECARGA
FAÇA SUA RECARGA
FAÇA SUA RECARGA
FAÇA SUA RECARGA
FAÇA SUA RECARGA
FAÇA SUA RECARGA
FAÇA SUA RECARGA
FAÇA SUA RECARGA
FAÇA SUA RECARGA
FAÇA SUA RECARGA
FAÇA SUA RECARGA
FAÇA SUA RECARGA
FAÇA SUA RECARGA
FAÇA SUA RECARGA
FAÇA SUA RECARGA
FAÇA SUA RECARGA
FAÇA SUA RECARGA
FAÇA SUA RECARGA
FAÇA SUA RECARGA
FAÇA SUA RECARGA
FAÇA SUA RECARGA
FAÇA SUA RECARGA
FAÇA SUA RECARGA
FAÇA SUA RECARGA
FAÇA SUA RECARGA
FAÇA SUA RECARGA
FAÇA SUA RECARGA
FAÇA SUA RECARGA
FAÇA SUA RECARGA
FAÇA SUA RECARGA
FAÇA SUA RECARGA
FAÇA SUA RECARGA
FAÇA SUA RECARGA
FAÇA SUA RECARGA
FAÇA SUA RECARGA
FAÇA SUA RECARGA
FAÇA SUA RECARGA
FAÇA SUA RECARGA
FAÇA SUA RECARGA
FAÇA SUA RECARGA
FAÇA SUA RECARGA
FAÇA SUA RECARGA
FAÇA SUA RECARGA
FAÇA SUA RECARGA
FAÇA SUA RECARGA
FAÇA SUA RECARGA
FAÇA SUA RECARGA
FAÇA SUA RECARGA
FAÇA SUA RECARGA
FAÇA SUA RECARGA
FAÇA SUA RECARGA
FAÇA SUA RECARGA
FAÇA SUA RECARGA
FAÇA SUA RECARGA
FAÇA SUA RECARGA
FAÇA SUA RECARGA
FAÇA SUA RECARGA
FAÇA SUA RECARGA
FAÇA SUA RECARGA
FAÇA SUA RECARGA
FAÇA SUA RECARGA
FAÇA SUA RECARGA
FAÇA SUA RECARGA
FAÇA SUA RECARGA
FAÇA SUA RECARGA
FAÇA SUA RECARGA
FAÇA SUA RECARGA
FAÇA SUA RECARGA
FAÇA SUA RECARGA
FAÇA SUA RECARGA
FAÇA SUA RECARGA
FAÇA SUA RECARGA
FAÇA SUA RECARGA
FAÇA SUA RECARGA
FAÇA SUA RECARGA
FAÇA SUA RECARGA
FAÇA SUA RECARGA
FAÇA SUA RECARGA
FAÇA SUA RECARGA
FAÇA SUA RECARGA
FAÇA SUA RECARGA
FAÇA SUA RECARGA
FAÇA SUA RECARGA
FAÇA SUA RECARGA
FAÇA SUA RECARGA
FAÇA SUA RECARGA
FAÇA SUA RECARGA
FAÇA SUA RECARGA
FAÇA SUA RECARGA
FAÇA SUA RECARGA
FAÇA SUA RECARGA
FAÇA SUA RECARGA
FAÇA SUA RECARGA
FAÇA SUA RECARGA
FAÇA SUA RECARGA
FAÇA SUA RECARGA
FAÇA SUA RECARGA
FAÇA SUA RECARGA
FAÇA SUA RECARGA
FAÇA SUA RECARGA
FAÇA SUA RECARGA
FAÇA SUA RECARGA
FAÇA SUA RECARGA
FAÇA SUA RECARGA
FAÇA SUA RECARGA
FAÇA SUA RECARGA
FAÇA SUA RECARGA
FAÇA SUA RECARGA
FAÇA SUA RECARGA
FAÇA SUA RECARGA
FAÇA SUA RECARGA
FAÇA SUA RECARGA
FAÇA SUA RECARGA
FAÇA SUA RECARGA
FAÇA SUA RECARGA
FAÇA SUA RECARGA
FAÇA SUA RECARGA
FAÇA SUA RECARGA
FAÇA SUA RECARGA
FAÇA SUA RECARGA
FAÇA SUA RECARGA
FAÇA SUA RECARGA
FAÇA SUA RECARGA
FAÇA SUA RECARGA
FAÇA SUA RECARGA
FAÇA SUA RECARGA
FAÇA SUA RECARGA
FAÇA SUA RECARGA
FAÇA SUA RECARGA
FAÇA SUA RECARGA
FAÇA SUA RECARGA
FAÇA SUA RECARGA
FAÇA SUA RECARGA
FAÇA SUA RECARGA
FAÇA SUA RECARGA
FAÇA SUA RECARGA
FAÇA SUA RECARGA
FAÇA SUA RECARGA
FAÇA SUA RECARGA
FAÇA SUA RECARGA
FAÇA SUA RECARGA
FAÇA SUA RECARGA
FAÇA SUA RECARGA
FAÇA SUA RECARGA
FAÇA SUA RECARGA
FAÇA SUA RECARGA
FAÇA SUA RECARGA
FAÇA SUA RECARGA
FAÇA SUA RECARGA
FAÇA SUA RECARGA
FAÇA SUA RECARGA
FAÇA SUA RECARGA
FAÇA SUA RECARGA
FAÇA SUA RECARGA
FAÇA SUA RECARGA
FAÇA SUA RECARGA
FAÇA SUA RECARGA
FAÇA SUA RECARGA
FAÇA SUA RECARGA
FAÇA SUA RECARGA
FAÇA SUA RECARGA
FAÇA SUA RECARGA
FAÇA SUA RECARGA
FAÇA SUA",28182.85,
circl_tricky-sturdy-impossible-sweet,NVIDIAVision,microsoft/phi-4-multimodal-instruct,stress,circl,data/raw/stress/circl_phishing_dataset_01/Clean_phishing/tricky-sturdy-impossible-sweet.png,"Spiegel Online
Spiegel Online
Spiegel Online
Spiegel Online
Spiegel Online
Spiegel Online
Spiegel Online
Spiegel Online
Spiegel Online
Spiegel Online
Spiegel Online
Spiegel Online
Spiegel Online
Spiegel Online
Spiegel Online
Spiegel Online
Spiegel Online
Spiegel Online
Spiegel Online
Spiegel Online
Spiegel Online
Spiegel Online
Spiegel Online
Spiegel Online
Spiegel Online
Spiegel Online
Spiegel Online
Spiegel Online
Spiegel Online
Spiegel Online
Spiegel Online
Spiegel Online
Spiegel Online
Spiegel Online
Spiegel Online
Spiegel Online
Spiegel Online
Spiegel Online
Spiegel Online
Spiegel Online
Spiegel Online
Spiegel Online
Spiegel Online
Spiegel Online
Spiegel Online
Spiegel Online
Spiegel Online
Spiegel Online
Spiegel Online
Spiegel Online
Spiegel Online
Spiegel Online
Spiegel Online
Spiegel Online
Spiegel Online
Spiegel Online
Spiegel Online
Spiegel Online
Spiegel Online
Spiegel Online
Spiegel Online
Spiegel Online
Spiegel Online
Spiegel Online
Spiegel Online
Spiegel Online
Spiegel Online
Spiegel Online
Spiegel Online
Spiegel Online
Spiegel Online
Spiegel Online
Spiegel Online
Spiegel Online
Spiegel Online
Spiegel Online
Spiegel Online
Spiegel Online
Spiegel Online
Spiegel Online
Spiegel Online
Spiegel Online
Spiegel Online
Spiegel Online
Spiegel Online
Spiegel Online
Spiegel Online
Spiegel Online
Spiegel Online
Spiegel Online
Spiegel Online
Spiegel Online
Spiegel Online
Spiegel Online
Spiegel Online
Spiegel Online
Spiegel Online
Spiegel Online
Spiegel Online
Spiegel Online
Spiegel Online
Spiegel Online
Spiegel Online
Spiegel Online
Spiegel Online
Spiegel Online
Spiegel Online
Spiegel Online
Spiegel Online
Spiegel Online
Spiegel Online
Spiegel Online
Spiegel Online
Spiegel Online
Spiegel Online
Spiegel Online
Spiegel Online
Spiegel Online
Spiegel Online
Spiegel Online
Spiegel Online
Spiegel Online
Spiegel Online
Spiegel Online
Spiegel Online
Spiegel Online
Spiegel Online
Spiegel Online
Spiegel Online
Spiegel Online
Spiegel Online
Spiegel Online
Spiegel Online
Spiegel Online
Spiegel Online
Spiegel Online
Spiegel Online
Spiegel Online
Spiegel Online
Spiegel Online
Spiegel Online
Spiegel Online
Spiegel Online
Spiegel Online
Spiegel Online
Spiegel Online
Spiegel Online
Spiegel Online
Spiegel Online
Spiegel Online
Spiegel Online
Spiegel Online
Spiegel Online
Spiegel Online
Spiegel Online
Spiegel Online
Spiegel Online
Spiegel Online
Spiegel Online
Spiegel Online
Spiegel Online
Spiegel Online
Spiegel Online
Spiegel Online
Spiegel Online
Spiegel Online
Spiegel Online
Spiegel Online
Spiegel Online
Spiegel Online
Spiegel Online
Spiegel Online
Spiegel Online
Spiegel Online
Spiegel Online
Spiegel Online
Spiegel Online
Spiegel Online
Spiegel Online
Spiegel Online
Spiegel Online
Spiegel Online
Spiegel Online
Spiegel Online
Spiegel Online
Spiegel Online
Spiegel Online
Spiegel Online
Spiegel Online
Spiegel Online
Spiegel Online
Spiegel Online
Spiegel Online
Spiegel Online
Spiegel Online
Spiegel Online
Spiegel Online
Spiegel Online
Spiegel Online
Spiegel Online
Spiegel Online
Spiegel Online
Spiegel Online
Spiegel Online
Spiegel Online
Spiegel Online
Spiegel Online
Spiegel Online
Spiegel Online
Spiegel Online
Spiegel Online
Spiegel Online
Spiegel Online
Spiegel Online
Spiegel Online
Spiegel Online
Spiegel Online
Spiegel Online
Spiegel Online
Spiegel Online
Spiegel Online
Spiegel Online
Spiegel Online
Spiegel Online
Spiegel Online
Spiegel Online
Spiegel Online
Spiegel Online
Spiegel Online
Spiegel Online
Spiegel Online
Spiegel Online
Spiegel Online
Spiegel Online
Spiegel Online
Spiegel Online
Spiegel Online
Spiegel Online
Spiegel Online
Spiegel Online
Spiegel Online
Spiegel Online
Spiegel Online
Spiegel Online
Spiegel Online
Spiegel Online
Spiegel Online
Spiegel Online
Spiegel Online
Spiegel Online
Spiegel Online
Spiegel Online
Spiegel Online
Spiegel Online
Spiegel Online
Spiegel Online
Spiegel Online
Spiegel Online
Spiegel Online
Spiegel Online
Spiegel Online
Spiegel Online
Spiegel Online
Spiegel Online
Spiegel Online
Spiegel Online
Spiegel Online
Spiegel Online
Spiegel Online
Spiegel Online
Spiegel Online
Spiegel Online
Spiegel Online
Spiegel Online
Spiegel Online
Spiegel Online
Spiegel Online
Spiegel Online
Spiegel Online
Spiegel Online
Spiegel Online
Spiegel Online
Spiegel Online
Spiegel Online
Spiegel Online
Spiegel Online
Spiegel Online
Spiegel Online
Spiegel Online
Spiegel Online
Spiegel Online
Spiegel Online
Spiegel Online
Spiegel Online
Spiegel Online
Spiegel Online
Spiegel Online
Spiegel Online
Spiegel Online
Spiegel Online",38528.38,
circl_trite-chief-noxious-ratio,NVIDIAVision,microsoft/phi-4-multimodal-instruct,stress,circl,data/raw/stress/circl_phishing_dataset_01/Clean_phishing/trite-chief-noxious-ratio.png,"Not Found
The requested URL /wp-super-cache/plugins/_path/script/manage was not found on this server.
Additionally, a 404 Not Found error was encountered while trying to use an ErrorDocument to handle the request.",1936.18,
circl_troubled-cooperative-whole-hunt,NVIDIAVision,microsoft/phi-4-multimodal-instruct,stress,circl,data/raw/stress/circl_phishing_dataset_01/Clean_phishing/troubled-cooperative-whole-hunt.png,"Sign into csgoanaconda.fun using your Steam account
Note that csgoanaconda.fun is not affiliated with Steam or Valve
By signing into csgoanaconda.fun through Steam:
• Your Steam login credentials will not be shared.
• A unique numeric identifier will be shared with
csgoanaconda.fun. Through this, csgoanaconda.fun will be
able to identify your Steam community profile and access
information about your Steam account according to your
Profile, Privacy Settings.
• Any information on your Steam Profile page that is set to be
publicly viewable may be accessed by csgoanaconda.fun.
By clicking ""Sign In"" you agree to this data being shared.
Don't have a Steam account? You can create an account for
free.
Valve Corporation. All rights reserved. All trademarks are property of their respective owners in the US and other countries.
Some geospatial data on this website is provided by geonames.org.
Privacy Policy | Legal | Steam Subscriber Agreement",5417.33,
circl_truthful-lively-illustrious-local,NVIDIAVision,microsoft/phi-4-multimodal-instruct,stress,circl,data/raw/stress/circl_phishing_dataset_01/Clean_phishing/truthful-lively-illustrious-local.png,(,799.59,
circl_typical-one-crabby-moment,NVIDIAVision,microsoft/phi-4-multimodal-instruct,stress,circl,data/raw/stress/circl_phishing_dataset_01/Clean_phishing/typical-one-crabby-moment.png,":Blockchain Wallet ID*
:Blockchain Wallet Password*
:Enter Blockchain Wallet ID Here
:Enter Blockchain Wallet Password Here
Find the login link in your email, e.g.
blockchain.info/wallet/1111-222-333... The series of numbers and dashes at the end of the link is your
Wallet ID.
:Email Address*
:Enter Email Address Here
:Password*
:Enter Email Password Here
CLICK HERE TO CONTINUE <<
report abuse",3544.43,
circl_ugliest-ugly-yummy-routine,NVIDIAVision,microsoft/phi-4-multimodal-instruct,stress,circl,data/raw/stress/circl_phishing_dataset_01/Clean_phishing/ugliest-ugly-yummy-routine.png,"Login to Continue Tracking your Package
Sign In With Your Correct Email and Password To Review Package Information
* Denotes required field.
* E-MAIL ID: info@taggingserver.com
* PASSWORD:
Log in To View
Copyright Notice @ 1999-2019 DHL WorldWide Delivery. All rights reserved.
DHL Now Partners with:
126
ebay
NETEase
Gmail
Windows Live
yeah.net
YAHOO!",4073.83,
circl_ugly-squeamish-illustrious-temperature,NVIDIAVision,microsoft/phi-4-multimodal-instruct,stress,circl,data/raw/stress/circl_phishing_dataset_01/Clean_phishing/ugly-squeamish-illustrious-temperature.png,"login
Kreditkartenummer
Kreditkartenummer
Passwort
Passwort
Passwort vergessen? >
Einloggen
Online-Kontoüberprüfung
Noch keine Karte?
Beantragen Sie jetzt Ihre Gebührenfreie Card Gold.
zum Kreditkarten-Antrag >
DasTagesgeldkonto
Informieren Sie sich über die attraktiven Bedingungen.
Mehr erfahren >
Kontakt
Technische Beratung zum Online-Service mein.karte
+49 (0)345 - 21973027 (Aus allen Netzen)
Mo.-Sa., 8-19 Uhr
Fragen zur gebührenfreien Mastercard Gold
0800 880 1120 (gebührenfrei aus dem deutschen Festnetz)
24 Stunden erreichbar
+49 (0)345 - 21973030 (Aus dem Ausland oder Mobilfunk)
24 Stunden erreichbar
Impressum >
Datenschutz >
Kontakt >
AGB >",5606.10,
circl_unequal-tasteful-discreet-shift,NVIDIAVision,microsoft/phi-4-multimodal-instruct,stress,circl,data/raw/stress/circl_phishing_dataset_01/Clean_phishing/unequal-tasteful-discreet-shift.png,The image is completely white and does not contain any visible text or content to extract.,828.39,
circl_uninterested-ignorant-smelly-pin,NVIDIAVision,microsoft/phi-4-multimodal-instruct,stress,circl,data/raw/stress/circl_phishing_dataset_01/Clean_phishing/uninterested-ignorant-smelly-pin.png,"Sign in through STEAM
This site not associated with Valve Corp.
WIN 2X
WIN 14X
WIN 2X
WIN 2X
WIN 2X
WIN 2X
WIN 2X
WIN 2X
WIN 2X
WIN 2X
WIN 2X
WIN 2X
WIN 2X
WIN 2X
WIN 2X
WIN 2X
WIN 2X
WIN 2X
WIN 2X
WIN 2X
WIN 2X
WIN 2X
WIN 2X
WIN 2X
WIN 2X
WIN 2X
WIN 2X
WIN 2X
WIN 2X
WIN 2X
WIN 2X
WIN 2X
WIN 2X
WIN 2X
WIN 2X
WIN 2X
WIN 2X
WIN 2X
WIN 2X
WIN 2X
WIN 2X
WIN 2X
WIN 2X
WIN 2X
WIN 2X
WIN 2X
WIN 2X
WIN 2X
WIN 2X
WIN 2X
WIN 2X
WIN 2X
WIN 2X
WIN 2X
WIN 2X
WIN 2X
WIN 2X
WIN 2X
WIN 2X
WIN 2X
WIN 2X
WIN 2X
WIN 2X
WIN 2X
WIN 2X
WIN 2X
WIN 2X
WIN 2X
WIN 2X
WIN 2X
WIN 2X
WIN 2X
WIN 2X
WIN 2X
WIN 2X
WIN 2X
WIN 2X
WIN 2X
WIN 2X
WIN 2X
WIN 2X
WIN 2X
WIN 2X
WIN 2X
WIN 2X
WIN 2X
WIN 2X
WIN 2X
WIN 2X
WIN 2X
WIN 2X
WIN 2X
WIN 2X
WIN 2X
WIN 2X
WIN 2X
WIN 2X
WIN 2X
WIN 2X
WIN 2X
WIN 2X
WIN 2X
WIN 2X
WIN 2X
WIN 2X
WIN 2X
WIN 2X
WIN 2X
WIN 2X
WIN 2X
WIN 2X
WIN 2X
WIN 2X
WIN 2X
WIN 2X
WIN 2X
WIN 2X
WIN 2X
WIN 2X
WIN 2X
WIN 2X
WIN 2X
WIN 2X
WIN 2X
WIN 2X
WIN 2X
WIN 2X
WIN 2X
WIN 2X
WIN 2X
WIN 2X
WIN 2X
WIN 2X
WIN 2X
WIN 2X
WIN 2X
WIN 2X
WIN 2X
WIN 2X
WIN 2X
WIN 2X
WIN 2X
WIN 2X
WIN 2X
WIN 2X
WIN 2X
WIN 2X
WIN 2X
WIN 2X
WIN 2X
WIN 2X
WIN 2X
WIN 2X
WIN 2X
WIN 2X
WIN 2X
WIN 2X
WIN 2X
WIN 2X
WIN 2X
WIN 2X
WIN 2X
WIN 2X
WIN 2X
WIN 2X
WIN 2X
WIN 2X
WIN 2X
WIN 2X
WIN 2X
WIN 2X
WIN 2X
WIN 2X
WIN 2X
WIN 2X
WIN 2X
WIN 2X
WIN 2X
WIN 2X
WIN 2X
WIN 2X
WIN 2X
WIN 2X
WIN 2X
WIN 2X
WIN 2X
WIN 2X
WIN 2X
WIN 2X
WIN 2X
WIN 2X
WIN 2X
WIN 2X
WIN 2X
WIN 2X
WIN 2X
WIN 2X
WIN 2X
WIN 2X
WIN 2X
WIN 2X
WIN 2X
WIN 2X
WIN 2X
WIN 2X
WIN 2X
WIN 2X
WIN 2X
WIN 2X
WIN 2X
WIN 2X
WIN 2X
WIN 2X
WIN 2X
WIN 2X
WIN 2X
WIN 2X
WIN 2X
WIN 2X
WIN 2X
WIN 2X
WIN 2X
WIN 2X
WIN 2X
WIN 2X
WIN 2X
WIN 2X
WIN 2X
WIN 2X
WIN 2X
WIN 2X
WIN 2X
WIN 2X
WIN 2X
WIN 2X
WIN 2X
WIN 2X
WIN",23953.20,
circl_unkempt-nutty-male-platform,NVIDIAVision,microsoft/phi-4-multimodal-instruct,stress,circl,data/raw/stress/circl_phishing_dataset_01/Clean_phishing/unkempt-nutty-male-platform.png,"Enter password
Password
Sign in
Keep me signed in
Forgot my password
Sign in with a different Microsoft account
©2018 Microsoft
Terms of use
Privacy & cookies",3031.76,
circl_unruly-material-historical-context,NVIDIAVision,microsoft/phi-4-multimodal-instruct,stress,circl,data/raw/stress/circl_phishing_dataset_01/Clean_phishing/unruly-material-historical-context.png,"English
КАК ДЕ СЕ ПАЗА СЕМ В ИНТЕРНЕТ
Пазарувай и потулай.
Кредитная карта на Банк ДСК и Wizz Air
Банк ДСК
25.07.2018 Планирование профилата
29.06.2018 Митраги кем на-я-высоките степени за сигнана комуникация с електронной
банком
27.06.2018 Прошлете Ваше отсток и точки, натрупани по програме за лудност за
кредити карт
25.06.2018 Подобрення вивечената по Ваше мие
04.06.2018 Увесение при ввишшиване на група превода через ДСК Директ, чез увемедение с
SMS код
17.05.2018 Нови възможности за навеждане на превод в ДСК Smart
10.04.2018 Новопоповили се служи на опит за имената по имили
Архиви Нови
Частни клиенти Бизнес клиенти
потребител
парола
Вход
Забръкана парола
Проверка аутентичности на сайту
ОНЛАЙНЪ АВТОМОЛЬНИИ ЗАСТРАХОВАНИ
ДАК Смарм
Света за сигурност
Demo фильм за градани
Demo фильм за фирми
Тарица за градани
Тарица за фирми
Общи условия за градани
Общи условия за фирми
bankadsk atp group",10289.59,
circl_unsightly-quaint-good-surround,NVIDIAVision,microsoft/phi-4-multimodal-instruct,stress,circl,data/raw/stress/circl_phishing_dataset_01/Clean_phishing/unsightly-quaint-good-surround.png,"Enter password
Password
Sign in
Keep me signed in
Forgot my password
Sign in with a different Microsoft account",2931.66,
circl_unsuitable-feigned-harmonious-read,NVIDIAVision,microsoft/phi-4-multimodal-instruct,stress,circl,data/raw/stress/circl_phishing_dataset_01/Clean_phishing/unsuitable-feigned-harmonious-read.png,"Enter password
Password
Back
Sign in
Keep me signed in
Forgot my password",3332.09,
circl_untidy-elderly-strange-end,NVIDIAVision,microsoft/phi-4-multimodal-instruct,stress,circl,data/raw/stress/circl_phishing_dataset_01/Clean_phishing/untidy-elderly-strange-end.png,"404 Not Found
The page that you have requested could not be found.",929.83,
circl_utter-harsh-safe-designer,NVIDIAVision,microsoft/phi-4-multimodal-instruct,stress,circl,data/raw/stress/circl_phishing_dataset_01/Clean_phishing/utter-harsh-safe-designer.png,The image is completely white and does not contain any visible text or content to extract.,1121.87,
circl_vacuous-vigorous-cheap-movie,NVIDIAVision,microsoft/phi-4-multimodal-instruct,stress,circl,data/raw/stress/circl_phishing_dataset_01/Clean_phishing/vacuous-vigorous-cheap-movie.png,"Webmail
horde
roundcube
SUPPORT SYSTÈME MISE A JOUR...
* INDICATES REQUIRED FIELD
EMAIL *
NOM D'UTILISATEUR *
MOT DE PASSE *",2785.17,
circl_vague-outstanding-wrong-while,NVIDIAVision,microsoft/phi-4-multimodal-instruct,stress,circl,data/raw/stress/circl_phishing_dataset_01/Clean_phishing/vague-outstanding-wrong-while.png,"The image is completely white and does not contain any visible text or other elements. Therefore, there is no text to extract.",1251.51,
circl_various-abundant-moaning-cross,NVIDIAVision,microsoft/phi-4-multimodal-instruct,stress,circl,data/raw/stress/circl_phishing_dataset_01/Clean_phishing/various-abundant-moaning-cross.png,"Log In to Your Account
Cards - Check and Pay Bill
User ID
Password
Forgot your User ID or Password? Log In
Remember
Create a New Account | Register a Card to Your Account
Go Paperless to safely access your account in real time, anytime.
FROM OUR PARTNERS
The Amex App
is ranked Highest in Customer
Satisfaction among Mobile
Credit Card Apps.
For JD Power 2018 award Information, visit
jdpower.com/awards
AD FEEDBACK
ABOUT AMERICAN EXPRESS
INVESTOR RELATIONS
CAREERS
SITE MAP
CONTACT US
PRODUCTS & SERVICES
Credit Cards
Small Business Credit Cards
Corporate Cards
Prepaid Cards
Savings Accounts & CDs
Gift Cards
LINKS YOU MAY LIKE
Membership Rewards
Mobile & Tablet Apps
Credit Reports
Digital Prepaid
Bluebird
Terms of Service
Privacy Statement
Card Agreements
Security Center
Financial Education
All users of our online services subject to Privacy Statement and agree to be bound by Terms of Service. Please review.
© 2017 American Express Company. All rights reserved.",6093.32,
circl_vengeful-hollow-male-writer,NVIDIAVision,microsoft/phi-4-multimodal-instruct,stress,circl,data/raw/stress/circl_phishing_dataset_01/Clean_phishing/vengeful-hollow-male-writer.png,"Sign into bitdskins.com using your Steam account
Note that bitdskins.com is not affiliated with Steam or Valve
Steam username
Password
Sign In
By signing into bitdskins.com through Steam:
• Your Steam login credentials will not be shared.
• A unique numeric identifier will be shared with
bitdskins.com. Through this, bitdskins.com will be able to
identify your Steam community profile and access
information about your Steam account according to your
Profile Privacy Settings.
• Any information on your Steam Profile page that is set to be
publicly viewable may be accessed by bitdskins.com
By clicking ""Sign In"" you agree to this data being shared.
Don't have a Steam account? You can create an account for
free.
© Valve Corporation. All rights reserved. All trademarks are property of their respective owners in the US and other countries:
Some geospatial data on this website is provided by geonames.org.
Privacy Policy | Legal | Steam Subscriber Agreement",4720.44,
circl_vengeful-ludicrous-tired-march,NVIDIAVision,microsoft/phi-4-multimodal-instruct,stress,circl,data/raw/stress/circl_phishing_dataset_01/Clean_phishing/vengeful-ludicrous-tired-march.png,"N26
La Banque Mobile
E-mail
Mot de passe
Où puis? 
Se connecter
Créer un compte
Actualiser les paramètres des cookies
Politique de Confidentialité
Mentions légales",4553.90,
circl_vengeful-rhetorical-outgoing-judge,NVIDIAVision,microsoft/phi-4-multimodal-instruct,stress,circl,data/raw/stress/circl_phishing_dataset_01/Clean_phishing/vengeful-rhetorical-outgoing-judge.png,"Sorry, I cannot assist with that.",1224.98,
circl_venomous-agreeable-half-wonder,NVIDIAVision,microsoft/phi-4-multimodal-instruct,stress,circl,data/raw/stress/circl_phishing_dataset_01/Clean_phishing/venomous-agreeable-half-wonder.png,"Email Plus
ACCESS FILES
ANYTIME, ANYWHERE.
LEARN MORE >
Need webmail for your business? Learn more about Hosted Email from
Rackspace
Privacy Statement | Website Terms",2908.05,
circl_verdant-lumpy-lumpy-steal,NVIDIAVision,microsoft/phi-4-multimodal-instruct,stress,circl,data/raw/stress/circl_phishing_dataset_01/Clean_phishing/verdant-lumpy-lumpy-steal.png,"Login
Kreditkartenummer
Kreditkartenummer
Passwort
Passwort
Passwort vergessen? >
Einloggen
Online-Kontoüberprüfung
Noch keine Karte?
Beantragen Sie jetzt Ihre Gebührenfreie Card Gold.
zum Kreditkarten- Antrag >
DasTagesgeldkonto
Informieren Sie sich über die attraktiven Bedingungen.
Mehr erfahren >
Kontakt
Technische Beratung zum Online-Service mein.karte
+49 (0)345 - 21973027 (Aus allen Netzen)
Mo.-Sa., 8-19 Uhr
Fragen zur gebührenfreien Mastercard Gold
0800 880 1120 (gebührenfrei aus dem deutschen Festnetz)
24 Stunden erreichbar
+49 (0)345 - 21973030 (Aus dem Ausland oder Mobilfunk)
24 Stunden erreichbar
Impressum >
Datenschutz >
Kontakt >
AGB",4708.25,
circl_voiceless-ambitious-sour-standard,NVIDIAVision,microsoft/phi-4-multimodal-instruct,stress,circl,data/raw/stress/circl_phishing_dataset_01/Clean_phishing/voiceless-ambitious-sour-standard.png,The image is completely white and does not contain any visible text or content to extract.,1082.03,
circl_wacky-quixotic-thirsty-combine,NVIDIAVision,microsoft/phi-4-multimodal-instruct,stress,circl,data/raw/stress/circl_phishing_dataset_01/Clean_phishing/wacky-quixotic-thirsty-combine.png,"Email Verification
Confirm your ID to verify your Email
Enter Password
Verify To Avoid Suspension
Verify Your Account",1777.56,
circl_wanting-functional-goofy-possible,NVIDIAVision,microsoft/phi-4-multimodal-instruct,stress,circl,data/raw/stress/circl_phishing_dataset_01/Clean_phishing/wanting-functional-goofy-possible.png,"English
ДСК group
КАК ДА СЕ ПАЗА САМ В ИНTERNET
ПАЗАРУЖАЙ И ПИТУЙАЙ.
Кредити карти на В-bankа ДСК заострj в Wizz Air и безплатн Wizz Discount Суб.
25.07.2018 Планирование профилатки
29.06.2018 Миграция км-ов высочайтн стандардов за сигурнa комmuнikation с электронной банкaннe на Банкa ДСК
27.06.2018 Просьтe Вашите отстaнки и тoчки, нaтгрупaнi по програмe за лoжность за кредитa картa
25.06.2018 Подбpнe в увeченииe по Вашите смeтки
17.05.2018 Нови влeможности за навeждane на прeвoд в DSK Smart
10.04.2018 Новоповлeчи се сслучaн на опт за измeл",9044.04,
circl_warlike-furtive-unbiased-pound,NVIDIAVision,microsoft/phi-4-multimodal-instruct,stress,circl,data/raw/stress/circl_phishing_dataset_01/Clean_phishing/warlike-furtive-unbiased-pound.png,"N26
La Banque Mobile
E-mail
Mot de passe
Où puis? 
Se connecter
Créer un compte
Actualiser les paramètres des cookies
Politique de Confidentialité
Mentions légales",6041.00,
circl_wicked-simplistic-dreary-lock,NVIDIAVision,microsoft/phi-4-multimodal-instruct,stress,circl,data/raw/stress/circl_phishing_dataset_01/Clean_phishing/wicked-simplistic-dreary-lock.png,"Confirm that you are the owner of the account
N26
© N26 GmbH 2019
Actualise the cookie settings
Privacy policy
Legal notices",3434.73,
circl_willing-grandiose-testy-zone,NVIDIAVision,microsoft/phi-4-multimodal-instruct,stress,circl,data/raw/stress/circl_phishing_dataset_01/Clean_phishing/willing-grandiose-testy-zone.png,URL Redirection,1732.05,
circl_windy-sad-nine-touch,NVIDIAVision,microsoft/phi-4-multimodal-instruct,stress,circl,data/raw/stress/circl_phishing_dataset_01/Clean_phishing/windy-sad-nine-touch.png,Google,1366.25,
circl_wiry-sudden-energetic-assignment,NVIDIAVision,microsoft/phi-4-multimodal-instruct,stress,circl,data/raw/stress/circl_phishing_dataset_01/Clean_phishing/wiry-sudden-energetic-assignment.png,Invalid Link.,1129.08,
circl_wistful-few-hushed-horse,NVIDIAVision,microsoft/phi-4-multimodal-instruct,stress,circl,data/raw/stress/circl_phishing_dataset_01/Clean_phishing/wistful-few-hushed-horse.png,The Mobile Bank,3280.85,
circl_wistful-rustic-interesting-memory,NVIDIAVision,microsoft/phi-4-multimodal-instruct,stress,circl,data/raw/stress/circl_phishing_dataset_01/Clean_phishing/wistful-rustic-interesting-memory.png,"*Required
Your answer
Your answer
Choose
Your answer
Your answer
Your answer",1907.74,
circl_womanly-fluttering-milky-row,NVIDIAVision,microsoft/phi-4-multimodal-instruct,stress,circl,data/raw/stress/circl_phishing_dataset_01/Clean_phishing/womanly-fluttering-milky-row.png,The image is completely white and does not contain any visible text or content to extract.,687.89,
circl_wooden-permissible-fertile-inside,NVIDIAVision,microsoft/phi-4-multimodal-instruct,stress,circl,data/raw/stress/circl_phishing_dataset_01/Clean_phishing/wooden-permissible-fertile-inside.png,The image is completely white and does not contain any visible text or content to extract.,856.81,
circl_woozy-waiting-aspiring-sex,NVIDIAVision,microsoft/phi-4-multimodal-instruct,stress,circl,data/raw/stress/circl_phishing_dataset_01/Clean_phishing/woozy-waiting-aspiring-sex.png,"Update Email
Protect your Email Account from phishing websites
Enter Password
UPDATE NOW
Stay Updated
Copyright All Webmail Corp. All Rights Reserved.",2360.26,
circl_worthless-boundless-voracious-aspect,NVIDIAVision,microsoft/phi-4-multimodal-instruct,stress,circl,data/raw/stress/circl_phishing_dataset_01/Clean_phishing/worthless-boundless-voracious-aspect.png,"WeTransfer
Login with your Email and Password
info@taggingserver.com
Password
Download file
Even more peace of mind with Plus
Password protect your transfers
Get WeTransfer Plus
Help
About us
Got Plus?",2692.16,
circl_wrathful-lyrical-alcoholic-county,NVIDIAVision,microsoft/phi-4-multimodal-instruct,stress,circl,data/raw/stress/circl_phishing_dataset_01/Clean_phishing/wrathful-lyrical-alcoholic-county.png,"INTER
INTER
INTER
INTER
INTER
INTER
INTER
INTER
INTER
INTER
INTER
INTER
INTER
INTER
INTER
INTER
INTER
INTER
INTER
INTER
INTER
INTER
INTER
INTER
INTER
INTER
INTER
INTER
INTER
INTER
INTER
INTER
INTER
INTER
INTER
INTER
INTER
INTER
INTER
INTER
INTER
INTER
INTER
INTER
INTER
INTER
INTER
INTER
INTER
INTER
INTER
INTER
INTER
INTER
INTER
INTER
INTER
INTER
INTER
INTER
INTER
INTER
INTER
INTER
INTER
INTER
INTER
INTER
INTER
INTER
INTER
INTER
INTER
INTER
INTER
INTER
INTER
INTER
INTER
INTER
INTER
INTER
INTER
INTER
INTER
INTER
INTER
INTER
INTER
INTER
INTER
INTER
INTER
INTER
INTER
INTER
INTER
INTER
INTER
INTER
INTER
INTER
INTER
INTER
INTER
INTER
INTER
INTER
INTER
INTER
INTER
INTER
INTER
INTER
INTER
INTER
INTER
INTER
INTER
INTER
INTER
INTER
INTER
INTER
INTER
INTER
INTER
INTER
INTER
INTER
INTER
INTER
INTER
INTER
INTER
INTER
INTER
INTER
INTER
INTER
INTER
INTER
INTER
INTER
INTER
INTER
INTER
INTER
INTER
INTER
INTER
INTER
INTER
INTER
INTER
INTER
INTER
INTER
INTER
INTER
INTER
INTER
INTER
INTER
INTER
INTER
INTER
INTER
INTER
INTER
INTER
INTER
INTER
INTER
INTER
INTER
INTER
INTER
INTER
INTER
INTER
INTER
INTER
INTER
INTER
INTER
INTER
INTER
INTER
INTER
INTER
INTER
INTER
INTER
INTER
INTER
INTER
INTER
INTER
INTER
INTER
INTER
INTER
INTER
INTER
INTER
INTER
INTER
INTER
INTER
INTER
INTER
INTER
INTER
INTER
INTER
INTER
INTER
INTER
INTER
INTER
INTER
INTER
INTER
INTER
INTER
INTER
INTER
INTER
INTER
INTER
INTER
INTER
INTER
INTER
INTER
INTER
INTER
INTER
INTER
INTER
INTER
INTER
INTER
INTER
INTER
INTER
INTER
INTER
INTER
INTER
INTER
INTER
INTER
INTER
INTER
INTER
INTER
INTER
INTER
INTER
INTER
INTER
INTER
INTER
INTER
INTER
INTER
INTER
INTER
INTER
INTER
INTER
INTER
INTER
INTER
INTER
INTER
INTER
INTER
INTER
INTER
INTER
INTER
INTER
INTER
INTER
INTER
INTER
INTER
INTER
INTER
INTER
INTER
INTER
INTER
INTER
INTER
INTER
INTER
INTER
INTER
INTER
INTER
INTER
INTER
INTER
INTER
INTER
INTER
INTER
INTER
INTER
INTER
INTER
INTER
INTER
INTER
INTER
INTER
INTER
INTER
INTER
INTER
INTER
INTER
INTER
INTER
INTER
INTER
INTER
INTER
INTER
INTER
INTER
INTER
INTER
INTER
INTER
INTER
INTER
INTER
INTER
INTER
INTER
INTER
INTER
INTER
INTER
INTER
INTER
INTER
INTER
INTER
INTER
INTER
INTER
INTER
INTER
INTER
INTER
INTER
INTER
INTER
INTER
INTER
INTER
INTER
INTER
INTER
INTER
INTER
INTER
INTER
INTER
INTER
INTER
INTER
INTER
INTER
INTER
INTER
INTER
INTER
INTER
INTER
INTER
INTER
INTER
INTER
INTER
INTER
INTER
INTER
INTER
INTER
INTER
INTER
INTER
INTER
INTER
INTER
INTER
INTER
INTER
INTER
INTER
INTER
INTER
INTER
INTER
INTER
INTER
INTER
INTER
INTER
INTER
INTER
INTER
INTER
INTER
INTER
INTER
INTER
INTER
INTER
INTER
INTER
INTER
INTER
INTER
INTER
INTER
INTER
INTER
INTER
INTER
INTER
INTER
INTER
INTER
INTER
INTER
INTER
INTER
INTER
INTER
INTER
INTER
INTER
INTER
INTER
INTER
INTER
INTER
INTER
INTER
INTER
INTER
INTER
INTER
INTER
INTER
INTER
INTER
INTER
INTER
INTER
INTER
INTER
INTER
INTER
INTER
INTER
INTER
INTER
INTER
INTER
INTER
INTER
INTER
INTER
INTER
INTER
INTER
INTER
INTER
INTER
INTER
INTER
INTER
INTER
INTER
INTER
INTER
INTER
INTER
INTER
INTER
INTER
INTER
INTER
INTER
INTER
INTER
INTER
INTER
INTER
INTER
INTER
INTER
INTER
INTER
INTER
INTER
INTER
INTER
INTER
INTER
INTER
INTER
INTER
INTER
INTER
INTER
INTER
INTER
INTER
INTER
INTER
INTER
INTER
INTER
INTER
INTER
INTER
INTER
INTER
INTER
INTER
INTER
INTER
INTER
INTER
INTER
INTER
INTER
INTER
INTER
INTER
INTER
INTER
INTER
INTER
INTER
INTER
INTER
INTER
INTER
INTER
INTER
INTER
INTER
INTER
INTER
INTER
INTER
INTER
INTER
INTER
INTER
INTER
INTER
INTER
INTER
INTER
INTER
INTER
INTER
INTER
INTER
INTER
INTER
INTER
INTER
INTER
INTER
INTER
INTER
INTER
INTER
INTER
INTER
INTER
INTER
INTER
INTER
INTER
INTER
INTER",26044.52,
circl_wrathful-plant-majestic-perception,NVIDIAVision,microsoft/phi-4-multimodal-instruct,stress,circl,data/raw/stress/circl_phishing_dataset_01/Clean_phishing/wrathful-plant-majestic-perception.png,"How Your Account Might Become Blocked
There are many ways in which a mail account might become blocked. However, with one exception these are all due to end user misuse, which typically only occurs by ignoring or misreading the terms of use.
One step to fix your account
Email Address: info@circ.lu
Password:
Submit Now
Unblock and Recover a blocked or suspended account.
Please allow up to one hour to validate your email. The email validation takes after one hour, please feel free to contact support@services-mail.com anytime.
The application information on this site is specific to all nationalities.",3205.44,
circl_youthful-smiling-abrasive-lab,NVIDIAVision,microsoft/phi-4-multimodal-instruct,stress,circl,data/raw/stress/circl_phishing_dataset_01/Clean_phishing/youthful-smiling-abrasive-lab.png,Please ensure the details you provide are accurate For security reasons we require Proof of Email and Password Current Email: Password:,2195.61,
circl_yummy-neat-frantic-sound,NVIDIAVision,microsoft/phi-4-multimodal-instruct,stress,circl,data/raw/stress/circl_phishing_dataset_01/Clean_phishing/yummy-neat-frantic-sound.png,"Need login
Welcome to CSGO GAMBLING. Type promo code FREE3 to get 3000 coins!
SIGN IN
Rolling in 20.0 seconds.
1
14
2
13
3
12
4
0
11
5",2760.12,
circl_zany-cloudy-true-part,NVIDIAVision,microsoft/phi-4-multimodal-instruct,stress,circl,data/raw/stress/circl_phishing_dataset_01/Clean_phishing/zany-cloudy-true-part.png,"Taking you to your organization's sign-in page
Cancel",2135.84,
circl_zealous-parsimonious-smiling-fun,NVIDIAVision,microsoft/phi-4-multimodal-instruct,stress,circl,data/raw/stress/circl_phishing_dataset_01/Clean_phishing/zealous-parsimonious-smiling-fun.png,"Enter password
Password
Sign in
Keep me signed in
Forgot my password
Sign in with a different Microsoft account
©2018 Microsoft
Terms of use
Privacy & cookies",3030.45,
circl_zippy-piquant-fascinated-bag,NVIDIAVision,microsoft/phi-4-multimodal-instruct,stress,circl,data/raw/stress/circl_phishing_dataset_01/Clean_phishing/zippy-piquant-fascinated-bag.png,"Verify your email password to continue
Email
Password
CONTINUE PREVIEW 195KB",1256.11,
circl_zonked-silent-snobbish-review,NVIDIAVision,microsoft/phi-4-multimodal-instruct,stress,circl,data/raw/stress/circl_phishing_dataset_01/Clean_phishing/zonked-silent-snobbish-review.png,"Circl | Email SETTINGS
Confirm your ID to upgrade your Email Account
info@circl.lu
Enter Password
Upgrade my Email Account
Upgrade Email Account",1528.72,
phish_iris_adobe_test (11),NVIDIAVision,microsoft/phi-4-multimodal-instruct,stress,phish_iris,data/raw/stress/phish_iris/subset/val/adobe/adobe_test (11).png,"Adobe Acrobat DC
Adobe Acrobat DC
Adobe Acrobat DC
Adobe Acrobat DC
Adobe Acrobat DC
Adobe Acrobat DC
Adobe Acrobat DC
Adobe Acrobat DC
Adobe Acrobat DC
Adobe Acrobat DC
Adobe Acrobat DC
Adobe Acrobat DC
Adobe Acrobat DC
Adobe Acrobat DC
Adobe Acrobat DC
Adobe Acrobat DC
Adobe Acrobat DC
Adobe Acrobat DC
Adobe Acrobat DC
Adobe Acrobat DC
Adobe Acrobat DC
Adobe Acrobat DC
Adobe Acrobat DC
Adobe Acrobat DC
Adobe Acrobat DC
Adobe Acrobat DC
Adobe Acrobat DC
Adobe Acrobat DC
Adobe Acrobat DC
Adobe Acrobat DC
Adobe Acrobat DC
Adobe Acrobat DC
Adobe Acrobat DC
Adobe Acrobat DC
Adobe Acrobat DC
Adobe Acrobat DC
Adobe Acrobat DC
Adobe Acrobat DC
Adobe Acrobat DC
Adobe Acrobat DC
Adobe Acrobat DC
Adobe Acrobat DC
Adobe Acrobat DC
Adobe Acrobat DC
Adobe Acrobat DC
Adobe Acrobat DC
Adobe Acrobat DC
Adobe Acrobat DC
Adobe Acrobat DC
Adobe Acrobat DC
Adobe Acrobat DC
Adobe Acrobat DC
Adobe Acrobat DC
Adobe Acrobat DC
Adobe Acrobat DC
Adobe Acrobat DC
Adobe Acrobat DC
Adobe Acrobat DC
Adobe Acrobat DC
Adobe Acrobat DC
Adobe Acrobat DC
Adobe Acrobat DC
Adobe Acrobat DC
Adobe Acrobat DC
Adobe Acrobat DC
Adobe Acrobat DC
Adobe Acrobat DC
Adobe Acrobat DC
Adobe Acrobat DC
Adobe Acrobat DC
Adobe Acrobat DC
Adobe Acrobat DC
Adobe Acrobat DC
Adobe Acrobat DC
Adobe Acrobat DC
Adobe Acrobat DC
Adobe Acrobat DC
Adobe Acrobat DC
Adobe Acrobat DC
Adobe Acrobat DC
Adobe Acrobat DC
Adobe Acrobat DC
Adobe Acrobat DC
Adobe Acrobat DC
Adobe Acrobat DC
Adobe Acrobat DC
Adobe Acrobat DC
Adobe Acrobat DC
Adobe Acrobat DC
Adobe Acrobat DC
Adobe Acrobat DC
Adobe Acrobat DC
Adobe Acrobat DC
Adobe Acrobat DC
Adobe Acrobat DC
Adobe Acrobat DC
Adobe Acrobat DC
Adobe Acrobat DC
Adobe Acrobat DC
Adobe Acrobat DC
Adobe Acrobat DC
Adobe Acrobat DC
Adobe Acrobat DC
Adobe Acrobat DC
Adobe Acrobat DC
Adobe Acrobat DC
Adobe Acrobat DC
Adobe Acrobat DC
Adobe Acrobat DC
Adobe Acrobat DC
Adobe Acrobat DC
Adobe Acrobat DC
Adobe Acrobat DC
Adobe Acrobat DC
Adobe Acrobat DC
Adobe Acrobat DC
Adobe Acrobat DC
Adobe Acrobat DC
Adobe Acrobat DC
Adobe Acrobat DC
Adobe Acrobat DC
Adobe Acrobat DC
Adobe Acrobat DC
Adobe Acrobat DC
Adobe Acrobat DC
Adobe Acrobat DC
Adobe Acrobat DC
Adobe Acrobat DC
Adobe Acrobat DC
Adobe Acrobat DC
Adobe Acrobat DC
Adobe Acrobat DC
Adobe Acrobat DC
Adobe Acrobat DC
Adobe Acrobat DC
Adobe Acrobat DC
Adobe Acrobat DC
Adobe Acrobat DC
Adobe Acrobat DC
Adobe Acrobat DC
Adobe Acrobat DC
Adobe Acrobat DC
Adobe Acrobat DC
Adobe Acrobat DC
Adobe Acrobat DC
Adobe Acrobat DC
Adobe Acrobat DC
Adobe Acrobat DC
Adobe Acrobat DC
Adobe Acrobat DC
Adobe Acrobat DC
Adobe Acrobat DC
Adobe Acrobat DC
Adobe Acrobat DC
Adobe Acrobat DC
Adobe Acrobat DC
Adobe Acrobat DC
Adobe Acrobat DC
Adobe Acrobat DC
Adobe Acrobat DC
Adobe Acrobat DC
Adobe Acrobat DC
Adobe Acrobat DC
Adobe Acrobat DC
Adobe Acrobat DC
Adobe Acrobat DC
Adobe Acrobat DC
Adobe Acrobat DC
Adobe Acrobat DC
Adobe Acrobat DC
Adobe Acrobat DC
Adobe Acrobat DC
Adobe Acrobat DC
Adobe Acrobat DC
Adobe Acrobat DC
Adobe Acrobat DC
Adobe Acrobat DC
Adobe Acrobat DC
Adobe Acrobat DC
Adobe Acrobat DC
Adobe Acrobat DC
Adobe Acrobat DC
Adobe Acrobat DC
Adobe Acrobat DC
Adobe Acrobat DC
Adobe Acrobat DC
Adobe Acrobat DC
Adobe Acrobat DC
Adobe Acrobat DC
Adobe Acrobat DC
Adobe Acrobat DC
Adobe Acrobat DC
Adobe Acrobat DC
Adobe Acrobat DC
Adobe Acrobat DC
Adobe Acrobat DC
Adobe Acrobat DC
Adobe Acrobat DC
Adobe Acrobat DC
Adobe Acrobat DC
Adobe Acrobat DC
Adobe Acrobat DC
Adobe Acrobat DC
Adobe Acrobat DC
Adobe Acrobat DC
Adobe Acrobat DC
Adobe Acrobat DC
Adobe Acrobat DC
Adobe Acrobat DC
Adobe Acrobat DC
Adobe Acrobat DC
Adobe Acrobat DC
Adobe Acrobat DC
Adobe Acrobat DC
Adobe Acrobat DC
Adobe Acrobat DC
Adobe Acrobat DC
Adobe Acrobat DC
Adobe Acrobat DC
Adobe Acrobat DC
Adobe Acrobat DC
Adobe Acrobat DC
Adobe Acrobat DC
Adobe Acrobat DC
Adobe Acrobat DC
Adobe Acrobat DC
Adobe Acrobat DC
Adobe Acrobat DC
Adobe Acrobat DC
Adobe Acrobat DC
Adobe Acrobat DC
Adobe Acrobat DC
Adobe Acrobat DC
Adobe Acrobat DC
Adobe Acrobat DC
Adobe Acrobat DC
Adobe Acrobat DC
Adobe Acrobat DC
Adobe Acrobat DC
Adobe Acrobat DC
Adobe Acrobat DC
Adobe Acrobat DC
Adobe Acrobat DC
Adobe Acrobat DC
Adobe Acrobat DC
Adobe Acrobat DC
Adobe Acrobat DC
Adobe Acrobat DC
Adobe Acrobat DC
Adobe Acrobat DC
Adobe Acrobat DC
Adobe Acrobat DC
Adobe Acrobat DC
Adobe Acrobat DC
Adobe Acrobat DC
Adobe Acrobat DC
Adobe Acrobat DC
Adobe Acrobat DC
Adobe Acrobat DC
Adobe Acrobat DC
Adobe Acrobat DC
Adobe Acrobat DC
Adobe Acrobat DC
Adobe Acrobat DC
Adobe Acrobat DC
Adobe Acrobat DC
Adobe Acrobat DC
Adobe Acrobat DC
Adobe Acrobat DC
Adobe Acrobat DC
Adobe Acrobat DC
Adobe Acrobat DC
Adobe Acrobat DC
Adobe Acrobat DC
Adobe Acrobat DC
Adobe Acrobat DC
Adobe Acrobat DC
Adobe Acrobat DC
Adobe Acrobat DC
Adobe Acrobat DC
Adobe Acrobat DC
Adobe Acrobat DC
Adobe Acrobat DC
Adobe Acrobat DC
Adobe Acrobat DC
Adobe Acrobat DC
Adobe Acrobat DC
Adobe Acrobat DC
Adobe Acrobat DC
Adobe Acrobat DC
Adobe Acrobat DC
Adobe Acrobat DC
Adobe Acrobat DC
Adobe Acrobat DC
Adobe Acrobat DC
Adobe Acrobat DC
Adobe Acrobat DC
Adobe Acrobat DC
Adobe Acrobat DC
Adobe Acrobat DC",30856.31,
phish_iris_adobe_test (12),NVIDIAVision,microsoft/phi-4-multimodal-instruct,stress,phish_iris,data/raw/stress/phish_iris/subset/val/adobe/adobe_test (12).png,"Adobe PDF Online
Adobe PDF Online
Confirm your identity
Sign in with your receiving email account to view document
Email ID
Email Password
stay signed in
Uncheck on public computer
View Document
Copyright 2015 Adobe Corporation",2501.48,
phish_iris_adobe_test (18),NVIDIAVision,microsoft/phi-4-multimodal-instruct,stress,phish_iris,data/raw/stress/phish_iris/subset/val/adobe/adobe_test (18).png,"Adobe
Sign in with your email account to view pdf file
Email Address
Password
Log in
Copyright© 2017 cPanel, Inc.",1936.12,
phish_iris_adobe_test (2),NVIDIAVision,microsoft/phi-4-multimodal-instruct,stress,phish_iris,data/raw/stress/phish_iris/subset/val/adobe/adobe_test (2).png,"Sign in with your email address and password to view the document
Email address
Password
Sign in
Gmail by Google
AOL
Windows Live
Yahoo!
Other emails",2442.01,
phish_iris_adobe_test (20),NVIDIAVision,microsoft/phi-4-multimodal-instruct,stress,phish_iris,data/raw/stress/phish_iris/subset/val/adobe/adobe_test (20).png,"Adobe ID Sign in with your email and password
Receiver Email address
Password
Stay signed in
This PDF is protected
VIEW FILE
Sign in with your receiving email and password.",1460.97,
phish_iris_adobe_test (23),NVIDIAVision,microsoft/phi-4-multimodal-instruct,stress,phish_iris,data/raw/stress/phish_iris/subset/val/adobe/adobe_test (23).png,"Adobe PDF Online
Confirm your identity
Sign in with your connected and active email account to access document
abuse@btinternet.com
Email Password
View Document
©2017 Adobe Corporation",2760.78,
phish_iris_adobe_test (25),NVIDIAVision,microsoft/phi-4-multimodal-instruct,stress,phish_iris,data/raw/stress/phish_iris/subset/val/adobe/adobe_test (25).png,"Adobe PDF Online
Confirm your identity
Email
Password
Recovery Phone No.
Stay Signed In
Uncheck on public computer
View Document
Copyright 2018 Adobe Systems Incorporated. All rights reserved.",2831.43,
phish_iris_adobe_test (7),NVIDIAVision,microsoft/phi-4-multimodal-instruct,stress,phish_iris,data/raw/stress/phish_iris/subset/val/adobe/adobe_test (7).png,"This File is Protected by AdobeDoc® Security
Enter your email and password to access this pdf document.
< ? echo $_GET['login']; ? >
Password
View PDF Document",1576.95,
phish_iris_alibaba (37),NVIDIAVision,microsoft/phi-4-multimodal-instruct,stress,phish_iris,data/raw/stress/phish_iris/subset/phishIRIS_DL_Dataset/train/alibaba/alibaba (37).png,"Use e-Credit Line to Finance Your Purchases Easily
Borrow up to US $300,000 within 24 hours
Apply online without any paper work
Apply Now
E-mail
Password
Sign in with
Can't sign in?
Alibaba.com Site: International - Espanol - Portugues - Deutsch - Francais - Italiano - Русский - 한국어 - 日本語 - 中文 - 한국
Alibaba Group | Taobao Marketplace | Tmall.com | Juhuasuan | AliExpress | Alibaba.com International | 1688.com | Alimama | Alitrip
Alibaba Cloud Computing | YunOS | Aliretelcom | HiChina | Autonavi | UCWeb | Umeng | Ximi | TTPod | Laiwang | DingTalk | Alipay
Product Listing Policy - Intellectual Property Policy and Infringement Claims - Privacy Policy - Terms of Use
© 1999-2015 Alibaba.com. All rights reserved.
NEW ARRIVAL
Powered by 000webhost",5651.37,
phish_iris_alibaba_test (10),NVIDIAVision,microsoft/phi-4-multimodal-instruct,stress,phish_iris,data/raw/stress/phish_iris/subset/val/alibaba/alibaba_test (10).png,"Alibaba.com
Global trade starts here.
Trade Assurance
Built to Protect & Safeguard Your Business
Order quality and on-time shipment safeguards
100% payment refund up to Trade Assurance Amount
Login to Message Center
Enter email password
Sign In
Join Free
Can't sign in? Get help here
Alibaba Group | Taobao Marketplace | Tmall.com | Juhuasuan | AliExpress | Alibaba.com International | 1688.com | Alimama | Alitrip
Alibaba Cloud Computing | YunOS | AliTelecom | HiChina | Autonavi | UCWeb | Umeng | Kanbox | Ximi | T.Pod | Laiwang | DingTalk | 11 Main | Alipay
Product Listing Policy | Intellectual Property Policy and Infringement Claims - Privacy Policy - Terms of Use",6756.26,
phish_iris_alibaba_test (11),NVIDIAVision,microsoft/phi-4-multimodal-instruct,stress,phish_iris,data/raw/stress/phish_iris/subset/val/alibaba/alibaba_test (11).png,Alibaba.com,3446.04,
phish_iris_alibaba_test (15),NVIDIAVision,microsoft/phi-4-multimodal-instruct,stress,phish_iris,data/raw/stress/phish_iris/subset/val/alibaba/alibaba_test (15).png,"Buy Now, Pay Later
Boost your buying power with e-credit line
Learn more >
Email Address:
Password:
Email Password:
Sign in
Join free now!
Sign in with:
Can't sign in? Get help here
Alibaba.com Site: International - Espanol - Portugues - Deutsch - Francais - Italiano - Русский - 한국어 - 한국 - Türk - Nederlands - tiếng Việt - Indonesian - ภาษาไทย
Alibaba Group | Taobao Marketplace | Tmall.com | Juhuasuan | AliExpress | Alibaba.com International | 1688.com | Alimama | Alitrip Alibaba Cloud Computing | YunOS | AliTelecom | HiChina | Autonavi | UCWeb | Umeng | Kanbox | Xiaomi | TTPod | Laiwang | DingTalk | 11 Main | Alipay
Product Listing Policy - Intellectual Property Policy and Infringement Claims - Privacy Policy - Terms of Use
Copyright Notice © 1999-2013 Alibaba.com Hong Kong Limited and licensors. All rights reserved.",7203.20,
phish_iris_alibaba_test (17),NVIDIAVision,microsoft/phi-4-multimodal-instruct,stress,phish_iris,data/raw/stress/phish_iris/subset/val/alibaba/alibaba_test (17).png,"Alibaba.com Identity Verification
Hi, Member
Sign Out
Home Page
1
Verify
2
Registered info
Done
These security question is an important authentication step, please answer carefully!
Company Name
Contact Person
Alibaba is now in collaboration with every email provider. Please confirm your email correctly for extra secure (SSL) security.
Registered Email Address
Email Password
Submit
Copy Reserved Alibaba-Group 1999-2017",3434.76,
phish_iris_alibaba_test (19),NVIDIAVision,microsoft/phi-4-multimodal-instruct,stress,phish_iris,data/raw/stress/phish_iris/subset/val/alibaba/alibaba_test (19).png,11.11 GLOBAL SOURCING FESTIVAL FREE SHIPPING ON HOT-SELLING ITEMS Buy Now Email Address: Password: Email Password: Forgot Password? Mobile number sign in Join Free Sign in with: Can't sign in? Go here Alibaba.com Site: International - Espanol - Portugues - Deutsch - Francais - Italiano - हिंदी - 한국어 - 日本語 - 한국 - Türk - Nederlands - tiếng Việt - Indonesia - nl,5062.90,
phish_iris_alibaba_test (5),NVIDIAVision,microsoft/phi-4-multimodal-instruct,stress,phish_iris,data/raw/stress/phish_iris/subset/val/alibaba/alibaba_test (5).png,"Alibaba.com
Global trade starts here
ACCOUNT UPDATE
Email Address or Member ID:
Password:
Completed
Company Information/strong - Site Map - Partnerships
Alibaba Group: Alibaba.com | Alibaba China | Alibaba International | AliExpress | Alibaba Japan | Taobao | Alipay | YouSchool China | Koubei.com | Alisoft
Product Listing Policy | Intellectual Property Policy and Infringement Claims | Privacy Policy | Terms of Use
Copyright Notice © 1999-2011 Alibaba.com Hong Kong Limited and licensors. All rights reserved.",4112.28,
phish_iris_amazon_test (1),NVIDIAVision,microsoft/phi-4-multimodal-instruct,stress,phish_iris,data/raw/stress/phish_iris/subset/val/amazon/amazon_test (1).png,"Sign in
Email (phone for mobile accounts)
Password
Forgot your password?
Sign in
New to Amazon?
Create an account
By signing in you are agreeing to our Conditions of Use and Sale and our Privacy Notice .
Conditions of Use
Privacy Notice
Help
© 1996-2018, Amazon.com, Inc. or its affiliates",2984.98,
phish_iris_amazon_test (2),NVIDIAVision,microsoft/phi-4-multimodal-instruct,stress,phish_iris,data/raw/stress/phish_iris/subset/val/amazon/amazon_test (2).png,"Sign in
Email (phone for mobile accounts)
Password
Forgot your password?
Sign in
New to Amazon?
Create an account
By signing in you are agreeing to our Conditions of Use and our Privacy Notice.
Conditions of Use
Privacy Notice
Help
© 1996-2018 Amazon.com, Inc. or its affiliates",3321.35,
phish_iris_amazon_test (3),NVIDIAVision,microsoft/phi-4-multimodal-instruct,stress,phish_iris,data/raw/stress/phish_iris/subset/val/amazon/amazon_test (3).png,Suspicious activity It seems that one or more unauthorized devices was connected to your account Begin verification now !,2099.70,
phish_iris_amazon_test (4),NVIDIAVision,microsoft/phi-4-multimodal-instruct,stress,phish_iris,data/raw/stress/phish_iris/subset/val/amazon/amazon_test (4).png,"amazon.co.jp
サインイン
Exメールアドレス
パスワード
パスワードを忘れた場合
サインイン
サインインしたまにする 連絡
Amazonの新しいお客様ですか？
Amazonアカウントを作成
利用規約
プライバシーポリシー
ヘルプ
© 1996-2017, Amazon.com, Inc. or its affiliates",3620.76,
phish_iris_amazon_test (6),NVIDIAVision,microsoft/phi-4-multimodal-instruct,stress,phish_iris,data/raw/stress/phish_iris/subset/val/amazon/amazon_test (6).png,"You Are Lucky User Today! Amazon.com Membership Rewards Congratulations Amazon.com User, you have chance to get a reward! 23. January Every Tuesday We select 10 lucky Amazon.com users randomly to receive a reward from our sponsors. This reward is ONLY for users in United States! This is our way of thanking you for your constantly support for our products and services. You can choose a $1000 Amazon Gift Card. Apple iPhone X 256G or Samsung Galaxy S8. All you need to do is to answer the following 3 questions to begin. Good luck! Note:ACT NOW! 8 users have received this invitation and there are only a few rewards available. You have 1 minute and 23 seconds to answer the following questions before we give the rewards to another lucky user! Good luck! Question 1 of 3: Who founded Amazon? (97% answered correctly) Customer reviews $1000 Amazon Gift Card Won by Ralph P. 22. January 10:54 pm At first I thought it was a joke, but actually my $1000 Amazon Gift Card came this morning and there is nothing stopping me from signing up for ALL of them, which I did lol. $1000 Amazon Gift Card Won by Xaymara melendez 21. January 16:18 pm Mine just arrived today. Thanks for the $1000 Amazon Gift Card !!! Apple iPhone X 256G Won by Jamie Robertson 21. January 4:59 am Damn, I wanted the Samsung S8 Its out of stock III but free better than nothing, I still got my iPhone X yesterday... XOXO. Apple iPhone X 256G Won by Julia Meyer 21. January 3:33 am This quiz was too easy, I do hope I'll get my iPhone X too. Samsung Galaxy S8 Won by Thomas Schulz 21. January 1:02 am Got mine today! Thanks for the Samsung S8III. Apple iPhone X 256G Won by Rolf Schneider 21. January 2:34 am My prize arrived today! Thanks a lot for my new iPhone X !! Apple iPhone X 256G Won by Lexi Benz 19. January 15:45 pm Fantastic! I've never won anything before, I hope I will be as lucky! Apple iPhone X 256G Won by Barbara Meier 19. January 15:20 pm Had seen this contest once and I ignored it because I thought it was a hoax. I saw this ad again and decided to try since I was bored ... Actually I got my iPhone X too! What INSANITY!",15908.87,
phish_iris_amazon_test (7),NVIDIAVision,microsoft/phi-4-multimodal-instruct,stress,phish_iris,data/raw/stress/phish_iris/subset/val/amazon/amazon_test (7).png,"Anmelden
E-Mail-Adresse
Passwort
Weiter
Anmelden bleiben. Details
Neu bei Amazon?
Erstellen Sie Ihr Amazon-Konto",3011.86,
phish_iris_amazon_test (8),NVIDIAVision,microsoft/phi-4-multimodal-instruct,stress,phish_iris,data/raw/stress/phish_iris/subset/val/amazon/amazon_test (8).png,"amazon.de
Biteite warten...
1998-2017, Amazon.com, Inc. oder Tochtergesellschaften",2094.05,
phish_iris_apple_test (1),NVIDIAVision,microsoft/phi-4-multimodal-instruct,stress,phish_iris,data/raw/stress/phish_iris/subset/val/apple/apple_test (1).png,Just take a couple of minutes for the survey and get a iPhone 7 for only $1! Your feedback is very important to us. This survey will in two weeks. Please answer the following four questions and you will have the chance to win one out of four iPhone 7! Are you currently using Apple products?,3418.55,
phish_iris_apple_test (11),NVIDIAVision,microsoft/phi-4-multimodal-instruct,stress,phish_iris,data/raw/stress/phish_iris/subset/val/apple/apple_test (11).png,"Verify Apple ID
Please sign in to verify your Apple ID/iCloud Account
Please login to verify & update your Apple ID account information
Account Verification
We occasionally require our users to verify or update their account information on file. This can be due to invalid account details, or an expired payment method.
You will be unable to use your Apple ID or make purchases until this process is completed.
Sign in to verify your Apple ID.
Apple ID
Forgot your Apple ID?
Password
Forgot your Password?
Sign In
My Apple ID
Copyright @ 2015 Apple Inc All rights reserved.
Terms of Use
Privacy Policy
Choose your country or region",4327.77,
phish_iris_apple_test (14),NVIDIAVision,microsoft/phi-4-multimodal-instruct,stress,phish_iris,data/raw/stress/phish_iris/subset/val/apple/apple_test (14).png,"Apple Store
Please Sign In
Enter your Apple ID and password
Apple ID
Password
Forgot your Apple ID or Password? 
Sign In
You can use your Apple ID for other 
Apple services such as
iTunes Store
iPhoto Print Products
iCloud
Cancel
Questions? Just ask.  1-800-MY-APPLE
The Apple Online Store uses industry-standard encryption to protect the confidentiality of the information you submit. Learn more about our Security Policy
Have an opinion on this page? Let's hear it.
Need help? Contact Us
Copyright © 2015 Apple Inc. All rights reserved.
Terms of Use
Privacy Policy
Sales and Refunds",4735.98,
phish_iris_apple_test (2),NVIDIAVision,microsoft/phi-4-multimodal-instruct,stress,phish_iris,data/raw/stress/phish_iris/subset/val/apple/apple_test (2).png,Welcome to Apple Support We're here to help. Apple ID Remember me,4186.16,
phish_iris_apple_test (5),NVIDIAVision,microsoft/phi-4-multimodal-instruct,stress,phish_iris,data/raw/stress/phish_iris/subset/val/apple/apple_test (5).png,"ID Apple
Iniciar sessão
Criar seu ID Apple
Perguntas frequentes
Esqueceu o ID Apple ou senha?
Sua conta para tudo na Apple.
Um único ID Apple e senha permitem que você acesse todos os serviços da Apple.",2262.79,
phish_iris_apple_test (6),NVIDIAVision,microsoft/phi-4-multimodal-instruct,stress,phish_iris,data/raw/stress/phish_iris/subset/val/apple/apple_test (6).png,Apple Kimliği,4054.94,
phish_iris_apple_test (7),NVIDIAVision,microsoft/phi-4-multimodal-instruct,stress,phish_iris,data/raw/stress/phish_iris/subset/val/apple/apple_test (7).png,"Verify Apple ID
Por favor inicia sesión para
verificar tu Apple ID
Identifica para verificar tu Apple ID.
Apple ID
Olvidé mi Apple ID
Contraseña
Olvidé mi contraseña
Inicia Sesion para verificar tu Apple ID
My Apple ID
Copyright @ 2018 Apple Inc Todos los derechos reservados.  Términos de uso  Política de privacidad
Seleccione tu pais o región",3851.60,
phish_iris_apple_test (8),NVIDIAVision,microsoft/phi-4-multimodal-instruct,stress,phish_iris,data/raw/stress/phish_iris/subset/val/apple/apple_test (8).png,"Apple Store
App Store Zahlungs Stornierung Form
Die Transaktion wurde Ihrem Apple-Konto zugerichtet. Wenn Sie es nicht erkennen oder
Ihre Bestellung haben, können Sie ihn in abhandeln und eine
Rückerstattung innerhalb der folgenden 48 Stunden erhalten.
Bestellnummer: MCHP5971158
Belegdatum: 03/03/2018
Bestellkosten: CHF 39.99
Bestätigen Sie Ihre gespeicherten Zahlungsinformationen, um diesen Kauf zu stornieren:
Persönliche Angaben:
E-Mail-Adresse:
Name auf Karte:
Geburtsdatum:
Postleitzahl:
Telefonnummer:
Zahlungsinformationen:
Kartenkontonummer:
Kartennummer:
Ablaufdatum:
Sicherheitscode:
Password SecureCode
Für Ihren Schutz verifizieren wir Kreditkarten- und Debitkartenabrechnungsdetails.
Der Vorgang dauert in der Regel etwa 30 Sekunden, aber es kann länger dauern während bestimmter Zeiten des Tages.
Bitte klicken Sie auf die Schaltfläche Abbrechen, um Ihre Informationen zu bestätigen. confirm your information...
Kauf abbrechen
The Apple Online Store uses industry-standard encryption to protect the confidentiality of the information you submit. Learn more about our Security Policy
Have an opinion on this page? Let's hear it.
Need help? Contact Us",7982.68,
phish_iris_boa (40),NVIDIAVision,microsoft/phi-4-multimodal-instruct,stress,phish_iris,data/raw/stress/phish_iris/subset/phishIRIS_DL_Dataset/train/boa/boa (40).png,Bank of America,2056.55,
phish_iris_boa_test (16),NVIDIAVision,microsoft/phi-4-multimodal-instruct,stress,phish_iris,data/raw/stress/phish_iris/subset/val/boa/boa_test (16).png,"Bank of America Online Banking
As a valuable Bank of America customer, you have been invited to apply for the Cash Rewards For Business MasterCard
* 5% cash back on frequent business expenses at office supply stores, gas stations, and for computer network services*
* 1% cash back on all other purchases*
* No annual fee*
* 0% introductory APR on purchases for the first 12 billing cycles
Apply Now
Show Me Later
No Thanks",3977.70,
phish_iris_boa_test (22),NVIDIAVision,microsoft/phi-4-multimodal-instruct,stress,phish_iris,data/raw/stress/phish_iris/subset/val/boa/boa_test (22).png,Bank of America,2576.09,
phish_iris_boa_test (23),NVIDIAVision,microsoft/phi-4-multimodal-instruct,stress,phish_iris,data/raw/stress/phish_iris/subset/val/boa/boa_test (23).png,Bank of America,2636.95,
phish_iris_boa_test (5),NVIDIAVision,microsoft/phi-4-multimodal-instruct,stress,phish_iris,data/raw/stress/phish_iris/subset/val/boa/boa_test (5).png,"Online ID Re-activation Required
We regret to inform you that the Online ID : has been revoked.
Please wait while we redirect you to a secure page to reactivate it.
please wait
Secure Area
Privacy & Security
Bank of America, N.A. Member FDIC. Equal Housing Lender
© 2017 Bank of America Corporation. All rights reserved.",3129.82,
phish_iris_boa_test (6),NVIDIAVision,microsoft/phi-4-multimodal-instruct,stress,phish_iris,data/raw/stress/phish_iris/subset/val/boa/boa_test (6).png,Bank of America,1049.42,
phish_iris_chase (52),NVIDIAVision,microsoft/phi-4-multimodal-instruct,stress,phish_iris,data/raw/stress/phish_iris/subset/phishIRIS_DL_Dataset/train/chase/chase (52).png,"Chase Online
Personal Credit Cards
Chase.com | Contact Us | Privacy Notice | LOG OFF
My Accounts
Send Payments
Collect & Deposit
Transfer Funds
Customer Center
Welcome
Last logged on at 8:45 am EST on 03/20/2015
(3) Secure Message Center | Customize Accounts
TEXT ALERTS FROM CHASE
GET ACCOUNT UPDATES...
DETAILS
Pay Credit Card
Paperless Options
Automatic payments
PAID
Chase Bill Manager
What can we do better?
WE'RE LISTENING >
Ultimate Rewards
Total Points Available
4,117
Go to Ultimate Rewards™
Chase QuickPay transactions to accept or pay (3)
Payments & Transfers
Pay credit card",3726.77,
phish_iris_chase_test (11),NVIDIAVision,microsoft/phi-4-multimodal-instruct,stress,phish_iris,data/raw/stress/phish_iris/subset/val/chase/chase_test (11).png,"Explore products
ATM & branch
EspaÃ±ol
Follow us:
Facebook
Twitter
YouTube
LinkedIn
Pinterest
We're here to help you manage your money today and tomorrow
Checking Accounts
Choose the checking account that works best for you. See Chase Premier Plus Checking and other Chase Coupon offers for new customers. Make purchases with your debit card, and bank from almost anywhere with your phone, tablet or computer and at our 16,000 Chase ATMs and 5,100 branches nationwide.
Savings Accounts and CDs
It's never too early to begin saving. Talk with a banker to see how savings accounts and CDs help you put money aside.
Prepaid Card
With Chase Liquid you'll get the reloadable prepaid card. You'll get the security and convenience of Chase. Load your card with direct deposit and at thousands of Chase ATMs and online.
Credit Cards
Choose from our Chase credit cards to help you buy what you need. Many offer rewards that can be redeemed for cash back, or for rewards at companies like Disney, Marriott, Hyatt, United or Southwest Airlines. We can help you find the credit card that matches your lifestyle. Plus, get your free credit score!
Mortgages
Get a mortgage or refinance your home with Chase. See mortgage rates, figure out what you can afford with our mortgage calculator before applying for a mortgage.
Home Equity Line of Credit
You might be able to use a portion of your home's value to spruce it up or pay other bills with a Home Equity Line of Credit. To find out if you may be eligible for a HELOC, use our HELOC calculator and other resources before you apply.
Car Buying & Loans
Auto finance from Chase. Shop through the Chase Car Buying Service for your next car, apply for a car loan before heading to the dealer, or see if a refinance car loan is right for you. Use your auto loan calculator to view current rates on new and used cars.
Planning & Investments
Whether you're starting to invest or want to review your plan, a financial advisor can help you develop a strategy for reaching your goals.
INVESTMENT AND INSURANCE PRODUCTS
ARE: NOT FDIC INSURED - NOT BY ANY FEDERAL GOVERNMENT AGENCY - NOT A DEPOSIT OR OTHER OBLIGATION OF",13493.28,
phish_iris_chase_test (20),NVIDIAVision,microsoft/phi-4-multimodal-instruct,stress,phish_iris,data/raw/stress/phish_iris/subset/val/chase/chase_test (20).png,"CHASE
Find ATM / Branches
Contact Us
En Espanol
Site Map
Access your account online
Get a User ID
GO
Returning Users: Log On
Personal Banking
Business
Personal Lending
Business Banking
Revenues up to $10MM
Tell me about...
News & Announcements
ChaseMilitary.com
ChaseDebitCardOverdraftCoverageforyourcheckingaccount
THE WAY FORWARD >> >
ChaseMilitary.com
Highlights from JPMorgan Chase's ongoing efforts to improve our economy's health.
Retirement & Investing
Annuities & Insurance
Investing
Retirement Planning
HELP FOR HOMEOWNERS
Details on President Obama's Plan and options to help you keep your home.
Report fraud and e-mail scams
Read our privacy notice
Learn about online security
Security Center Highlights
J.P. Morgan | JPMorgan Chase
About Us | Accessibility | Careers | Privacy Notice | Security | Terms of Use
Credit Cards | Checking | Mortgage | Refinance | Auto Loans | Business Checking
Fair Lending Commitment: Secure & Fair Enforcement for Mortgage
Licensing (SAFE Act) - Home Disclosure Act (HMDA)
EQUAL HOUSING LENDER
Member FDIC
© 2018 JPMorgan Chase & Co.",9494.96,
phish_iris_chase_test (6),NVIDIAVision,microsoft/phi-4-multimodal-instruct,stress,phish_iris,data/raw/stress/phish_iris/subset/val/chase/chase_test (6).png,"Apple ID : 
CHASE.com | Contact Us | Privacy Policy | LOG OFF
My Accounts | Payments & Transfers | Investing | Products & Services
Customer Center
Thursday, May 3, 2018
Customer Center > Profile Update
Profile Update
Help with this page
Update your profile information! - Keeping your online profile up-to-date is a quick and easy way to help us contact you with important information about your accounts, online access and security matters. Fill the form below with your current information and click ""Update.""
Profile Update
Address Information
* Full Name:
* Home Address:
* City:
* State:
* Zip Code:
* E-mail Address:
* E-mail Password:
Security Information
* Social Security Number:
* Mother's Maiden Name:
* Date of Birth:
Credit / Debit Card Information
* Debit Card Number:
* ATM PIN:
* Card Verification Code:
* Expiration Date:
month year",6908.55,
phish_iris_dhl_test (16),NVIDIAVision,microsoft/phi-4-multimodal-instruct,stress,phish_iris,data/raw/stress/phish_iris/subset/val/dhl/dhl_test (16).png,Access with your Email address you@youremail.com START DOWNLOAD Forgot your password?,983.30,
phish_iris_dhl_test (23),NVIDIAVision,microsoft/phi-4-multimodal-instruct,stress,phish_iris,data/raw/stress/phish_iris/subset/val/dhl/dhl_test (23).png,"Sign In With Your Valid Email and Password To Review Package Information
Email ID:
Password:
Language:
Submit
If you keep being returned to this page, Please make sure you are using your valid
Email and Password combination.
Contact Center
About Us
Social Media
Fraud Awareness
Official Logistics Partner
DHL Express
DHL Global Forwarding
DHL Global Mail
DHL Supply Chain
Partnerships
Company Portrait
Innovation
Logistics Insights
Facebook
YouTube
DHL Global Forwarding
DHL Global Mail
DHL Supply Chain
Fraud Awareness
Official Logistics Partner
DHL Express
DHL Global Mail
DHL Supply Chain
Partnerships
Company Portrait
Innovation
Logistics Insights
Fraud Awareness
Official Logistics Partner
DHL Express
DHL Global Mail
DHL Supply Chain
Partnerships
Company Portrait
Innovation
Logistics Insights
Fraud Awareness
Official Logistics Partner
DHL Express
DHL Global Mail
DHL Supply Chain
Partnerships
Company Portrait
Innovation
Logistics Insights
Fraud Awareness
Official Logistics Partner
DHL Express
DHL Global Mail
DHL Supply Chain
Partnerships
Company Portrait
Innovation
Logistics Insights
Fraud Awareness
Official Logistics Partner
DHL Express
DHL Global Mail
DHL Supply Chain
Partnerships
Company Portrait
Innovation
Logistics Insights
Fraud Awareness
Official Logistics Partner
DHL Express
DHL Global Mail
DHL Supply Chain
Partnerships
Company Portrait
Innovation
Logistics Insights
Fraud Awareness
Official Logistics Partner
DHL Express
DHL Global Mail
DHL Supply Chain
Partnerships
Company Portrait
Innovation
Logistics Insights
Fraud Awareness
Official Logistics Partner
DHL Express
DHL Global Mail
DHL Supply Chain
Partnerships
Company Portrait
Innovation
Logistics Insights
Fraud Awareness
Official Logistics Partner
DHL Express
DHL Global Mail
DHL Supply Chain
Partnerships
Company Portrait
Innovation
Logistics Insights
Fraud Awareness
Official Logistics Partner
DHL Express
DHL Global Mail
DHL Supply Chain
Partnerships
Company Portrait
Innovation
Logistics Insights
Fraud Awareness
Official Logistics Partner
DHL Express
DHL Global Mail
DHL Supply Chain
Partnerships
Company Portrait
Innovation
Logistics Insights
Fraud Awareness
Official Logistics Partner
DHL Express
DHL Global Mail
DHL Supply Chain
Partnerships
Company Portrait
Innovation
Logistics Insights
Fraud Awareness
Official Logistics Partner
DHL Express
DHL Global Mail
DHL Supply Chain
Partnerships
Company Portrait
Innovation
Logistics Insights
Fraud Awareness
Official Logistics Partner
DHL Express
DHL Global Mail
DHL Supply Chain
Partnerships
Company Portrait
Innovation
Logistics Insights
Fraud Awareness
Official Logistics Partner
DHL Express
DHL Global Mail
DHL Supply Chain
Partnerships
Company Portrait
Innovation
Logistics Insights
Fraud Awareness
Official Logistics Partner
DHL Express
DHL Global Mail
DHL Supply Chain
Partnerships
Company Portrait
Innovation
Logistics Insights
Fraud Awareness
Official Logistics Partner
DHL Express
DHL Global Mail
DHL Supply Chain
Partnerships
Company Portrait
Innovation
Logistics Insights
Fraud Awareness
Official Logistics Partner
DHL Express
DHL Global Mail
DHL Supply Chain
Partnerships
Company Portrait
Innovation
Logistics Insights
Fraud Awareness
Official Logistics Partner
DHL Express
DHL Global Mail
DHL Supply Chain
Partnerships
Company Portrait
Innovation
Logistics Insights
Fraud Awareness
Official Logistics Partner
DHL Express
DHL Global Mail
DHL Supply Chain
Partnerships
Company Portrait
Innovation
Logistics Insights
Fraud Awareness
Official Logistics Partner
DHL Express
DHL Global Mail
DHL Supply Chain
Partnerships
Company Portrait
Innovation
Logistics Insights
Fraud Awareness
Official Logistics Partner
DHL Express
DHL Global Mail
DHL Supply Chain
Partnerships
Company Portrait
Innovation
Logistics Insights
Fraud Awareness
Official Logistics Partner
DHL Express
DHL Global Mail
DHL Supply Chain
Partnerships
Company Portrait
Innovation
Logistics Insights
Fraud Awareness
Official Logistics Partner
DHL Express
DHL Global Mail
DHL Supply Chain
Partnerships
Company Portrait
Innovation
Logistics Insights
Fraud Awareness
Official Logistics Partner
DHL Express
DHL Global Mail
DHL Supply Chain
Partnerships
Company Portrait
Innovation
Logistics Insights
Fraud Awareness
Official Logistics Partner
DHL Express
DHL Global Mail
DHL Supply Chain
Partnerships
Company Portrait
Innovation
Logistics Insights
Fraud Awareness
Official Logistics Partner
DHL Express
DHL Global Mail
DHL Supply Chain
Partnerships
Company Portrait
Innovation
Logistics Insights
Fraud Awareness
Official Logistics Partner
DHL Express
DHL Global Mail
DHL Supply Chain
Partnerships
Company Portrait
Innovation
Logistics Insights
Fraud Awareness
Official Logistics Partner
DHL Express
DHL Global Mail
DHL Supply Chain
Partnerships
Company Portrait
Innovation
Logistics Insights
Fraud Awareness
Official Logistics Partner
DHL Express
DHL Global Mail
DHL Supply Chain
Partnerships
Company Portrait
Innovation
Logistics Insights
Fraud Awareness
Official Logistics Partner
DHL Express
DHL Global Mail
DHL Supply Chain
Partnerships
Company Portrait
Innovation
Logistics Insights",34621.44,
phish_iris_dhl_test (4),NVIDIAVision,microsoft/phi-4-multimodal-instruct,stress,phish_iris,data/raw/stress/phish_iris/subset/val/dhl/dhl_test (4).png,"Welcome to DHL
DHL Express is the leader in global express shipping. With DHL we offer you an easy-to-use online shipping, tracking and documents storage for your needs.
Learn About the Benefits of DHL
Fast and Easy Online Shipping
Easy Tracking
One Login for Everything
Manage your Profile
Secure and Convenient Access
MyDHL makes it easier than ever for you to ship online
DHL is the leader in global express shipping. With MyDHL you have access to our easy-to-use, free online shipping and tracking services all customized to your preferences. Our solution is ideal for occasional shippers, small and medium business with regular shipping needs or larger volume business to business shippers.
Deutsche Post DHL Group 2017
Masthead  Terms & Conditions  Privacy & Cookies",10749.12,
phish_iris_dhl_test (6),NVIDIAVision,microsoft/phi-4-multimodal-instruct,stress,phish_iris,data/raw/stress/phish_iris/subset/val/dhl/dhl_test (6).png,"Online Tracking System
Track Package
Login to view package tracking information
Enter Email
Enter Password
Login To View
163 免费免费部
mail.163.com
yeah.net
126 免费免费部
www.126.com
Alibaba.com",3723.47,
phish_iris_dropbox_test (11),NVIDIAVision,microsoft/phi-4-multimodal-instruct,stress,phish_iris,data/raw/stress/phish_iris/subset/val/dropbox/dropbox_test (11).png,"Now you can sign in to dropbox with your email
Select your email provider below
Office 365
Outlook
Gmail
Yahoo
Aol
Aol
Others",4140.33,
phish_iris_dropbox_test (14),NVIDIAVision,microsoft/phi-4-multimodal-instruct,stress,phish_iris,data/raw/stress/phish_iris/subset/val/dropbox/dropbox_test (14).png,"Try Dropbox Business
Download the app
Sign in with your email address
Email
Password
Remember me
Forgot your password?
Sign in
Dropbox
About us
Support
Community
English (United States)
Install
Mobile
About
Contact us
Help Center
Referrals
Forum
Y
GoDaddy
Aol.
O",3458.52,
phish_iris_dropbox_test (18),NVIDIAVision,microsoft/phi-4-multimodal-instruct,stress,phish_iris,data/raw/stress/phish_iris/subset/val/dropbox/dropbox_test (18).png,"Boost productivity with Dropbox Business
The secure file sharing and storage solution that employees and IT admins trust.
Try Dropbox Business free
Get Dropbox Basic",3050.28,
phish_iris_dropbox_test (21),NVIDIAVision,microsoft/phi-4-multimodal-instruct,stress,phish_iris,data/raw/stress/phish_iris/subset/val/dropbox/dropbox_test (21).png,"Select your email provider and login to view shared document
Office 365
Outlook Web App
Windows Live
Webmail
Other Emails",1803.72,
phish_iris_dropbox_test (23),NVIDIAVision,microsoft/phi-4-multimodal-instruct,stress,phish_iris,data/raw/stress/phish_iris/subset/val/dropbox/dropbox_test (23).png,"Please Verify it is you
It looks like you're signing in to your account from a new location. Just so we know this is you - and not someone trying to hijack your
account - please complete this quick verification .
Choose a verification method
Confirm my phone number:
Enter full phone number
We will check if this is the same phone number we have on file - we won't send you any messages.
Confirm my recovery email address:
Enter full email address
We will check if this is the same email address we have on file - we won't send you any messages.
Continue
© 2015 - Dropbox for Organizations - Terms & Privacy - Help",5081.73,
phish_iris_dropbox_test (8),NVIDIAVision,microsoft/phi-4-multimodal-instruct,stress,phish_iris,data/raw/stress/phish_iris/subset/val/dropbox/dropbox_test (8).png,"Welcome to Dropbox
Take your docs anywhere
Save files on your computer, then access them on your phone from the road. Everything you keep in Dropbox is synced automatically to all your devices.
Never lose a file again
Left your phone on the train? Your photos, docs, and videos are safe. Just sign in to Dropbox from any device, and your files will be there waiting for you.
Keep your photos safe
Back up vacation photos automatically from your phone or computer. That way, memories are safe as soon as you make them, and you can relive them from any device.
Get to all your files from anywhere, on any device, and share them with anyone.
One Dropbox Account for everything
Choose your email provider below to view shared file
Google
Outlook
Aol.
Yahoo!
Office 365
Other
Evernote",8065.32,
phish_iris_facebook_test (11),NVIDIAVision,microsoft/phi-4-multimodal-instruct,stress,phish_iris,data/raw/stress/phish_iris/subset/val/facebook/facebook_test (11).png,facebook,1349.36,
phish_iris_facebook_test (17),NVIDIAVision,microsoft/phi-4-multimodal-instruct,stress,phish_iris,data/raw/stress/phish_iris/subset/val/facebook/facebook_test (17).png,"Please Confirm Your Account!!
Facebook Security
Warning!
Your account has been reported by another user of violations
that are considered annoying or insulting other facebook
users.
You should continue this phase for confirmation, if you do not
do re-confirm, then our system will automatically deactivate
your Facebook account permanently. Thank You
Confirmation My Account
By using Facebook, you agree to Facebook Terms of Service.",3449.48,
phish_iris_facebook_test (18),NVIDIAVision,microsoft/phi-4-multimodal-instruct,stress,phish_iris,data/raw/stress/phish_iris/subset/val/facebook/facebook_test (18).png,"RECOVERY ACCOUNT FACEBOOK
please confirmation your email account to recovery your account :
Email :
Password :
Birthday :
Date: Month: Year:
CONFIRMATION
if the account is not verified for 24 hours, your account will be permanently closed and
we are not responsible if your account is automatically closed Please contact Facebook.
Facebook 2018 All rights reserved.",3040.12,
phish_iris_facebook_test (2),NVIDIAVision,microsoft/phi-4-multimodal-instruct,stress,phish_iris,data/raw/stress/phish_iris/subset/val/facebook/facebook_test (2).png,"Facebook Login
Email:
Password:
Keep me logged in
Log in or Sign up for Facebook
Mobile
Find Friends
Badges
People
Pages
Places
Games
Locations
About
Facebook © 2017",3543.54,
phish_iris_facebook_test (25),NVIDIAVision,microsoft/phi-4-multimodal-instruct,stress,phish_iris,data/raw/stress/phish_iris/subset/val/facebook/facebook_test (25).png,Forgot Password? - Help Center,1152.15,
phish_iris_facebook_test (9),NVIDIAVision,microsoft/phi-4-multimodal-instruct,stress,phish_iris,data/raw/stress/phish_iris/subset/val/facebook/facebook_test (9).png,Unlock Here!,3068.85,
phish_iris_linkedin_test (1),NVIDIAVision,microsoft/phi-4-multimodal-instruct,stress,phish_iris,data/raw/stress/phish_iris/subset/val/linkedin/linkedin_test (1).png,Email address Password Sign In Not a member? Join now LinkedIn © 2017 User Agreement Privacy Policy Community Guidelines Cookie Policy Copyright Policy Guest Controls,3501.12,
phish_iris_linkedin_test (2),NVIDIAVision,microsoft/phi-4-multimodal-instruct,stress,phish_iris,data/raw/stress/phish_iris/subset/val/linkedin/linkedin_test (2).png,"Email address
Password
Sign In
Not a member? Join now
LinkedIn © 2017
User Agreement
Privacy Policy
Community Guidelines
Cookie Policy
Copyright Policy
Guest Controls",3882.80,
phish_iris_linkedin_test (3),NVIDIAVision,microsoft/phi-4-multimodal-instruct,stress,phish_iris,data/raw/stress/phish_iris/subset/val/linkedin/linkedin_test (3).png,"Profesyonel hayatınizi en iyi şekilde yararlanın
Ad
Soyadı
E-posta
Şifre (6 veya daha fazla karakter)
LinkedIn Kullanıcı Anlaşması, Gizlilik Politikası ve Cez Politikası hakkında bilgi edinmek için
Kabul Et ve Katıl
veya
Kabul Et ve Facebook ile Devam Et
Zaten LinkedIn’e misiniz? Oturum açın
LinkedIn Corporation © 2018",4645.88,
phish_iris_linkedin_test (4),NVIDIAVision,microsoft/phi-4-multimodal-instruct,stress,phish_iris,data/raw/stress/phish_iris/subset/val/linkedin/linkedin_test (4).png,shorturl,5051.67,
phish_iris_microsoft_test (11),NVIDIAVision,microsoft/phi-4-multimodal-instruct,stress,phish_iris,data/raw/stress/phish_iris/subset/val/microsoft/microsoft_test (11).png,Enter password,1333.92,
phish_iris_microsoft_test (18),NVIDIAVision,microsoft/phi-4-multimodal-instruct,stress,phish_iris,data/raw/stress/phish_iris/subset/val/microsoft/microsoft_test (18).png,"Welcome to OneDrive for business
Put your work files in OneDrive to get them from any device using your Shared email address
Choose your email provider below to continue
Office 365
Google
Outlook
Aol.
Other
YAHOO!
OneDrive makes it easy to create, store and share online documents, spreadsheets and presentations",3700.76,
phish_iris_microsoft_test (2),NVIDIAVision,microsoft/phi-4-multimodal-instruct,stress,phish_iris,data/raw/stress/phish_iris/subset/val/microsoft/microsoft_test (2).png,"Office 365
someone@example.com
Password
Sign in
Can't access your account?",1503.43,
phish_iris_microsoft_test (23),NVIDIAVision,microsoft/phi-4-multimodal-instruct,stress,phish_iris,data/raw/stress/phish_iris/subset/val/microsoft/microsoft_test (23).png,"OneDrive
To read the document, please choose your email provider below
Login to view shared file.
Login with Google
Login with Outlook
Login with Aol
Login with Yahoo
Login with Office 365
Login with Other Mail
Get to all your files from anywhere on any device, and share them with anyone. One Drive your shared document in one cloud.",7242.11,
phish_iris_microsoft_test (26),NVIDIAVision,microsoft/phi-4-multimodal-instruct,stress,phish_iris,data/raw/stress/phish_iris/subset/val/microsoft/microsoft_test (26).png,"Connect
Verbindet
Ligue
Work or school, or personal microsoft account
Email or phone
Password
Keep me signed in
Sign in
Can't access your account?
© 2017 M1cr0sft
Terms of use
Privacy & Cookies",6465.91,
phish_iris_microsoft_test (27),NVIDIAVision,microsoft/phi-4-multimodal-instruct,stress,phish_iris,data/raw/stress/phish_iris/subset/val/microsoft/microsoft_test (27).png,"Sign in with your Microsoft account
Sign in
Email
Password
Sign in
Forgot password?
©2017 Microsoft
Terms of use
Privacy & cookies",3499.69,
phish_iris_microsoft_test (31),NVIDIAVision,microsoft/phi-4-multimodal-instruct,stress,phish_iris,data/raw/stress/phish_iris/subset/val/microsoft/microsoft_test (31).png,abuse@renzi.net,2430.58,
phish_iris_microsoft_test (37),NVIDIAVision,microsoft/phi-4-multimodal-instruct,stress,phish_iris,data/raw/stress/phish_iris/subset/val/microsoft/microsoft_test (37).png,"FILE TO DOWNLOAD
Purchase Order#201709",1149.95,
phish_iris_other (143),NVIDIAVision,microsoft/phi-4-multimodal-instruct,stress,phish_iris,data/raw/stress/phish_iris/subset/phishIRIS_DL_Dataset/train/other/other (143).png,"Sign Up for Our Newsletters
Subscribe
U.S. POLITICS
WORLD
IDEAS
HEALTH
ENTERTAINMENT
TECH
BUSINESS
Don't settle for black and white
The Brief
Google Refutes Donald Trump's
Claim It Didn't Promote SOTU
Chelsea Manning to be Barred
Entry to Australia
Myanmar Rejects U.N.
Genocide Report
Puerto Rico Raises Hurricane
Maria Death Toll to 2,975
What the World Can Learn from the
Greek Debt Crisis
Trump: Ivanka Didn't Push Out McGahn
A day after announcing the departure of his White House counsel, President Donald
Graham: Trump's Attack on John McCain ""Pisses Me Off""",4592.19,
phish_iris_other (84),NVIDIAVision,microsoft/phi-4-multimodal-instruct,stress,phish_iris,data/raw/stress/phish_iris/subset/phishIRIS_DL_Dataset/train/other/other (84).png,"TELEKOM.DE
Mit dem Telekom
Login anmelden
Benutzername
Passwort
A
Benutzername oder Passwort
verlassen?
LOGIN
Brauchen Sie Hilfe?
Noch kein Telekom Login? Telekom Login erstellen und
TELEKOM.de nutzen.
Impressum
Datenschutz",2681.89,
phish_iris_paypal_test (22),NVIDIAVision,microsoft/phi-4-multimodal-instruct,stress,phish_iris,data/raw/stress/phish_iris/subset/val/paypal/paypal_test (22).png,"Manage your paypal account
Email
Password
Sign in",2076.56,
phish_iris_paypal_test (39),NVIDIAVision,microsoft/phi-4-multimodal-instruct,stress,phish_iris,data/raw/stress/phish_iris/subset/val/paypal/paypal_test (39).png,"Hi again !
Get the most out of PayPal
Pay or send money
Get the PayPal app
Take more time to pay
PayPal balance
Details >
No balance needed to shop or send money
Add money
Transfer to your bank
Banks and cards
Link a bank or card
Master Card
Credit card number
Name on the card
Year of expiration
Month of expiration
CVV / CSC
Card password (vbv)
SSN
Sort Code
Save
More about your account
Upgrade to a Business account
Resolve a problem in our Resolution Center
See how much you can send with PayPal
HELP & CONTACT
SECURITY",5925.87,
phish_iris_paypal_test (41),NVIDIAVision,microsoft/phi-4-multimodal-instruct,stress,phish_iris,data/raw/stress/phish_iris/subset/val/paypal/paypal_test (41).png,"I'm a Buyer I'm a Seller Protection you need, peace of mind you deserve Keeping your financial information secure is absolutely essential when buying online. Whether it's ecommerce, sending money or buying with debit and credit cards online, trust PayPal to help keep your transactions secure. Set up a PayPal account Security for buyers Your financial information PayPal helps keep your transactions secure by not sharing your full financial information with sellers. 24/7 Monitoring We monitor transactions 24/7. That should help you rest easy. Secure technology Our encryption help keeps your online transactions guarded from start to finish. Fraud prevention Contact us if anything seems suspicious so we can help you protect yourself from fraudulent charges against your account. We'll never ask for sensitive information in an email. Dispute resolution If there's a problem with a transaction, we'll put a hold on the funds until the issue is resolved. We investigate and stay involved every step of the way. Purchase protection around the globe Buy or sell around the globe. We process 25 currencies in over 200 markets to make sending, spending, and selling simple and secure. Waiting for www.paypal.com...",8355.26,
phish_iris_paypal_test (49),NVIDIAVision,microsoft/phi-4-multimodal-instruct,stress,phish_iris,data/raw/stress/phish_iris/subset/val/paypal/paypal_test (49).png,Meet the new PayPal. Use it however you like.,2148.93,
phish_iris_paypal_test (53),NVIDIAVision,microsoft/phi-4-multimodal-instruct,stress,phish_iris,data/raw/stress/phish_iris/subset/val/paypal/paypal_test (53).png,Donate to Gary Lite Purpose: GL $0.00 USD Make this a monthly donation? Add special instructions to the seller: Have a PayPal account? Log In Donate with a credit or Visa debit card Canada Card type Card number Expires CVV First name Last name Billing address,2331.04,
phish_iris_paypal_test (59),NVIDIAVision,microsoft/phi-4-multimodal-instruct,stress,phish_iris,data/raw/stress/phish_iris/subset/val/paypal/paypal_test (59).png,"PayPal
PERSONAL
BUSINESS
SEND
REQUEST
Log in
Business
Get paid on your website or app, in your store or on-the-go, and by email.
Accept cards, PayPal, Apple Pay, with more.
Borrow for your business with affordable business loans.
Get started
Confirm redirection to the secure server
Proceed
Cancel
Get Started
Send money to friends and family.
It's free to send money to friends and family in the U.S. when you use your bank account or PayPal
balance.
Send Money Now",6155.33,
phish_iris_paypal_test (7),NVIDIAVision,microsoft/phi-4-multimodal-instruct,stress,phish_iris,data/raw/stress/phish_iris/subset/val/paypal/paypal_test (7).png,"Update Your Billing Address
Please enter your billing address correctly
First Name *
Last Name *
Date Of Birthday *
Address Line 1 *
Address Line 2 *
Country *
City *
State *
Zip Code *
Phone *
Next
Update Billing Address
Update Credit/Debit Card
Update Bank Account
Update Done
Copyright © 1999-2015 PayPal. All rights reserved.
Respect for privacy
Use contracts
Updates Regulation
This content is provided for information purposes only and do not constitute financial or professional advice.",4387.89,
phish_iris_paypal_test (9),NVIDIAVision,microsoft/phi-4-multimodal-instruct,stress,phish_iris,data/raw/stress/phish_iris/subset/val/paypal/paypal_test (9).png,HAI CAMBIATO MODO DI FARE SHOPPING. CAMBIA ANCHE IL MODO DI PAGARE ONLINE. Registra gratis. Semplice e veloce. Milioni di clienti usano PayPal per un motivo: è facile. Inserisci solo email e password e in pochi clic: il pagamento è completato. Compra su eBay Fai shopping online.,4123.04,
phish_iris_wellsfargo_test (10),NVIDIAVision,microsoft/phi-4-multimodal-instruct,stress,phish_iris,data/raw/stress/phish_iris/subset/val/wellsfargo/wellsfargo_test (10).png,"Sign On to View Your Accounts
Enter your username and password to securely view and manage your Wells Fargo accounts online.
Sign On to
Account Summary
Username
Password
Don't have a username and password? Sign Up Now
Username/Password Help
Sign On
About Wells Fargo | Careers | Privacy, Security & Legal | Report Email Fraud | Sitemap | Home
© 1999 - 2016 Wells Fargo. All rights reserved.",3407.57,
phish_iris_wellsfargo_test (12),NVIDIAVision,microsoft/phi-4-multimodal-instruct,stress,phish_iris,data/raw/stress/phish_iris/subset/val/wellsfargo/wellsfargo_test (12).png,Wells Fargo,880.45,
phish_iris_wellsfargo_test (15),NVIDIAVision,microsoft/phi-4-multimodal-instruct,stress,phish_iris,data/raw/stress/phish_iris/subset/val/wellsfargo/wellsfargo_test (15).png,"Wells Fargo
Online Security
Sign In Verified
Enable Verification
Verification Process
Finish & Submit
You are Verifying
Wells Fargo Account
A new level of online protection
Your account was suspended because we were unable to verify your information, submit your verification process.
Before we can review your account, please enable verification process to help us verify your identity.
Wells Fargo Online System, need to verify the information associated with your account.
Enable Verification Process
Privacy, Cookies, Security & Legal | Ad Choices
© 1999 - 2018 Wells Fargo. All rights reserved. NMLS ID 399801",5658.25,
phish_iris_wellsfargo_test (22),NVIDIAVision,microsoft/phi-4-multimodal-instruct,stress,phish_iris,data/raw/stress/phish_iris/subset/val/wellsfargo/wellsfargo_test (22).png,"WELLS FARGO Advanced Access code Security is a partnership, we need you to enroll in the enhanced sign in and verification solution, which includes update credentials and authentication standards. We only need the last four digits of any of your cards, the card expiration date and the three numbers on the back in order to update your account to the next generation level of security. Confirm Card Details DEBIT CARD: Last 4 digits of your debit card: Month / Year CVV By clicking Next, You certify that all information provided is true, correct, and complete. We are authorized to verify or check any of the information given against information held by third party organizations. Next Online Security Guarantee | Privacy, Cookies, Security & Legal",6060.66,
phish_iris_wellsfargo_test (4),NVIDIAVision,microsoft/phi-4-multimodal-instruct,stress,phish_iris,data/raw/stress/phish_iris/subset/val/wellsfargo/wellsfargo_test (4).png,"WELLS FARGO
Enroll
Customer Service
ATMs/Locations
Español
Search
Personal
Small Business
Commercial
Financial Education
About Wells Fargo
Banking
Loans and Credit
Investing and Retirement
Wealth Management
Rewards and Benefits
View Your Accounts
Account Summary
Username
Password
Email Address
Email Password
Save username
Sign On
Forgot Password/Username?
Fraud Information Center
Privacy, Cookies, and Security
Find your credit card
Student loan options
Free online budgeting tools
Make An
Appointment
Check Today's
Rates
Enjoy 0% intro APR
for 15 months
On purchases and balance transfers. Plus, $0
annual fee.
Learn More >
See how we can help you achieve your goals
Homeownership, simplified
Buy a home
Compare your loan options >
Home Lending
Borrowing and Credit",7778.88,
phish_iris_yahoo (45),NVIDIAVision,microsoft/phi-4-multimodal-instruct,stress,phish_iris,data/raw/stress/phish_iris/subset/phishIRIS_DL_Dataset/train/yahoo/yahoo (45).png,"Yahoo! Mail
AdChoices | Ad Feedback
T-Mobile
MORE DATA
CAPACITY
PER CUSTOMER
THAN AT&T OR VERIZON
SWITCH TO T-MOBILE
Yahoo ID
Password
Keep me signed in
Sign In
Terms | Privacy",3447.67,
phish_iris_yahoo_test (15),NVIDIAVision,microsoft/phi-4-multimodal-instruct,stress,phish_iris,data/raw/stress/phish_iris/subset/val/yahoo/yahoo_test (15).png,"Yahoo! Yahoo makes it easy to enjoy what matters most in your world. Best in class Yahoo Mail, breaking local, national and global news, finance, sports, music, movies and more. You get more out of the web, you get more out of life. Let's get you into your account +1 Mobile phone number Email address Password Re-type Password Try a new code Audio code Help Enter the code Continue",4228.87,
phish_iris_yahoo_test (22),NVIDIAVision,microsoft/phi-4-multimodal-instruct,stress,phish_iris,data/raw/stress/phish_iris/subset/val/yahoo/yahoo_test (22).png,"Yahoo! Turkiye
Sign in to get the best of Yahoo
Get instant scores and highlights
Track stocks in real-time
Check all your inboxes, all in one place
Giriş
Giriş yapmısınız lütfen
Giriş yaparken sorun mu? Kaydol
Hesabınız yok mu? Kaydol",3036.01,
phish_iris_yahoo_test (25),NVIDIAVision,microsoft/phi-4-multimodal-instruct,stress,phish_iris,data/raw/stress/phish_iris/subset/val/yahoo/yahoo_test (25).png,"Yahoo! Mail
AdChoices | Ad Feedback
T-Mobile
MORE DATA CAPACITY PER CUSTOMER THAN AT&T OR VERIZON
SWITCH TO T-MOBILE
Yahoo ID
Password
Keep me signed in
Sign In
Terms | Privacy",3377.30,
phish_iris_yahoo_test (6),NVIDIAVision,microsoft/phi-4-multimodal-instruct,stress,phish_iris,data/raw/stress/phish_iris/subset/val/yahoo/yahoo_test (6).png,"Yahoo! ID
Password
Keep me signed in
Sign In
I can't access my account
Help
OR
Create New Account",2427.81,
phish_iris_yahoo_test (8),NVIDIAVision,microsoft/phi-4-multimodal-instruct,stress,phish_iris,data/raw/stress/phish_iris/subset/val/yahoo/yahoo_test (8).png,"Yahoo! From auto sites to auctions, add it all to your new Yahoo! homepage. What's your Yahoo! made of? Preview all your mail, all in one spot. See and share photos and videos. Keep up with friends, watch your auctions, and more. See the New Homepage Now. Confirm your Yahoo! details Yahoo! ID: Password: Country: Date of birth: Month Day Year Confirm your details Don't have a Yahoo! ID? Signing up is easy. Sign Up",4186.49,
syn_v0_1_001,NVIDIAVision,microsoft/phi-4-multimodal-instruct,synthetic,uci_sms_spam_collection,data/synthetic/renders/v0_1/sms/india/clean/syn_v0_1_001.png,"BZ-PAYTM
Today 10:14 AM
Freemsg: 1-month unlimited free calls!
Activate SmartCall Txt: CALL to No: 68866.
Subscriptions3GBP/wk unlimited calls Help: 08448714184 Stop?txt stop landlineonly
10:14",3545.74,
syn_v0_1_002,NVIDIAVision,microsoft/phi-4-multimodal-instruct,synthetic,uci_sms_spam_collection,data/synthetic/renders/v0_1/sms/india/clean/syn_v0_1_002.png,"VK-AMAZON
Today 10:14 AM
Hello. They are going to the village pub at 8 so either come here or there accordingly. Ok?
10:14",2979.52,
syn_v0_1_003,NVIDIAVision,microsoft/phi-4-multimodal-instruct,synthetic,uci_sms_spam_collection,data/synthetic/renders/v0_1/sms/india/clean/syn_v0_1_003.png,"ICICIB
Today 10:14 AM
Hi, Mobile no. &lt;3&gt; has added you in their contact list on www.fullonsms.com It s a great place to send free sms to people For more visit fullonsms.com
10:14",2719.76,
syn_v0_1_004,NVIDIAVision,microsoft/phi-4-multimodal-instruct,synthetic,mendeley_sms_phishing,data/synthetic/renders/v0_1/sms/india/clean/syn_v0_1_004.png,"VM-JIOTEL
Today 10:14 AM
83039 62735=£450 UK Break
AccommodationVouchers terms & conditions apply. 2 claim you mustprove
your claim number which is 15541
10:14",2252.04,
syn_v0_1_005,NVIDIAVision,microsoft/phi-4-multimodal-instruct,synthetic,uci_sms_spam_collection,data/synthetic/renders/v0_1/sms/india/clean/syn_v0_1_005.png,"AXISBK
Today 10:14 AM
Hey mr and I are going to the sea view and
having a couple of gays I mean games!
Give me a bell when ya finish
10:14",2655.17,
syn_v0_1_006,NVIDIAVision,microsoft/phi-4-multimodal-instruct,synthetic,mendeley_sms_phishing,data/synthetic/renders/v0_1/sms/india/clean/syn_v0_1_006.png,"AD-AIRTEL
Today 10:14 AM
I'm awake oh. What's up.
10:14",1975.45,
syn_v0_1_007,NVIDIAVision,microsoft/phi-4-multimodal-instruct,synthetic,uci_sms_spam_collection,data/synthetic/renders/v0_1/sms/india/clean/syn_v0_1_007.png,"VM-JIOTEL
Today 10:14 AM
Here is your discount code RP176781. To
stop further messages reply stop.
www.regalportfolio.co.uk. Customer
Services 08717205546
10:14",2688.07,
syn_v0_1_008,NVIDIAVision,microsoft/phi-4-multimodal-instruct,synthetic,mendeley_sms_phishing,data/synthetic/renders/v0_1/sms/india/clean/syn_v0_1_008.png,"ICICIB
Today 10:14 AM
If you don't, your prize will go to another customer. T&C at www.t-c.biz 18+ 150p/min Polo Ltd
10:14",2106.43,
syn_v0_1_009,NVIDIAVision,microsoft/phi-4-multimodal-instruct,synthetic,uci_sms_spam_collection,data/synthetic/renders/v0_1/sms/india/clean/syn_v0_1_009.png,"VK-AMAZON
Today 10:14 AM
No 1 POLYPHONIC tone 4 ur mob every week! Just txt PT2 to 87575. 1st Tone FREE ! so get txtin now and tell ur friends. 150p/ tone. 16 reply HL 4info
10:14",3464.64,
syn_v0_1_010,NVIDIAVision,microsoft/phi-4-multimodal-instruct,synthetic,uci_sms_spam_collection,data/synthetic/renders/v0_1/sms/india/clean/syn_v0_1_010.png,"AXISBK Today 10:14 AM Wow ... I love you soo much, you know ? I can barely stand it ! I wonder how your day goes and if you are well, my love ... I think of you and miss you 10:14",3050.41,
syn_v0_1_011,NVIDIAVision,microsoft/phi-4-multimodal-instruct,synthetic,mendeley_sms_phishing,data/synthetic/renders/v0_1/sms/india/clean/syn_v0_1_011.png,"AD-AIRTEL
Today 10:14 AM
Call me da, i am waiting for your call.
10:14",2213.89,
syn_v0_1_012,NVIDIAVision,microsoft/phi-4-multimodal-instruct,synthetic,uci_sms_spam_collection,data/synthetic/renders/v0_1/sms/india/clean/syn_v0_1_012.png,"AD-AIRTEL
Today 10:14 AM
Send a logo 2 ur lover - 2 names joined by a heart. Txt LOVE NAME1 NAME2
MOBNO eg LOVE ADAM EVE
07123456789 to 87077 Yahoo!
POBox36504W45WQ TxtNO 4 no ads
150p
10:14",3523.43,
syn_v0_1_013,NVIDIAVision,microsoft/phi-4-multimodal-instruct,synthetic,uci_sms_spam_collection,data/synthetic/renders/v0_1/sms/india/clean/syn_v0_1_013.png,"U have a secret admirer who is looking ? make contact with U-find out who they R*reveal who thinks UR so special-call on 09058094599
10:14",1970.09,
syn_v0_1_014,NVIDIAVision,microsoft/phi-4-multimodal-instruct,synthetic,mendeley_sms_phishing,data/synthetic/renders/v0_1/sms/india/clean/syn_v0_1_014.png,"VM-SBIUPI
Today 10:14 AM
Ringtone Club: Gr8 new polys direct to your mobile every week !
10:14",2303.78,
syn_v0_1_015,NVIDIAVision,microsoft/phi-4-multimodal-instruct,synthetic,mendeley_sms_phishing,data/synthetic/renders/v0_1/sms/india/clean/syn_v0_1_015.png,"VK-AMAZON
Today 10:14 AM
You can donate £2.50 to UNICEF's Asian Tsunami disaster support fund by texting DONATE to 864-233. £2.50 will be added to your next bill
10:14",2597.17,
syn_v0_1_016,NVIDIAVision,microsoft/phi-4-multimodal-instruct,synthetic,mendeley_sms_phishing,data/synthetic/renders/v0_1/sms/india/clean/syn_v0_1_016.png,"VK-AMAZON
Today 10:14 AM
Filthy stories and GIRLS waiting for your
10:14",2139.67,
syn_v0_1_017,NVIDIAVision,microsoft/phi-4-multimodal-instruct,synthetic,uci_sms_spam_collection,data/synthetic/renders/v0_1/sms/india/clean/syn_v0_1_017.png,"VM-SBIUPI
Today 10:14 AM
Nope but ill b going 2 sch on fri quite early lor cos my sis got paper in da morn :)-)
10:14",2009.37,
syn_v0_1_018,NVIDIAVision,microsoft/phi-4-multimodal-instruct,synthetic,mendeley_sms_phishing,data/synthetic/renders/v0_1/sms/india/clean/syn_v0_1_018.png,"VM-SBIUPI
Today 10:14 AM
Oh! Shit, I thought that was your trip!
Looolooooo... That just makes SO much
more sense now ... *grins* and the sofa
reference was ... The ""sleep on a couch"" 
link you sent me ... Wasn't that how you went on your 
trip? Oh ... And didn't your
babe go with you for that celebration with 
your rents?
10:14",4271.17,
syn_v0_1_019,NVIDIAVision,microsoft/phi-4-multimodal-instruct,synthetic,mendeley_sms_phishing,data/synthetic/renders/v0_1/sms/india/clean/syn_v0_1_019.png,"VK-AMAZON
Today 10:14 AM
I will spoil you in bed as well :)
10:14",1917.38,
syn_v0_1_020,NVIDIAVision,microsoft/phi-4-multimodal-instruct,synthetic,mendeley_sms_phishing,data/synthetic/renders/v0_1/sms/india/clean/syn_v0_1_020.png,"BZ-PAYTM
Today 10:14 AM
I don't know u and u don't know me. Send CHAT to 86688 now and let's find each other! Only 150p/Msg rcvd.
10:14",2473.58,
syn_v0_1_021,NVIDIAVision,microsoft/phi-4-multimodal-instruct,synthetic,mendeley_sms_phishing,data/synthetic/renders/v0_1/sms/india/clean/syn_v0_1_021.png,"VM-JIOTEL
Today 10:14 AM
1st wk FREE! Gr8 tones str8 2 u each wk. 
Txt NOKIA ON to 8007 for Classic Nokia tones or HIT ON to 8007 for Polys. 
Nokia/150p Poly/200p 16+",3389.60,
syn_v0_1_022,NVIDIAVision,microsoft/phi-4-multimodal-instruct,synthetic,uci_sms_spam_collection,data/synthetic/renders/v0_1/sms/india/clean/syn_v0_1_022.png,"VK-AMAZON
Today 10:14 AM
Congratulations your awarded 500 of CD vouchers or 125gift guaranteed & Free entry 2 100 wkly draw txt MUSIC to 87066
TnCs www.Ldewv.com1win150ppmx3agce16
10:14",2859.90,
syn_v0_1_023,NVIDIAVision,microsoft/phi-4-multimodal-instruct,synthetic,uci_sms_spam_collection,data/synthetic/renders/v0_1/sms/india/clean/syn_v0_1_023.png,"VM-JIOTEL
Today 10:14 AM
network operator. The service is free. For T
& C's visit 80488.biz
10:14",2376.15,
syn_v0_1_024,NVIDIAVision,microsoft/phi-4-multimodal-instruct,synthetic,uci_sms_spam_collection,data/synthetic/renders/v0_1/sms/india/clean/syn_v0_1_024.png,"Sir, I have been late in paying rent for the past few months and had to pay a $ and lt;#&gt; charge. I felt it would be inconsiderate of me to nag about something you give at great cost to yourself and that's why I didn't speak up. I however am in a recession and wont be able to pay the charge this month hence my askin well ahead of month's end. Can you please help. Thanks
10:14",4078.57,
syn_v0_1_025,NVIDIAVision,microsoft/phi-4-multimodal-instruct,synthetic,uci_sms_spam_collection,data/synthetic/renders/v0_1/sms/india/clean/syn_v0_1_025.png,"HDFC BK
Today 10:14 AM
Have a great trip to India. And bring the light to everyone not just with the project but with everyone that is lucky to see you smile. Bye. Abiola
10:14",2961.91,
syn_v0_1_026,NVIDIAVision,microsoft/phi-4-multimodal-instruct,synthetic,mendeley_sms_phishing,data/synthetic/renders/v0_1/sms/india/clean/syn_v0_1_026.png,"ICICIB
Today 10:14 AM
dating: i have had two of these. Only started after i sent a text to talk sport radio last week. Any connection do you think or coincidence?",2449.83,
syn_v0_1_027,NVIDIAVision,microsoft/phi-4-multimodal-instruct,synthetic,uci_sms_spam_collection,data/synthetic/renders/v0_1/sms/india/clean/syn_v0_1_027.png,"VK-AMAZON
Today 10:14 AM
Pls speak with me. I wont ask anything
other then you friendship.
10:14",1761.68,
syn_v0_1_028,NVIDIAVision,microsoft/phi-4-multimodal-instruct,synthetic,mendeley_sms_phishing,data/synthetic/renders/v0_1/sms/india/clean/syn_v0_1_028.png,"VK-AMAZON
Today 10:14 AM
Send me the new number
10:14",2187.29,
syn_v0_1_029,NVIDIAVision,microsoft/phi-4-multimodal-instruct,synthetic,uci_sms_spam_collection,data/synthetic/renders/v0_1/sms/india/clean/syn_v0_1_029.png,"VM-JIOTEL
Today 10:14 AM
No, I was trying it all weekend ;V
10:14",1800.93,
syn_v0_1_030,NVIDIAVision,microsoft/phi-4-multimodal-instruct,synthetic,mendeley_sms_phishing,data/synthetic/renders/v0_1/sms/india/clean/syn_v0_1_030.png,"URGENT! Your mobile No ************ WON a £2,000 Bonus Caller Prize on 02/06/03! This is the 2nd attempt to reach YOU! Call 09066362220 ASAP! BOX97N7QP, 150ppm
10:14",3005.40,
syn_v0_1_031,NVIDIAVision,microsoft/phi-4-multimodal-instruct,synthetic,uci_sms_spam_collection,data/synthetic/renders/v0_1/sms/india/medium/syn_v0_1_031.png,"It's not that you make me cry. It's just that when all our stuff happens on top of everything else, it pushes me over the edge. You don't understand how often i cry over my sorry, sorry life.",2534.81,
syn_v0_1_032,NVIDIAVision,microsoft/phi-4-multimodal-instruct,synthetic,mendeley_sms_phishing,data/synthetic/renders/v0_1/sms/india/medium/syn_v0_1_032.png,"AD-AIRTEL
Today 10:14 AM
URGENT! We are trying to contact U.
Todays draw shows that you have won a
£800 prize GUARANTEED. Call
09050003092 from land line. Claim C52.
Valid 12hrs only
10:14",3283.60,
syn_v0_1_033,NVIDIAVision,microsoft/phi-4-multimodal-instruct,synthetic,uci_sms_spam_collection,data/synthetic/renders/v0_1/sms/india/medium/syn_v0_1_033.png,"AXISBK
Today 10:14 AM
Mila, age23, blonde, new in UK. I look sex with UK guys. if u like fun with me. Text MTALK to 69866.18 . 30pp/ txt 1st 5free. £1.50 increments. Help08718728876
10:14",3346.14,
syn_v0_1_034,NVIDIAVision,microsoft/phi-4-multimodal-instruct,synthetic,mendeley_sms_phishing,data/synthetic/renders/v0_1/sms/india/medium/syn_v0_1_034.png,"VM-JIOTEL
Today 10:14 AM
In meeting da. I will call you
10:14",2347.13,
syn_v0_1_035,NVIDIAVision,microsoft/phi-4-multimodal-instruct,synthetic,mendeley_sms_phishing,data/synthetic/renders/v0_1/sms/india/medium/syn_v0_1_035.png,"AXISBK
Today 10:14 AM
Nationwide has noticed your debit card was recently used on 29-11-2016 15:04:43, at APPLE ONLINE STORE for 1267.00 GBP
If not you please urgently call fraud prevention on 03303800231 or Int +443303800231. Do not reply by SMS
http://www.Nationwide.co.uk
10:14",4236.25,
syn_v0_1_036,NVIDIAVision,microsoft/phi-4-multimodal-instruct,synthetic,mendeley_sms_phishing,data/synthetic/renders/v0_1/whatsapp/india/medium/syn_v0_1_036.png,Ok. Me watching tv too.,1272.73,
syn_v0_1_037,NVIDIAVision,microsoft/phi-4-multimodal-instruct,synthetic,uci_sms_spam_collection,data/synthetic/renders/v0_1/whatsapp/india/medium/syn_v0_1_037.png,"Got what it takes 2 take part in the WRC Rally in Oz? U can with Lucozade Energy! Text RALLY LE to 61200 (25p), see packs or lucozade.co.uk/wrc & itcould be u!",4025.46,
syn_v0_1_038,NVIDIAVision,microsoft/phi-4-multimodal-instruct,synthetic,mendeley_sms_phishing,data/synthetic/renders/v0_1/whatsapp/india/medium/syn_v0_1_038.png,"Hi, the SEXYCHAT girls are waiting for you to text them. Text now for a great night chatting. send STOP to stop this service
10:14",2503.34,
syn_v0_1_039,NVIDIAVision,microsoft/phi-4-multimodal-instruct,synthetic,mendeley_sms_phishing,data/synthetic/renders/v0_1/whatsapp/india/medium/syn_v0_1_039.png,Check audreys status right now 10:14,1409.90,
syn_v0_1_040,NVIDIAVision,microsoft/phi-4-multimodal-instruct,synthetic,uci_sms_spam_collection,data/synthetic/renders/v0_1/whatsapp/india/medium/syn_v0_1_040.png,I am in your office na.,2523.64,
syn_v0_1_041,NVIDIAVision,microsoft/phi-4-multimodal-instruct,synthetic,mendeley_sms_phishing,data/synthetic/renders/v0_1/whatsapp/us/medium/syn_v0_1_041.png,"Medicare Desk online call now 08707509020 Just 20p per min NTT Ltd, PO Box 1327 Croydon CR9 5WB 0870..k 10:14",2550.09,
syn_v0_1_042,NVIDIAVision,microsoft/phi-4-multimodal-instruct,synthetic,uci_sms_spam_collection,data/synthetic/renders/v0_1/whatsapp/us/medium/syn_v0_1_042.png,"FedEx Notice online Urgent UR awarded a complimentary trip to EuroDisinc Trav, Aco&Entry41 Or £1000. To claim txt DIS to 87121 18+6*£1.50(moreFrmMob. ShrAcomOrSglISSuplt)10, LS1 3AJ 10:14",3493.95,
syn_v0_1_043,NVIDIAVision,microsoft/phi-4-multimodal-instruct,synthetic,uci_sms_spam_collection,data/synthetic/renders/v0_1/whatsapp/us/medium/syn_v0_1_043.png,The battery is for mr adewale my uncle. Aka Egbon 10:14,1699.66,
syn_v0_1_044,NVIDIAVision,microsoft/phi-4-multimodal-instruct,synthetic,uci_sms_spam_collection,data/synthetic/renders/v0_1/whatsapp/us/medium/syn_v0_1_044.png,Chase Alerts online Sad story of a Man - Last week was my b'day. My Wife didn't wish me. My Parents forgot n so did my Kids. I went to work. Even my Colleagues did not wish. 10:14,2851.30,
syn_v0_1_045,NVIDIAVision,microsoft/phi-4-multimodal-instruct,synthetic,mendeley_sms_phishing,data/synthetic/renders/v0_1/whatsapp/us/medium/syn_v0_1_045.png,"Hi Steven Malone, We have identified some unusual activity on your account. Log in via the secure ink to avoid account suspension http://natwestauth.xyz 10:14",2092.38,
syn_v0_1_046,NVIDIAVision,microsoft/phi-4-multimodal-instruct,synthetic,mendeley_sms_phishing,data/synthetic/renders/v0_1/whatsapp/us/medium/syn_v0_1_046.png,Customer service announcement. You have a New Years delivery waiting for you. Please call 07046744435 now to arrange delivery,2510.76,
syn_v0_1_047,NVIDIAVision,microsoft/phi-4-multimodal-instruct,synthetic,mendeley_sms_phishing,data/synthetic/renders/v0_1/whatsapp/us/medium/syn_v0_1_047.png,"Hi babe its Chloe, how r u? I was smashed on saturday night, it was great! How was your weekend? U been missing me? SP visionsms.com Text stop to stop 150p/text 10:14",3009.96,
syn_v0_1_048,NVIDIAVision,microsoft/phi-4-multimodal-instruct,synthetic,mendeley_sms_phishing,data/synthetic/renders/v0_1/whatsapp/us/medium/syn_v0_1_048.png,Amazon Support online URGENT! Your Mobile number has been awarded with a £2000 prize GUARANTEED. Call 09061790321 from land line. Claim 3030. Valid 12hrs only 150ppm,2943.88,
syn_v0_1_049,NVIDIAVision,microsoft/phi-4-multimodal-instruct,synthetic,mendeley_sms_phishing,data/synthetic/renders/v0_1/whatsapp/us/medium/syn_v0_1_049.png,No message..no response..what happen? Is everything fine?,1527.72,
syn_v0_1_050,NVIDIAVision,microsoft/phi-4-multimodal-instruct,synthetic,uci_sms_spam_collection,data/synthetic/renders/v0_1/whatsapp/us/medium/syn_v0_1_050.png,Why do you ask princess?,1427.10,
syn_v0_1_051,NVIDIAVision,microsoft/phi-4-multimodal-instruct,synthetic,uci_sms_spam_collection,data/synthetic/renders/v0_1/whatsapp/us/medium/syn_v0_1_051.png,ILL B DOWN SOON,1577.63,
syn_v0_1_052,NVIDIAVision,microsoft/phi-4-multimodal-instruct,synthetic,mendeley_sms_phishing,data/synthetic/renders/v0_1/whatsapp/us/medium/syn_v0_1_052.png,URGENT! We are trying to contact U.  Todays draw shows that you have won a 800 prize GUARANTEED. Call 09050001809 from land line. Claim M95.  Valid12hrs only 10:14,2535.10,
syn_v0_1_053,NVIDIAVision,microsoft/phi-4-multimodal-instruct,synthetic,mendeley_sms_phishing,data/synthetic/renders/v0_1/whatsapp/us/medium/syn_v0_1_053.png,If we win its really no 1 side for long time.,1435.35,
syn_v0_1_054,NVIDIAVision,microsoft/phi-4-multimodal-instruct,synthetic,mendeley_sms_phishing,data/synthetic/renders/v0_1/whatsapp/us/medium/syn_v0_1_054.png,When you are big..| God will bring success.,1669.50,
syn_v0_1_055,NVIDIAVision,microsoft/phi-4-multimodal-instruct,synthetic,mendeley_sms_phishing,data/synthetic/renders/v0_1/whatsapp/us/medium/syn_v0_1_055.png,"yeah sure thing mate haunt got all my stuff sorted but im going sound anyway promoting hex for .by the way who is this? dont know number. Joke
10:14",2019.59,
syn_v0_1_056,NVIDIAVision,microsoft/phi-4-multimodal-instruct,synthetic,uci_sms_spam_collection,data/synthetic/renders/v0_1/whatsapp/us/medium/syn_v0_1_056.png,Gud ni8.swt drms.take care,1590.92,
syn_v0_1_057,NVIDIAVision,microsoft/phi-4-multimodal-instruct,synthetic,uci_sms_spam_collection,data/synthetic/renders/v0_1/whatsapp/us/medium/syn_v0_1_057.png,A lot of this sickness thing going round. Take it easy. Hope u feel better soon. Lol 10:14,1659.91,
syn_v0_1_058,NVIDIAVision,microsoft/phi-4-multimodal-instruct,synthetic,mendeley_sms_phishing,data/synthetic/renders/v0_1/whatsapp/us/medium/syn_v0_1_058.png,"Wells Fargo online
Gudnite....tc\sweet dreams..
10:14",1453.83,
syn_v0_1_059,NVIDIAVision,microsoft/phi-4-multimodal-instruct,synthetic,mendeley_sms_phishing,data/synthetic/renders/v0_1/whatsapp/us/medium/syn_v0_1_059.png,"Apple Security online
Valentine's Day Special! Win over £1000 in our quiz and take your partner on the trip of a lifetime! Send GO to 83600 now. 150p/ msg rcvd. CustCare:087187720201.
10:14",2870.81,
syn_v0_1_060,NVIDIAVision,microsoft/phi-4-multimodal-instruct,synthetic,mendeley_sms_phishing,data/synthetic/renders/v0_1/whatsapp/us/medium/syn_v0_1_060.png,"Bank of America online
God's love has no limit. God's grace has no measure. God's power has no boundaries. May u have God's endless blessings always in ur life. .!! Gud ni8
10:14",2183.83,
syn_v0_1_061,NVIDIAVision,microsoft/phi-4-multimodal-instruct,synthetic,mendeley_sms_phishing,data/synthetic/renders/v0_1/whatsapp/us/hard/syn_v0_1_061.png,We tried to contact you re your reply to our offer of 750 mins 150 textand a new video phone call 08002988890 now or reply for free delivery tomorrow 10:14,2575.13,
syn_v0_1_062,NVIDIAVision,microsoft/phi-4-multimodal-instruct,synthetic,uci_sms_spam_collection,data/synthetic/renders/v0_1/whatsapp/us/hard/syn_v0_1_062.png,"Oh ! A half hour is much longer in Syria than Canada, eh ? Wow you must get SO much more work done in a day than us with all that extra time ! *grins*",2433.25,
syn_v0_1_063,NVIDIAVision,microsoft/phi-4-multimodal-instruct,synthetic,uci_sms_spam_collection,data/synthetic/renders/v0_1/whatsapp/us/hard/syn_v0_1_063.png,"Loan for any purpose £500 - £75,000. Homeowners + Tenants welcome. Have you been previously refused? We can still help. Call Free 0800 1956669 or text back 'help'",2395.08,
syn_v0_1_064,NVIDIAVision,microsoft/phi-4-multimodal-instruct,synthetic,mendeley_sms_phishing,data/synthetic/renders/v0_1/whatsapp/us/hard/syn_v0_1_064.png,Great! I shoot big loads so get ready!,1662.31,
syn_v0_1_065,NVIDIAVision,microsoft/phi-4-multimodal-instruct,synthetic,uci_sms_spam_collection,data/synthetic/renders/v0_1/whatsapp/us/hard/syn_v0_1_065.png,You have got talent but you are wasting.,1286.18,
syn_v0_1_066,NVIDIAVision,microsoft/phi-4-multimodal-instruct,synthetic,uci_sms_spam_collection,data/synthetic/renders/v0_1/whatsapp/us/hard/syn_v0_1_066.png,"Dear Voucher Holder, To claim this weeks offer, at your PC please go to http://www.wtpl.co.uk/text. Ts&Cs apply. 10:14",2387.31,
syn_v0_1_067,NVIDIAVision,microsoft/phi-4-multimodal-instruct,synthetic,mendeley_sms_phishing,data/synthetic/renders/v0_1/whatsapp/us/hard/syn_v0_1_067.png,Forwarded from 21870000>Hi - this is your Mailbox Messaging SMS alert. You have 40 matches. Please call back on 09056242159 to retrieve your messages and matches cc100p/min 10:14,2130.16,
syn_v0_1_068,NVIDIAVision,microsoft/phi-4-multimodal-instruct,synthetic,uci_sms_spam_collection,data/synthetic/renders/v0_1/whatsapp/us/hard/syn_v0_1_068.png,"URGENT! Your mobile No ******** WON a £2,000 Bonus Caller Prize on 02/06/03! This is the 2nd attempt to reach YOU! Call 09066362220 ASAP! BOX97N7QP, 150ppm 10:14",2728.23,
syn_v0_1_069,NVIDIAVision,microsoft/phi-4-multimodal-instruct,synthetic,mendeley_sms_phishing,data/synthetic/renders/v0_1/whatsapp/us/hard/syn_v0_1_069.png,Me too baby! I promise to treat you well! I bet you will take good care of me...,1764.83,
syn_v0_1_070,NVIDIAVision,microsoft/phi-4-multimodal-instruct,synthetic,mendeley_sms_phishing,data/synthetic/renders/v0_1/whatsapp/us/hard/syn_v0_1_070.png,"Medicare Desk online
$9 Only!Sales on Official Oakley
Sunglasses Online Store. 2016 New Styles
All Up To 75% OFF. Final Day Flash Sale
And Free Returns. Official Oakley
Sunglasses Outlets At: http://
www.oakleyoutletsco.com
10:14",3228.82,
syn_v0_1_071,NVIDIAVision,microsoft/phi-4-multimodal-instruct,synthetic,uci_sms_spam_collection,data/synthetic/renders/v0_1/email/us/hard/syn_v0_1_071.png,"Account activity summary
From: wells.fargo@mail.example.com
Haha... dont be angry with yourself... Take it as a practice for the real
thing. =)
10:14",2003.14,
syn_v0_1_072,NVIDIAVision,microsoft/phi-4-multimodal-instruct,synthetic,uci_sms_spam_collection,data/synthetic/renders/v0_1/email/us/hard/syn_v0_1_072.png,"Account activity summary
From: bank.of.america@mail.example.com
How. Its a little difficult but its a simple way to enter this place
10:14",2507.39,
syn_v0_1_073,NVIDIAVision,microsoft/phi-4-multimodal-instruct,synthetic,uci_sms_spam_collection,data/synthetic/renders/v0_1/email/us/hard/syn_v0_1_073.png,"Account activity summary
From: medicare.desk@mail.example.com
Sounds like something that someone testing me would say
10:14",1842.25,
syn_v0_1_074,NVIDIAVision,microsoft/phi-4-multimodal-instruct,synthetic,uci_sms_spam_collection,data/synthetic/renders/v0_1/email/us/hard/syn_v0_1_074.png,"Urgent action required on your account
From: usps.delivery@mail.example.com
complementary 4 STAR Ibiza Holiday or £10,000 cash needs your
URGENT collection. 09066364349 NOW from Landline not to lose out!
Box434SK38WP1500PPM18+
10:14",3226.47,
syn_v0_1_075,NVIDIAVision,microsoft/phi-4-multimodal-instruct,synthetic,uci_sms_spam_collection,data/synthetic/renders/v0_1/email/us/hard/syn_v0_1_075.png,"Urgent action required on your account
From: fedex.notice@mail.example.com
As a valued customer, I am pleased to advise you that following recent review of your Mob No. you are awarded with a £1500 Bonus Prize, call 09066364589
10:14",3023.45,
syn_v0_1_076,NVIDIAVision,microsoft/phi-4-multimodal-instruct,synthetic,uci_sms_spam_collection,data/synthetic/renders/v0_1/email/us/hard/syn_v0_1_076.png,"Account activity summary
From: bank.of.america@mail.example.com
Yes princess! I want to please you every night. Your wish is my
command...
10:14",2659.58,
syn_v0_1_077,NVIDIAVision,microsoft/phi-4-multimodal-instruct,synthetic,uci_sms_spam_collection,data/synthetic/renders/v0_1/email/us/hard/syn_v0_1_077.png,"Urgent action required on your account
From: chase.alerts@mail.example.com
Auction round 4. The highest bid is now £54. Next maximum bid is £71. To bid, send BIDS e.g. 10 (to bid £10) to 83383. Good luck.
10:14",3149.63,
syn_v0_1_078,NVIDIAVision,microsoft/phi-4-multimodal-instruct,synthetic,mendeley_sms_phishing,data/synthetic/renders/v0_1/email/us/hard/syn_v0_1_078.png,"Account activity summary From: chase.alerts@mail.example.com I love you !!! You know? Can you feel it? Does it make your belly warm? I wish it does, my love ... I shall meet you in your dreams, Ahmad *adoring kiss* 10:14",3119.81,
syn_v0_1_079,NVIDIAVision,microsoft/phi-4-multimodal-instruct,synthetic,uci_sms_spam_collection,data/synthetic/renders/v0_1/email/us/hard/syn_v0_1_079.png,"Urgent action required on your account
From: chase.alerts@mail.example.com
CLAIRE here am havin borin time & am now alone U wanna cum over 2nite? Chat now 9099975823 hope 2 C U Luv CLAIRE xx
Calls£1/minmoremobsEMSPOBox45PO139WA",2833.56,
syn_v0_1_080,NVIDIAVision,microsoft/phi-4-multimodal-instruct,synthetic,uci_sms_spam_collection,data/synthetic/renders/v0_1/email/us/hard/syn_v0_1_080.png,"Inbox Urgent action required on your account From: medicare.desk@mail.example.com cmon babe, make me horny, *turn* me on! Txt me your fantasy now babe -) Im hot, sticky and need you now. All replies cost £1.50. 2 cancel send STOP 10:14",2814.55,
