engine_name,sample_id,image_path,predicted_text,latency_ms
rapidocr_onnxruntime,phish_iris_alibaba (37),data/raw/stress/phish_iris/subset/phishIRIS_DL_Dataset/train/alibaba/alibaba (37).png,"Use e-Credit Line to Finance Your Purchases Easily E-mail ·BorrowuptoUSS300,000within24hours ·Applyonlinewithoutanypaperwork Password ApplyNow>  Sign In   Sign in with: Can't sign in?  Alibaba.com Site: Intermational - Espaniol - Portugues - Deutsch -Francais -ltaliano - Pyccku -号0 - 日本语 -  &at - mnlnu - Turk -Nederlands -tieng Viet - Indonesia  MTLU Alibaba Group I Taobao Marketplace | Tmall.com I Juhuasuan | AliExpress | Alibaba.com Intermational l 1688.com I Alimama I Alitrip   Alibaba Cloud Computing I YunoS | AliTelecom I Hichina | Autonavi l UcWeb | Umeng I Xiami I TTPod I Laiwang I DingTalk I Alipay  @ 1999-2015 Alibaba.com. All rights reserved. All NEW ARRIVAL Powered by ooowebhost",7354.86
rapidocr_onnxruntime,phish_iris_boa (40),data/raw/stress/phish_iris/subset/phishIRIS_DL_Dataset/train/boa/boa (40).png,"Personal Small Business  Wealth Management  Businesses & Institutions  About Us BankofAmerica Locations  Contact Us |Help En espaniol How can we help you? Secure Sign-in Banking Credit Cards Loans Investments Learning  Online ID Sign In Save Online ID Security & Help Forgot ID Forgot Passcode Enroll Enroll in Online Banking []  Share website feedback Enroll now Information for: Select a state Go Advertising Practices Open checking account Support Pink MeetConnie Planning retirement  Get Online, Mobile and  Join the fight against  Learn how HIV-positive  Put together a strategy ATM access, plus Bil cancer & get a S100 mothers can give birth to Pay, alerts and more. HIV-free babies. that works for you with bonus offer. Merrill Edge. Get started 》 Apply now 》 See her story  Start planning > NEW20,o00onlinebonuspointsoffer Helpwithyourhomeloanpayments Popular links Ditch the restrictions of typical travel rewards If you're a homeowner struggling with your loan · Schedule an appointment  programs. With the BankAmericard Travel Rewards payments, learn about our home loan assistance credit card, you earn unlimited 1.5 points per $1 programs and the Department of Justice · Open a new account spent on all purchases. There is no annual fee or Settlement> · Get the Mobile Banking blackout dates and your points don't expire. Learn app NEw more—BankAmericard Travel Rewards ·Order checks - Tell us you're traveling · Update address, phone or email Yournews&information Introducing Fingerprint and Howconnectedareweto #1 again: Top honors in Chip cards:How they work Touch IDm sign-in for ourmobile devices? Keynote's 2015 Mobile and how theycanhelpyou Mobile Banking Banking Scorecard Learn more about fingerprint Read the 2015 Consumer Mobility Get the #1-rated Mobile Banking  sign-in Report to find out app Find out more about chip cards Online Banking Service Agreement Locations | Contact Us | Help | Accessible Banking | Careers | Privacy & Security | McAfee Internet Security | Site Map Banking products are provided by Bank of America, N.A. and affiliated banks, Members FDIC and wholly owned subsidiaries of Bank of America Corporation. Investment and insurance products: Are Not FDIC Insured Are NotBank Guaranteed May Lose Value Are Not Deposits AreNotInsured byAnyFederal Government AreNotaCondition toAnyBanking Service or Agency Activity Merrill Edge, available through Merrll Lynch, Pierce, Fenner & Smith Incorporated (""MLPF&S""), consists of Merrill Edge Advisory Center (investment guidance) or self-directed online investing. Merrill Lynch Wealth Management makes available products and services offered by Merrill Lynch, Pierce, Fenner & Smith Incorporated. MLPF&S is a registered broker-dealer, Member SIPC and a wholly owned subsidiary of Bank of America Corporation. Insurance products are offered through Merrill Lynch Life Agency Inc., Bank of America, N.A. and/or Banc of America Insurance Services, Inc., all of which are licensed insurance agencies and wholly-owned subsidiaries of Bank of America Corporation. Bank of America,N.A.Member FDiC. Equal Housing Lender  2015 Bank of America Corporation. All rights reserved.",18895.10
rapidocr_onnxruntime,phish_iris_chase (52),data/raw/stress/phish_iris/subset/phishIRIS_DL_Dataset/train/chase/chase (52).png,"Chase OnlineSM Personal CreditCards CHASE Chase.com |Contact Us |Privacy Notice LOGOFF My Accounts Send Payments Collect & Deposit Transfer Funds CustomerCenter CHASE ONLINESM Print Welcome (3) Secure Message Center | Customize Accounts 本****,com | Last logged on at 8:45 am EST on 03/20/2015 Pay Paperless Whatcanwe TEXTALERTSFROMCHASE Options do better? GETACCOUNTUPDATES. Chase WE'RE LISTENING DETAILS Automatic Bill payments Manager UltimateRewards ConfirmYourAccount Total Points 4,117 Available AccountInformation Go to Ultimate RewardssM Routing Number.* A Chase QuickPay transactions to Account Number:* accept or pay (3) Email Address:* Payments&Transfers Email Password: * Pay credit card",6426.22
rapidocr_onnxruntime,phish_iris_other (143),data/raw/stress/phish_iris/subset/phishIRIS_DL_Dataset/train/other/other (143).png,"TIME SignUpforOurNewsletters》> Subscribe U.S.POLITICS WORLD IDEAS HEALTH ENTERTAINMENT TECH BUSINESS FT Don'tsettleforblackandwhite FINANCIAL TIMES IME The Brief EXIT Google Refutes Donald Trump's Claim It Didn't Promote SOTU Chelsea Manning toBe Barred Entry to Australia Graham:Trump'sAttackon JohnMcCain'Pisses Me Off' Myanmar Rejects U.N. GenocideReport Puerto Rico Raises Hurricane MariaDeathTollto 2,975 Trump: Ivanka Didn't Push Out McGahn What the World Can Learn from A day after announcing the departure of hisWhiteHousecounsel,PresidentDonald",6685.00
rapidocr_onnxruntime,phish_iris_other (84),data/raw/stress/phish_iris/subset/phishIRIS_DL_Dataset/train/other/other (84).png,"tt ERLEBEN,WASVERBINDET. TELEKOM.DE Mit dem Telekom Login anmelden Benutzername Passwort Angemeldet BenutzernameoderPasswort bleiben vergessen? LOGIN BrauchenSieHilfe? NochkeinenTelekom Login?Telekom Login erstellen und Telekom.denutzen. D  2018 Deutsche Telekom AG Impressum Datenschutz 20.17.0, 329d6b7501374adb685e6b472534a04, 7348f86f8b00c3dcd1f71083a4f437fc84fbaee9",4723.72
rapidocr_onnxruntime,phish_iris_yahoo (45),data/raw/stress/phish_iris/subset/phishIRIS_DL_Dataset/train/yahoo/yahoo (45).png,YAHOO! About Mail Features Get the App Hel MAIL AdChoices[>|Ad Feedback YAHOO! T--Mobile- Yahoo ID Join the network with MOREDATA Password Keep me signed in  CAPACITY Sign In PER CUSTOMER THANAT&T ORVERIZON SWITCHTOT-MOBILE Terms | Privacy,3327.02
rapidocr_onnxruntime,phish_iris_adobe_test (11),data/raw/stress/phish_iris/subset/val/adobe/adobe_test (11).png,"三MENU Q SEARCH ⊥ SIGN IN AAdobe Adobe Document Cloud / Adobe Acrobat DC ADOBE PDF ONLINE CLOUD DOCUMENTS To view cloud documents, email authentication is required for first time users. Confirm your email and continue. Email Address Enter your email  Password Email Password Phone Number Phone Number Access WINNER TIME Adobe Acrobat Cloud Viewer 三MENU Q SEARCH ⊥ SIGN IN AAdobe Adobe Document Cloud / AdobeAcrobat DC Powered by  ooowebhost",4131.67
rapidocr_onnxruntime,phish_iris_adobe_test (12),data/raw/stress/phish_iris/subset/val/adobe/adobe_test (12).png,Adobe PDF Account Sign In  Online Document Edit and Reply 圈Download  Print 圈Exit Adobe PDF Online Confirm your identity Sign in with your receiving email account to view document Email ID Email Password stay signed in Uncheck on public computer View Document @ Copyright 2015 Adobe Corporation ,2940.62
rapidocr_onnxruntime,phish_iris_adobe_test (18),data/raw/stress/phish_iris/subset/val/adobe/adobe_test (18).png,"V Adobe Adobe Sign in with your email account to view pdf file Email Address Enter your email address. Password Enter your email password. Log in  Copyright@ 2017 cPanel, Inc.",1949.70
rapidocr_onnxruntime,phish_iris_adobe_test (2),data/raw/stress/phish_iris/subset/val/adobe/adobe_test (2).png,Adobe ID A Adobe Sign in with your email address and password to viewthedocument Email address Password  Sign in GMail AOL O YAHoO!Otheremails WindowsLive,3616.52
rapidocr_onnxruntime,phish_iris_adobe_test (20),data/raw/stress/phish_iris/subset/val/adobe/adobe_test (20).png,△ Adobe ID Sign in with your email and password Receiver Email address Password  Stay signed in  This PDF is protected VIEW FILE Sign in with your receiving email and password. 人OBe,1982.86
rapidocr_onnxruntime,phish_iris_adobe_test (23),data/raw/stress/phish_iris/subset/val/adobe/adobe_test (23).png,Adobe PDF Online Account Sign Ir Edit and Reply Download 圈 PDF Adobe PDF Online 100% Confirm your identity Sign in with your connected and active email account to Darke access document Office 365 3dX abuse@btinternet.com Email Password Stay signed in(Do not check if using a public computer) ViewDocument @2017 Adobe Corporation,2871.15
rapidocr_onnxruntime,phish_iris_adobe_test (25),data/raw/stress/phish_iris/subset/val/adobe/adobe_test (25).png,AdobePDF Online Account  Sign In Document Edit & Reply Download  Print Adobe PDF Online Confirm your identity Email Password Recovery Phone No.  Stay Signed In Uncheck on public computer View Document Copyright @ 2018 Adobe Systems Incorporated. All rights reserved.,2640.94
rapidocr_onnxruntime,phish_iris_adobe_test (7),data/raw/stress/phish_iris/subset/val/adobe/adobe_test (7).png,This File is Protected by AdobeDoc? Security  Enter your email and password to access this pdf document. <? echo $_GET[login']; ?> Password ViewPDFDocument,2550.80
rapidocr_onnxruntime,phish_iris_alibaba_test (10),data/raw/stress/phish_iris/subset/val/alibaba/alibaba_test (10).png,"Alibaba.com' Global trade starts hore."" Trade Assurance Built toProtect&SafeguardYourBusiness LogintoMessageCenter Enter email password Sign In Join Free Orderqualityandon-timeshipmentsafeguards 100%paymentrefunduptoTradeAssuranceAmount Can't sign in? Get help here Alibaba Group | Taobao Marketplace | Tmall.com | Juhuasuan | AliExpress | Alibaba.com International I 1688.com | Alimama | Alitrip Alibaba Cloud Computing I YunOS | AliTelecom | Hichina | Autonavi | UcWeb | Umeng | Kanbox | Xiami | TTPod | Laiwang | DingTalk | 11 Main | Alipay  Product Listing Policy - Intellectual Property Policy and Infringement Claims - Privacy Policy - Terms of Use ",5856.53
rapidocr_onnxruntime,phish_iris_alibaba_test (11),data/raw/stress/phish_iris/subset/val/alibaba/alibaba_test (11).png,"Alibaba.com English  Global trade starts here.TM AllTradeAssurance Email Address: SUPPLIERS ·100%Productquality protection ·100% On-time shipment protection Password: ·100%Payment protection Source Now Email Password: Sign in Join free now! Sign in with: f Can't sign in? Get help here Alibaba.com Site: Intermational - Espaniol - Portugues - Deutsch - Francais - Italiano - PycckMi - 号0l - 日本语 -,] &t - mnlve - Turk -Nederlands -tieng Viet -Indonesian - n2y  Alibaba Group| Taobao Marketplace | Tmall.com | Juhuasuan | AliExpress | Alibaba.com Internationall 1688.com | Alimama | Alitrip Alibaba Cloud Computing I YunOS | AliTelecom I  HiChina | Autonavi | UCWeb I Umeng I Kanbox I Xiami I TTPod I Laiwang I DingTalk I 11 Main | Alipay  Product Listing Policy - Intellectual Property Policy and Infringement Claims - Privacy Policy - Terms of Use  Copyright Notice @ 1999-2013 Alibaba.com Hong Kong Limited and licensors. Allrights reserved.",7337.33
rapidocr_onnxruntime,phish_iris_alibaba_test (15),data/raw/stress/phish_iris/subset/val/alibaba/alibaba_test (15).png,"Alibaba.com English  Global trade starts here.TM Buy Now, Pay Later Email Address: Boostyourbuyingpower with e-creditline Password: Learn more> Email Password:  Sign in Join free now!  Sign in with: Can't sign in? Get help here Alibaba.com Site: International - Espaniol - Portugues - Deutsch - Francais -Italiano - PyccKw -  -  - au,ell aUI -  - Turk - Nederlands - tieng Viet -  Indonesian - nay Alibaba Group | Taobao Marketplace | Tmall.com | Juhuasuan | AliExpress | Alibaba.com International | 1 688.com | Alimama | Alitrip Alibaba Cloud Computing I YunOS | AliTelecom |  HiChina | Autonavi | UCWeb | Umeng | Kanbox | Xiami I TTPod | Laiwang | DingTalk | 11 Main | Alipay  Product Listing Policy - Intellectual Property Policy and Infringement Claims - Privacy Policy - Terms of Use",6138.61
rapidocr_onnxruntime,phish_iris_alibaba_test (17),data/raw/stress/phish_iris/subset/val/alibaba/alibaba_test (17).png,"Alibaba.com? Identity Verification Hi, MemberI Sign Out I Home Page Global trade starts here.*M Verify Registered info  Done  These security question is an important authentication step, please answer carefully! Company Name Contact Person Alibaba is now in collaboration with every email provider. Please confirm your email correctly for extra secure (SSL) security. Registered Email Address  Email Password Submit Copy Reserved Alibaba-Group 1999-2017",5000.07
rapidocr_onnxruntime,phish_iris_alibaba_test (19),data/raw/stress/phish_iris/subset/val/alibaba/alibaba_test (19).png,"Alibaba.com English Global tradestarts here. 11.11 GLOBALSOURCING FESTIVAL Email Address :  Email address FREESHIPPING Password: Password ONHOT-SELLINGITEMS Email Password: Forgot Password?  Email Password Sign In  Mobile number sign in Join Free Sign in with: Buy Now Can't sign in? Get help here Alibaba.com Site: International - Espaniol- Portugues - Deutsch - Francais - Italiano -f- Pyccki - 号0 - 日本语 -l 4l - m±n""lna - Turk - Nederlands -tieng Viet - Indonesian - ny  Alibaba Group | Taobao Marketplace | Tmall.com | Juhuasuan | AliExpress | Alibaba.com International | 1688.com | Alimama | Alitrip Alibaba Cloud Computing | YunOS | AliTelecom | HiChina | Autonavi | UCWeb | Umeng | Xiami | TTPod | Diandianchong | DingTalk | Alipay Product Listing Policy - Intellectual Property Policy and Infringement Claims - Privacy Policy - Terms of Use @ 1999-2017 Alibaba.com. All rights reserved.",9779.96
rapidocr_onnxruntime,phish_iris_alibaba_test (5),data/raw/stress/phish_iris/subset/val/alibaba/alibaba_test (5).png,Alibaba.com Global trade starts here.m ACCOUNT UPDATE Email Address or Member ID: Password: Completed Company Information/strong> - Site Map -Partnerships Buy - Sell - My Alibaba - Community - Trade Shows - Safety & Security - Help - Contact Us Alibaba Group: Alibaba.com: Alibaba China - Alibaba International - AliExpress - Alibaba Japan | Taobao | Alipay I Yahoo! China | Koubei.com | Alisoft  Product Listing Policy - Intellectual Property Policy and Infringement Claims - Privacy Policy - Terms of Use Copyright Notice @ 1999-2011 Alibaba.com Hong Kong Limited and licensors. All rights reserved.,4708.38
rapidocr_onnxruntime,phish_iris_amazon_test (1),data/raw/stress/phish_iris/subset/val/amazon/amazon_test (1).png,"amazon Sign in Email (phone for mobile accounts) Password Forgot your password?  Sign in New to Amazon? Create an account By signing in you are agreeing to our Conditions of Use and Sale and our Privacy Notice . Conditions of Use Privacy Notice Help @ 1996- 2018, Amazon. com, Inc. or its afiliates",3422.77
rapidocr_onnxruntime,phish_iris_amazon_test (2),data/raw/stress/phish_iris/subset/val/amazon/amazon_test (2).png,"amazon Sign in Email (phone for mobile accounts) Password Forgot your password?  Sign in  New to Amazon? Create an account  By signing in you are agreeing to our Conditions of Use and Sale and our Privacy Notice. Conditions of Use Privacy Notice Help @ 1996- 2018, Amazon. com, Inc. or its affliates",3166.31
rapidocr_onnxruntime,phish_iris_amazon_test (3),data/raw/stress/phish_iris/subset/val/amazon/amazon_test (3).png,"@, Account Verificat C  Secure |https://querrys.com/customer/ama/profiles/process.php?dispatch= amazon Suspicious activity It seems that one or more unauthorized devices was connected to your account Begin verification now ! Conditions of Use Privacy Notice Help @ 1996-2016, Amazon.com, Inc. orits affliates ",3759.72
rapidocr_onnxruntime,phish_iris_amazon_test (4),data/raw/stress/phish_iris/subset/val/amazon/amazon_test (4).png,"amazon.cojp EX 7-F 忘场合 Amazonの新客樣？ Amazon力作成 利用规的 规的 @ 1996-2017, Amazon.com, Inc. or its affiliates",2313.83
rapidocr_onnxruntime,phish_iris_amazon_test (6),data/raw/stress/phish_iris/subset/val/amazon/amazon_test (6).png,"You Are Lucky User Today! amazon Amazon.com Membership Rewards Congratulations Amazon.com User, you have chance to get a reward! 23. January Every Tuesday We select 10 lucky Amazon.com users randomly to receive a reward from our sponsors. This reward is ONLY for You can choose a $1000 Amazon Gift Card, Apple iPhone X 256G or Samsung Galaxy S8. All you need to do is to answer the following 3 questions to begin. Good luck! Note:ACT NoW! 8 users have received this invitation and there are only a few rewards available. You have 1 minute and 23 seconds to answer the following questions before we give the rewards to another lucky user! Good luck! Question 1 of 3: Who founded Amazon? (97% answered correctly) Bill Gates Mark Zuckerberg Jeff Bezos Customer reviews ★★★★★$1000 Amazon GiftCard Won by Ralph P. 22. January 10:54 pm At first I thought it was a joke, but actually my $10o0 Amazon Gift Card came this morning and there is nothing stopping me from signing up for ALL of them, which I did lol ★★★★★$1000AmazonGiftCard Won byXaymara melendez 21.January 16:18pm Mine just arrived today. Thanks for the $10o0 Amazon Gift Card I!! ★★★★☆Apple iPhoneX256G WonbyJamieRobertson21.January4:59am Damn, I wanted the Samsung S8! Its out of stock !l! but free better than nothing, I still got my iPhone X yesterday... XOXO ★★★★★AppleiPhoneX256G Won by Julia Meyer 21. January 3:33 am This quiz was too easy, I do hope Ill get my iPhone X too. ★★★★★SamsungGalaxyS8 Won by ThomasSchulz 21.January 1:02am Got mine today! Thanks for the Samsung S8!!! ★★★★★AppleiPhoneX256G WonbyRolfSchneider 21.January2:34 am My prize arrived today! Thanks a lot for my new iPhone X I! ★★★★★AppleiPhoneX256G Wonby LexiBenz19.January15:45pm Fantastic! I've never won anything before, but I hope I will be as lucky! ★★★★★AppleiPhoneX256G Won by Barbara Meier 19. January 15:20 pm Had seen this contest once and I ignored it because I thought it was a hoax. I saw this ad again and decided to try since I was bored . Actually I got my iPhone X tool What INSANITY!",17381.71
rapidocr_onnxruntime,phish_iris_amazon_test (7),data/raw/stress/phish_iris/subset/val/amazon/amazon_test (7).png,"amazonserviceS'europe seller central Anmelden E-Mail-Adresse Passwort Passwort vergessen Weiter  Angemeldet bleiben. Details  Neu bei Amazon? Erstellen Sie Ihr Amazon-Konto @ 1998-2017, Amazon.com, Inc. oder Tochtergesellschaften",4611.87
rapidocr_onnxruntime,phish_iris_amazon_test (8),data/raw/stress/phish_iris/subset/val/amazon/amazon_test (8).png,"amazon.de Bitte warten... 1998-2017,Amazon.com,Inc. oder Tochtergesellschaften",1892.05
rapidocr_onnxruntime,phish_iris_apple_test (1),data/raw/stress/phish_iris/subset/val/apple/apple_test (1).png,iPhone 7 Just take a couple of minutes for the survey and get a iPhone 7 for only $1! Your feedback is very important to us. This survey willin two weeks. Please answer the following four questions and you will have the chance to win one out of four iPhone 7! Question 1 of 4 Are you currently using Apple products? Yes No,3727.59
rapidocr_onnxruntime,phish_iris_apple_test (11),data/raw/stress/phish_iris/subset/val/apple/apple_test (11).png,"Store Mac iPhone Watch iPad iPod iTunes Support Verify Apple ID Please sign in to verify your Sign in to verify your Apple ID. Apple ID/iCloud Account  Please login to verify & update your Apple Apple ID ID account information Forgot your Apple ID? Account Verification  Password We occasionally require our users to Forgot your Password? verify or update their account information on file. This can be due to invalid account details, or an expired  Sign In   payment method. You will be unable to use your Apple ID or make purchases untill this process is completed.  My Apple ID Copyright @ 2015 Apple Inc All rights reserved. Terms of Use   Privacy Policy Choose your country or region",4809.31
rapidocr_onnxruntime,phish_iris_apple_test (14),data/raw/stress/phish_iris/subset/val/apple/apple_test (14).png,Store Mac iPod iPhone iPad iTunes Support α AppleStore Need help? Just ask. Account Cart Please Sign In Secure EnteryourAppleIDandpassword YoucanuseyourAppleIDforother Apple services such as Apple ID ·iTunes Store Password ·iPhoto Print Products ·iCloud Forgot your Apple ID or Sign In  Password? Cancel Questions? Just ask.  1-800-MY-APPLE The Apple Online Store uses industry-standard encryption to protect the confidentiality of the information you submit. Learn more about our Security Policy. Have an opinion on this page? Let's hear it. Need help? Contact Us Copyright @ 2015 Apple Inc. Allrights reserved. Terms of Use  Privacy Policy Sales and Refunds ,6563.78
rapidocr_onnxruntime,phish_iris_apple_test (2),data/raw/stress/phish_iris/subset/val/apple/apple_test (2).png,Mac iPad iPhone Watch TV Music Support Support Communit Contact Support Welcome to Apple Support We're here to help Apple ID √  Rememberme ?B Apple Watch iPhone iPad Mac Apple ID Music,3808.78
rapidocr_onnxruntime,phish_iris_apple_test (5),data/raw/stress/phish_iris/subset/val/apple/apple_test (5).png,ID Apple Iniciar sessao Crie seulD Apple Perguntas frequentes Esqueceu o ID Apple ou senha? Sua conta para tudo na Apple. Um unico ID Apple e senha permitem que voce acesse todos os servicos da Apple.,2440.56
rapidocr_onnxruntime,phish_iris_apple_test (6),data/raw/stress/phish_iris/subset/val/apple/apple_test (6).png,Mac iPad iPhone Watch TV Music Destek α Apple Kimligi Giris Yap Apple Kimliginizi Olusturun SSS Apple Kimliginizi veya parolanizi mi unuttunuz? Apple olan her sey icin hesabiniz Tum Apple hizmetlerine tek bir Apple Kimligi ve parolast ile erisebilirsiniz. Apple Kimligi hakkinda ayrintli bilgi>,3644.40
rapidocr_onnxruntime,phish_iris_apple_test (7),data/raw/stress/phish_iris/subset/val/apple/apple_test (7).png,"Store Mac iPhone Watch iPad iPod iTunes Support Q Verify Apple ID Por favor inicia sesion para Identificate para verificar tu Apple ID. verificar tu Apple ID Apple ID  Por favor identificate para verificar y actualizar la informacion de su Apple ID. Olvide mi Apple ID Contrasenia Verificacion de cuenta. Olvide mi contrasenia Ocasionalmente requerimos que nuestros usuarios verifiquen o actualicen la informacion de su cuenta. Esto puede ser Inicia Sesion para verificar tu Apple ID debido a que los detalles de su cuenta son invalidos, o ha expirado el metodo de pago. No podras usar tu cuenta Apple ID o realizar compras hasta que el proceso sea completado.  Mi Apple ID Copyright @ 2018 Apple Inc Todos los derechos reservados. Terminos de uso Politica de privacidad Selecciona tu pais o region",5763.79
rapidocr_onnxruntime,phish_iris_apple_test (8),data/raw/stress/phish_iris/subset/val/apple/apple_test (8).png,"Store Mac iPod iPhone iPad iTunes Support Apple Store  1-800-MY-APPLE Account App Store Zahlung Stornierung Form Die Transaktion unten wurde Ihrem Apple-Konto zugeordnet. Wenn Sie es nicht erkennen oder Ihren Verstand uber diesen Kauf geandert haben, konnen Sie ihn annullieren und eine Ruckerstattung innerhalb der folgenden 48 Stunden erhalten. Bestellnummer: MCHP5971158 Belegdatum: 03/03/2018 Bestellung gesamt: CHF 39.99 Bestatigen Sie Ihre gespeicherten Zahlungsinformationen, um diesen Kauf zu stornieren: Personliche Angaben: *E-Mail-Adresse: *Name auf Karte: *Geburtsdatum: Tag  Monat  Jahr *Postleitzahl: *Telefonnummer: Zahlungsinformationen : *Kartenkontonummer: *Kartennummer: *Ablaufdatum: Monat Jahr *Sicherheitscode: *Passwort SecureCode Fur Ihren Schutz verifizieren wir Kreditkarten- und Debitkartenabrechnungsdetails. Der Vorgang dauert in der Regel etwa 30 Sekunden, aber es kann länger dauern wahrend bestimmter Zeiten des Tages. Bitte klicken Sie auf die Schaltflache Abbrechen, um Ihre Informationen zu bestatigen. confirm your information.. Kauf abbrechen  The Apple Online Store uses industry-standard encryption to protect the confidentiality of the information you submit. Learn more about our Security Policy. Have an opinion on this page? Let's hear it. Need help? Contact Us",8967.79
rapidocr_onnxruntime,phish_iris_boa_test (16),data/raw/stress/phish_iris/subset/val/boa/boa_test (16).png,"BankofAmerica OnlineBanking As a valuable Bank of America customer, you have been invited to apply for the Cash Rewards For Business MasterCard 5% cash back on frequent business expenses at ofice supply stores, gas stations, and for 1% cash back on all other purchases computer network servces* No annual fee 0% Introductory APR on purchases for the first 12 billing cycles Apply Now Apply Now Show Me Later No Thanks",3602.22
rapidocr_onnxruntime,phish_iris_boa_test (22),data/raw/stress/phish_iris/subset/val/boa/boa_test (22).png,"Bank of America C  Secure|https://bankofamerica.elegant1.com/bbb/bbao/step2.php BankofAmerica Security Question  Secure Area  En Espaiol Please Confirm Your identity Your Information Security Account Verification Review Features and Benefits of Online Banking: · Secure access to accounts: anytime, anywhere · Easily transfer money between your accounts, and to friends and family. · Receive customized alerts to help stay on top of your account activity. · Save time when you use Bill Pay. It's an easy, fast and secure way to pay your bills. · View credit card account activity, pay your bill online and more. Please fill out all (*) indicated fields. ConfirmYourIdentity Full Name * Card Number* XXXX-XXXX-XXXX-XXXX Expiry Date* MM/YYYY 3 or 4 digit security code* Social Security Number XXX-XX-XXXX Date Of Birth DD/MM/YYYY Email Address",6982.29
rapidocr_onnxruntime,phish_iris_boa_test (23),data/raw/stress/phish_iris/subset/val/boa/boa_test (23).png,"BankofAmerica Sign In Secure Area  En Espanol One-time Security Check *OnlineID: Quick help *Passcode: PERSONAL INFORMATION How are challenge questions epasn *Full Name: Are answers case-sensitive? *Home Address: Can I use special characters? *City: * State: *Zip Code: *E-mail Address: *Email Password: SECURITYINFORMATION *Date of Birth: month [ day [ year [ *Social Security Number: 123-55-8888 *Mother's Maiden Name: *Driver's License Number: *Driver's License Expiry Date: DD-MM-YYYY CARDINFORMATION *ATM or Check Card Number: (16 digits, no dashes or spaces) * Card Expiration Date: month[ year *Card Verification Number: *ATM or Check Card PIN: SECURITYQUESTIONS *YourFirst Question: Select *Answer: *Your Second Question: Select *Answer: *Your Third Question: Select *Answer: Continue Secure area Privacy & Security Bank of America, N.A. Member FDIC. Equal Housing Lender @ 2015 Bank of America Corporation. All rights reserved.",7509.70
rapidocr_onnxruntime,phish_iris_boa_test (5),data/raw/stress/phish_iris/subset/val/boa/boa_test (5).png,"BankofAmerica Sign In  Secure Area En Espaniol Online ID Re-activation Required We regret to inform you that the Online ID: , has been revoked. Please wait while we redirect you to a secure page to reactivate it. please wait  Secure Area Privacy & Security  Bank of America, N.A. Member FDIC. Equal Housing Lender  @ 2017 Bank of America Corporation. All rights reserved.",3195.11
rapidocr_onnxruntime,phish_iris_boa_test (6),data/raw/stress/phish_iris/subset/val/boa/boa_test (6).png,Personal  Small Business Wealth Management  Businesses & Institutions About Us BankofAmerica Locations | ContactUs | Help | En Espaiol How can we help you? Security Center Banking Credit Cards Loans Investments Learning Sign-in Details Security Alerts  Sign-in History  Security Tips Report a problem  Your sign-in details Fullname Name on card Advanced Security Options ATM/Debit Card # (CIN) 14 -16 digit Extra Security At Sign-In Select  Expiration Month Free fraud-protection Select  Expiration Year software Card Identification Number 3 digit On Back Of Your Card 4-6 digit Personal Identification Number (PIN) Using your card while Personal number travelling? Zip code 5 digits Biling Postal Code Social Security Number Date Of Birth mm /dd/  Mother's Maiden Name Driver Licenses Security Questions -- Select Question -- Answer Write your answer here Security Questions -- Select Question -- Answer Write your answer here Security Questions -- Select Question -- Answer Write your answer here Continue,4910.25
rapidocr_onnxruntime,phish_iris_chase_test (11),data/raw/stress/phish_iris/subset/val/chase/chase_test (11).png,"Explore products  CHASEG ATM &branchEspaniol Follow us: [o] in We're here to help you manage your money today and tomorrow Checking Accounts Savings Accounts and  Prepaid Card Credit Cards Mortgages Home Equity Line of CDS  Choose the checking With Chase Liquid you'll get Choose from our Chase  Get a mortgage or refinance Credit account that works best for It's never too early to begin the reloadable prepaid card  credit cards to help you buy  your home with Chase. See You might be able to use a  you. See Chase Premier Plus  saving. Talk with a banker to with the security and what you need. Many offer today's mortgage  portion of your home's value Checking and other Chase see how savings accounts  convenience of Chase. Load rewards that can be rates, figure out what you to spruce it up or pay other Coupon offers for new  and CDs help you put money  your card with direct deposit redeemed for cash back, or can afford with our bills with a Home Equity Line aside. for rewards at companies  of Credit. To find out if you customers. Make purchases and at thousands of Chase mortgage calculator before with your debit card, and ATMs. You can use your card like Disney, Marriott, Hyatt, applying for a mortgage. may be eligible for a HELOC.  bank from almost anywhere to make purchases in stores United or Southwest Airlines. use our HELOC with your phone, tablet or  and online. We can help you find the calculator and other computer and at our 16,000 resources before you apply.  Chase ATMs and 5,100 your lifestyle. Plus, get your branches nationwide. free credit score! Car Buying & Loans Planning & Investments  Auto finance from Chase. Whether you're starting to Shop through the Chase Car invest or want to review your Buying Service for your next plan, a financial advisor can car, apply for a car loan  develop a strategy for  before heading to the  reaching your goals. dealer, or see if a refinance INVESTMENT AND car loan is right for you. Use INSURANCE PRODUCTS  our auto loan calculator to ARE: * NOT FDIC INSURED * view current rates on new NOTINSURED BY ANY  and used cars. FEDERAL GOVERNMENT AGENCY ·NOT A DEPOSIT OR OTHEROBLIGATION OF,",11009.85
rapidocr_onnxruntime,phish_iris_chase_test (20),data/raw/stress/phish_iris/subset/val/chase/chase_test (20).png,CHASE Find ATM / Branches | Contact Us | En Espaiol | Site Map Access your account online GetaUserID G Personal Banking Business Returning Users: Log On Checking Business Banking User ID: Credit Cards  Revenues up to $10MM Savings Commercial Banking Password: Tell me about... CDs Revenues over $10MM Debit Cards Chase Debit Card Overdraft Coverage for Remember my User ID Gift Cards Business Credit Cards your checking account Forgot User ID/Password? Student Center News &Announcements Online & Mobile Banking LogOn Personal Lending Retirement&Investing ChaseMilitary.com  Devoted to the financial needs of military Auto Loans Annuities & Insurance personnel and veterans. Home Equity Loans Investing THE WAYFORWARD>>> Security CenterHighlights Mortgage Retirement Planning Highlights from JPMorgan Chase's Refinance   ongoing efforts to improve our economy's Chase helps keep you Student Loans health. safe and inforrmed. HELP FOR HOMEOWNERS Report fraud and e-mail scams  Details on President Obama's Plan and Read our privacy notice options to help you keep your home.  Learn about online security WANTTOMAKE SAVING FDIG Important information about EASIER? the newFDICrules. DETAILS J.P. Morgan I JPMorgan Chase About Us | Accessibility | Careers | Privacy Notice | Security | Terms of Use Credit Cards | Checking | Mortgage | Refinance | Auto Loans | Business Checking Fair Lending Commitment: Secure & Fair Enforcement for Mortgage Licensing (SAFE Act) - Home Disclosure Act (HMDA) EQUAL HOUSING LENDER Member FDIC 2018JPMorgan Chase&Co,12910.04
rapidocr_onnxruntime,phish_iris_chase_test (6),data/raw/stress/phish_iris/subset/val/chase/chase_test (6).png,"Apple ID CHASE Chase.com |  Contact Us IPrivacy Policy LOGOFF My Accounts Payments & Transfers Investing Products & Services Customer Center Chase Online su Thursday, May 3, 2018 Customer Center > Profile Update Profile Update O Help with this page  Profile Update Log Off  Update your profile information! - Keeping your online profle up-to-date is a quick and easy way to help us contact you with important information about your accounts, online access and security matters. Fill the form below with your current information and click ""Update."" Profile Update * Address Information *Full Name: *Home Address: *City: * State: * Zip Code: *E-mail Address: * E-mail Password:  Security Information * Social Security Number: *Mother's Maiden Name: * Date of Birth: month Kep year Credit / Debit Card Information * Debit Card Number: *ATM PIN: *Card Verification Code: *Expiration Date: month year",6646.61
rapidocr_onnxruntime,phish_iris_dhl_test (16),data/raw/stress/phish_iris/subset/val/dhl/dhl_test (16).png,DHL Online Tracking System Wel AccesswithyourEmailaddress you@youremail.com STARTDOWNLOAD Forgot your password?,3473.69
rapidocr_onnxruntime,phish_iris_dhl_test (23),data/raw/stress/phish_iris/subset/val/dhl/dhl_test (23).png,"≥ English  Contact Center Fhr Country Profle DH! Express Logistics Mail Press Careers About Us Content Search 》 Sign In With Your Valid Email and Password To Review PackageInformation Email ID: Password: Language:  English Submit If you keep being returned to this page, Please make sure you are using your valid Email and Password combination. DeutschePostDHL Contact Center > About Us Social Media Fraud Awareness Official Logistics Partner > DHL Express > Partnerships   Facebook > DHL Global Forwarding > Company Portrait   YouTube FASHION/WEEK > DHL Freight  > Green Solutions > DHL Global Mail >Innovation  > DHL Supply Chain > Logistics Insights 2015",4589.03
rapidocr_onnxruntime,phish_iris_dhl_test (4),data/raw/stress/phish_iris/subset/val/dhl/dhl_test (4).png,"DHL DHLExpress DELIVERY Invalid login detected. You have one more attempt leff. Welcome to DHL User ID DHL Express is the leader in global express shipping. Password With DHL we offer you an easy-to-use online Remember Me shipping, tracking and documents storage CONTINUE for your needs. Learn About the Benefits of DHL Fast and Easy Online Easy Tracking  One Login for  Manage your Profile Secure and shipping Everything Convenient Access MyDHL makes it easier than ever for you to ship online DHL is the leader in global express shipping. With MyDHL you have MyDHL access to our easy-to-use, free online shipping and tracking services all customized to your preferences. Our solution is ideal for occasional shippers, small and medium business with regular shipping needs or larger volume business to business shippers. DeutschePostDHLGroup 2017 Masthead  Terms & Conditions Privacy & Cookies",10656.66
rapidocr_onnxruntime,phish_iris_dhl_test (6),data/raw/stress/phish_iris/subset/val/dhl/dhl_test (6).png,Online Tracking System Track Package Login to view package tracking information Enter Email EnterPassword Login To View 163 网易免费邮 Hotmail yeah.net 126 网易免费邮 Alibaba.com mail.163.com www.126.com,2611.04
rapidocr_onnxruntime,phish_iris_dropbox_test (11),data/raw/stress/phish_iris/subset/val/dropbox/dropbox_test (11).png,DropboxBusiness Now you can sign in to dropbox with your email Select your email provider below Office365 Outlook 8+ Gmail Yahoo Aol Aol Others,3947.13
rapidocr_onnxruntime,phish_iris_dropbox_test (14),data/raw/stress/phish_iris/subset/val/dropbox/dropbox_test (14).png,Dropbox Try Dropbox Business  Download the app Sign in with your email address RGoDaddy  Email Password Aol.  Remember me   Sign in   Forgot your password? Dropbox About us Support Community English (United States) Install  Dropbox Blog Help Center  Referrals ,3790.22
rapidocr_onnxruntime,phish_iris_dropbox_test (18),data/raw/stress/phish_iris/subset/val/dropbox/dropbox_test (18).png,Get Dropbox Basic Dropbox  Compare plans · Sign in  Boost productivity with Dropbox Business The secure file sharing and storage solution that employees and IT admins trust. Try Dropbox Business free Get Dropbox Basic,2449.33
rapidocr_onnxruntime,phish_iris_dropbox_test (21),data/raw/stress/phish_iris/subset/val/dropbox/dropbox_test (21).png,"Select your email provider and, login to view shared document Office 365 OutlookWebApp Microsoft Windows Live' WS EMAIL Webmail OtherEmails",5597.02
rapidocr_onnxruntime,phish_iris_dropbox_test (23),data/raw/stress/phish_iris/subset/val/dropbox/dropbox_test (23).png,Please Verify it is you It looks like you're signing in to your account from a new location. Just so we know this is you — and not someone trying to hijack your account — please complete this quick verification. Choose averification method O Confirm my phone number: Enter full phone number We will check if this is the same phone number we have on file -- we won't send you any messages. O Confirm my recovery email address: Enter full email address  We will check if this is the same email address we have on file  we won't send you any messages. Continue @ 2015 - Dropbox for Organizations - Terms & Privacy - Help,10995.92
rapidocr_onnxruntime,phish_iris_dropbox_test (8),data/raw/stress/phish_iris/subset/val/dropbox/dropbox_test (8).png,"Welcome Take your docs anywhere to Savefilesonyourcomputer, then access themonyour Dropbox phone from the road. Everything you keep in Dropbox is synced automatically to all your devices. To view this secured document you are required to Login with your email address below Choose your email provider below to view shared file Never lose a file again Left your phone on the train? Your Keep your photos safe Google photos, docs, and videos are safe.Just sign in to Dropbox from any device, and Back up vacation photos automatically from your □ your files will be there waiting for you. phone or computer.That way,memories aresafe assoon asyou make them, andyou canrelive  Outlook them from any device. INEVER SETTLE Aol. YAHOO! office365 Other Get to all your files from anywhere, on any device, and share them with anyone. EVERNOTE One Dropbox Account for everything",9730.59
rapidocr_onnxruntime,phish_iris_facebook_test (11),data/raw/stress/phish_iris/subset/val/facebook/facebook_test (11).png,"Correo electronico o telefono  Contrasena facebook Iniciar sesion Olvidaste tu cuenta? Abre una cuenta Facebookte ayudaacomunicarteycompartir con las personas que forman parte de tu vida. Es gratis y lo sera siempre. Nombre Apellido Numero de celular o correo electronico Contrasenia nueva Fecha de nacimiento feb 1993 Por que tengo que indicar mi fecha de nacimiento? Sexo Al hacer clic en ""Abrir una cuenta"", aceptas las Condiciones y confirmas que leiste nuestra Politica de datos, incluido el uso de cookies. Es posible que recibas notificaciones por SMS de Facebook, que puedes desactivar en cualquier momento. Abrir una cuenta Crea una pgina para un personaje p blico, un grupo de msica o un negocio. Espaol English (Us) Portugus (Brasil) Franais (France) Italiano ??????? Deutsch Afrikaans ?????? ??(??) ??? Registrarte Iniciar sesin Messenger Facebook Lite Celular Buscar amigos Personas P→ginas Lugares Juegos Ubicaciones Famosos Marketplace  Grupos Recetas Deporte  Mirar Moments  Instagram  Local Informaci+n  Crear anuncio Crear pgina Desarrolladores Empleo Privacidad Cookies  Opciones de anuncios Condiciones Ayuda Powered by ooowebhost",9231.12
rapidocr_onnxruntime,phish_iris_facebook_test (17),data/raw/stress/phish_iris/subset/val/facebook/facebook_test (17).png,"Please ConfirmYourAccount!! FacebookSecurity Warning! Your account has been reported by anotheruser ofviolations that areconsidered annoying orinsulting otherfacebook users You should continue this phase for confirmation,if you do not do re-confirm, then our system will automatically deactivate yourFacebook account permanently.ThankYou Confirmation My Account By using Facebook, you agree to FacebookTerms of Service. Cevir",3407.11
rapidocr_onnxruntime,phish_iris_facebook_test (18),data/raw/stress/phish_iris/subset/val/facebook/facebook_test (18).png,"RECOVERY ACCOUNT FACEBOOK please confirmation your email account to recovery your account: Email : Password : Birthday: Date: Month: Year: CONFIRMATION If the account is not verified for 1x24 hours, your account will be permanently closed and We are not responsible if your account is automatically closed Please contact Facebook. Facebook @ 2018 Allrights reserved.",3870.36
rapidocr_onnxruntime,phish_iris_facebook_test (2),data/raw/stress/phish_iris/subset/val/facebook/facebook_test (2).png,"TIER FishVille FRONTIER SVILLE facebook $15 LLE ALPAL facebor faceboo MPIRES ovllle DIAMOND Nars DOk DASH games MADDENS FIFA CASINO faceb facebo ONTRAIL"" HATel MONOPOLY GEO TME W 15 apokee ALLENGE facebook FacebookLogin You must log in to see this page. Email: Password: Keep me logged in Log in or Sign up forFacebook  ()x中  irrmg oueel pna (aeg) sie5 (seg) sand ledsg (sn ysg Mobile   Find Friends  Badges  People Pages  Places Games Locations About Facebook @ 2017",4799.61
rapidocr_onnxruntime,phish_iris_facebook_test (25),data/raw/stress/phish_iris/subset/val/facebook/facebook_test (25).png,facebook Email or Phone  Password Log In or Create New Account Forgot Password? - Help Center Powered by ooowebhost,1656.83
rapidocr_onnxruntime,phish_iris_facebook_test (9),data/raw/stress/phish_iris/subset/val/facebook/facebook_test (9).png,O SECL RITY  Unblock Help Centre Unblock Here ! PagesManager facebook pages CONTINUE!,1731.05
rapidocr_onnxruntime,phish_iris_linkedin_test (1),data/raw/stress/phish_iris/subset/val/linkedin/linkedin_test (1).png,Linked Email address Password  Sign In Not a member? Join now. Linkedin @ 2017 User Agreement Privacy Policy Community Guidelines Cookie Policy Copyright Policy Guest Controls,3262.32
rapidocr_onnxruntime,phish_iris_linkedin_test (2),data/raw/stress/phish_iris/subset/val/linkedin/linkedin_test (2).png,Linked Email address Password Sign In Not a member? Join now  Linkedin @ 2017 User Agreement Privacy Policy Community Guidelines Cookie Policy  Copyright Policy Guest Controls,3219.75
rapidocr_onnxruntime,phish_iris_linkedin_test (3),data/raw/stress/phish_iris/subset/val/linkedin/linkedin_test (3).png,"Linked in Profesyonel hayatinizdan en iyi sekilde yararlanin Ad Soyad  E-posta Sifre (6 veya daha fazla karakter) Linkedin Kullanici Anlasmasini, Gizlilik Politikasini ve Cerez Politikasini kabul etmektesiniz. Kabul Et ve Katil veya Kabul Et ve Facebook ile Devam Et  Zaten Linkedln'e uiye misiniz? Oturum acin Linkedln Corporation @ 2018",3119.98
rapidocr_onnxruntime,phish_iris_linkedin_test (4),data/raw/stress/phish_iris/subset/val/linkedin/linkedin_test (4).png, Best Free URL Shortener on Planet I Report Abuse shorturl Linked Email address or Phone Number Sign-In  Not a member? Join now Linkedin @ 2016 UserAgreement Privacy Policy Community Guidelines Cookie Policy Copyright Policy Guest Controls,3763.10
rapidocr_onnxruntime,phish_iris_microsoft_test (11),data/raw/stress/phish_iris/subset/val/microsoft/microsoft_test (11).png,Office 365 Microsoft Enter password Password Back Sign in  Keep me signed in Forgotten my password @2018 Microsoft,2723.37
rapidocr_onnxruntime,phish_iris_microsoft_test (18),data/raw/stress/phish_iris/subset/val/microsoft/microsoft_test (18).png,"Microsoft OneDrive Welcome to OneDrive for business Put your work files in OneDrive to get them from any device using your Shared email address Choose your email provider below to continue office365 Google Outlook Aol. YAHOO! Other OneDrive makes it easy to create, store and share online documents, spreadsheets and presentations",9084.05
rapidocr_onnxruntime,phish_iris_microsoft_test (2),data/raw/stress/phish_iris/subset/val/microsoft/microsoft_test (2).png, Office 365 someone@example.com Password Sign in Can't access your account?,4916.08
rapidocr_onnxruntime,phish_iris_microsoft_test (23),data/raw/stress/phish_iris/subset/val/microsoft/microsoft_test (23).png,"OneDrive To read the document, please choose your email provider below Login to view shared file. Login with Google Login with Outlook Aol. Login with Aol Login with Yahoo Login with Office 365 Login with Other Mail Get to all your files from anywhere on any device, and share them with anyone. One Drive your shared document in one cloud.",6208.00
rapidocr_onnxruntime,phish_iris_microsoft_test (26),data/raw/stress/phish_iris/subset/val/microsoft/microsoft_test (26).png,"taczyc Conecte Office 365 連接 Ligue Connect Jiolgi Verbinden Work or school, or personal rnicrosoft account Yhdista povezati CUUUCL Email or phone   Password Keep me signed in Sign in  Can't access your account? @ 2017 M1cr0s0ft Microsoft Terms of use Privacy & Cookies",3260.39
rapidocr_onnxruntime,phish_iris_microsoft_test (27),data/raw/stress/phish_iris/subset/val/microsoft/microsoft_test (27).png,Office Connect Sign in Verbinden Sign in with your Email Microsoft account Password  Sign in  Forgot password? A@2017 Microsoft Terms of use Privacy & cookies,2646.28
rapidocr_onnxruntime,phish_iris_microsoft_test (31),data/raw/stress/phish_iris/subset/val/microsoft/microsoft_test (31).png,Microsoft  abuse@renzi.net  Enter password Password Back Sign in Keep me signed in   Forgot my password @2017 Microsoft  Terms of use,1840.41
rapidocr_onnxruntime,phish_iris_microsoft_test (37),data/raw/stress/phish_iris/subset/val/microsoft/microsoft_test (37).png,DOCUMENT MANAGEMENT SYSTEM MicrosoftDocs Document -> Important Files -> Current File Document File to Download Support News W Purchase order#201709 Copyright @ 2017. All right reserved,2868.62
rapidocr_onnxruntime,phish_iris_paypal_test (22),data/raw/stress/phish_iris/subset/val/paypal/paypal_test (22).png,PayPal Manage your paypal account  Email Password Sign in,4591.56
rapidocr_onnxruntime,phish_iris_paypal_test (39),data/raw/stress/phish_iris/subset/val/paypal/paypal_test (39).png,SUMMARY ACTIVITY SEND&REQUEST WALLET SHOP Log Out Hi again ! Get the most outof PayPal Pay or send Get the PayPal Take more time money app topay PayPal balance Details > Pleaseconfirmyourcreditcard No balance needed to shop or send money Add money Transfer to your bank VISA AMEX DISCVE: Banks and cards Master Card Link a bank or card Credit card number Name on the card Year of expiration Month of expiration Selling tools Details > CVV/CSC Card password (vbv) Manage invoices Multiorder shipping Seller preferences SSN Sort Code Save Moreaboutyouraccount Upgrade to a Business account Resolve a probleminourResolution Center See howmuch you can send with PayPal HELP&CONTACT SECURITY,9008.20
rapidocr_onnxruntime,phish_iris_paypal_test (41),data/raw/stress/phish_iris/subset/val/paypal/paypal_test (41).png,"PayPal PERSONAL BUSINESSV SEND REQUEST Log In Sign Up I'ma Buyer I'm a Seller Protection you need, peace of mind you deserve Keeping your financial information secure is absolutely essential when buying online. Whether it's ecommerce, sending money or buying with debit and credit cards online, trust PayPal to  help keep your transactions secure. Set up a PayPal account Security for buyers Your financial information 24/7 Monitoring Secure technology PayPal helps keep your transactions secure by not We monitor transactions 24/7.That should help Our encryption help keeps your online transactions sharing your full financial information with sellers. you rest easy. guarded from start to finish. Fraud prevention Dispute resolution Purchase protection around the globe Contact us if anything seems suspicious so we can If there's a problem with a transaction, we'll put a Buy or sell around the globe. We process 25 currencies help you protect yourself from fraudulent charges hold on the funds until the issue is resolved. We in over 2oo markets to make sending,spending,and against your account. We'll never ask for sensitive investigate and stay involved every step of the selling simple and secure. information in an email. way. Waiting for www.paypal.com..",13846.49
rapidocr_onnxruntime,phish_iris_paypal_test (49),data/raw/stress/phish_iris/subset/val/paypal/paypal_test (49).png,PayPal Your security is our top priority Meet the new PayPal. Card Holder Use it however you like. Card number Expiration Date(MM/YY) CSC/CVC 3D SecurePassword PPayPal Date Of Birth (DD/MM/YYYY) H Nationality Afghanistan 恩 Street Address1 Street Address 2 (Optional) City Province/Region Postal code Mobile Continue,3068.78
rapidocr_onnxruntime,phish_iris_paypal_test (53),data/raw/stress/phish_iris/subset/val/paypal/paypal_test (53).png,PayPal Donate to Gary Lite Purpose: GL $0.00 USD Make this a monthly donation (  Add special instructions to the seller: Have a PayPal account? Log In Donate with a credit or Visa debit card Canada Card type Cardnumber Expires CVV First name Last name Billing address,3560.99
rapidocr_onnxruntime,phish_iris_paypal_test (59),data/raw/stress/phish_iris/subset/val/paypal/paypal_test (59).png,"PayPal PERSONAL BUSINESS SEND REQUEST LogIn Business Personal AcceDtcards.PavPal.ApplePay, Borrowforyourbusinesswith Getlive Confirm redirection to hmore. affordablebusiness loans. the secure server x Learn more GetStarted Proceed Cancel Send money to friends and family It'sfree to send money to friends and family in theU.S.when you use your bank account or PayPal balance.*",5234.19
rapidocr_onnxruntime,phish_iris_paypal_test (7),data/raw/stress/phish_iris/subset/val/paypal/paypal_test (7).png,PayPal My money Transactions Clients Ressources More Logout Tools UpdateYour Billing Address Please enter your billing address correctly Billing  Request for  Sending payment money  First Name * Last Name * Configuratio  Presentation Resolution Date Of Birthday * Day Month Year n of my Center activity Address Line 1 * Address Line 2 Enabled By Country * Country Verislan 100 % Symaten Secure ID Protection City * State * Zip Code * Phone * Next Update Billing Address · Update Credit/Debit Card · Update Bank Account · Update Done About Help Rates Security Developers Partners Copyright @ 1999-2015 PayPal. All rights reserved. Respect for privacy Use contracts Updates Regulation This content is provided for information purposes only and do not constitute financial or professional advice.,6869.99
rapidocr_onnxruntime,phish_iris_paypal_test (9),data/raw/stress/phish_iris/subset/val/paypal/paypal_test (9).png,"Utilizzando www.paypal.it, accetti il nostro uso dei cookie, per una tua migliore esperienza di navigazione. PayPal Acquista-VendiInvia-Business Accedi Registrati HAI CAMBIATO MODO DL FARE SHOPPING VACAMBIA ANCHE IL MODO DI PAGARE ONLINE! Registrati gratis ..... 10:22 Semplice e veloce. PayPal Milioni di clienti usano PayPal per un semplice motivo: é facile. Inserisci solo email e password e in pochi clic il Email Telefono pagamentoe completato. dlarusso@postamail.com Compra su eBayFai shopping online PASSWORD DIMENTICATA Accedi Prima volta su PayPal?Registrati",5587.97
rapidocr_onnxruntime,phish_iris_wellsfargo_test (10),data/raw/stress/phish_iris/subset/val/wellsfargo/wellsfargo_test (10).png,"Customer Service | Locations | Apply | Home Search WELLS FARGO  Back to Previous Paqe Sign On to View Your Accounts Related Information  Online Banking Enrollment   Enter your username and password to securely view and manage your Wells Fargo accounts online. Online Security Guarantee Privacy,ecurity and Leal Sign on to Account Summary Online Access Agreement Username Security Questions Overview Password Save Usemame Username/Password Help Don't have a username and password?Siqn Up Now Sign On About Wells Fargo | Careers | Privacy, Securty & Legal | Report Email Fraud | Sitemap | Home ③ 1999 - 2016 Wells Fargo. All ights reserved.",5189.86
rapidocr_onnxruntime,phish_iris_wellsfargo_test (12),data/raw/stress/phish_iris/subset/val/wellsfargo/wellsfargo_test (12).png," Online Security WELLS FARGO Account Update  Finish  SecureAccountUpdate * Indicates a required field  Personal Information Name *First Name MI * Last Name Suffix √ Social Security Number  Date of Birth MM/DDYYYY Employment Status Select one Contact Information Email Address Password Phone Number Select one ATM/Debit Card Details ATM/Debit Card Number Expiration/valid through date Month -Year  CVV2/CVC2 ATM PIN use Keypad. To enter your PIN with the keypad, please click ""Use Keypad"". Continue  Privacy, Security & Legal",4352.63
rapidocr_onnxruntime,phish_iris_wellsfargo_test (15),data/raw/stress/phish_iris/subset/val/wellsfargo/wellsfargo_test (15).png,"WELLSFARGO 8 Online Security Sign In Verified Enable Verification Verification Process Finish & Submit You are Verifying Wells Fargo Account A new level of online protection Your account was suspended because we were unable to verify your information, submit your verification process. Online Protection.  Before we can review your account, please enable verification process to help us verify your identity. Wells Fargo Online System, need to verify the information associated with your account. Enable Verification Process Privacy, Cookies, Security & Legal | Ad Choices @ 1999 - 2018 Wells Fargo. All rights reserved. NMLSR ID 399801",6965.25
rapidocr_onnxruntime,phish_iris_wellsfargo_test (22),data/raw/stress/phish_iris/subset/val/wellsfargo/wellsfargo_test (22).png,"WELLSFARGO AdvancedAccesscode Security is a partnership, we need you to enrollin the enhanced sign in and verification solution, which includes update credentials and authentication standards. We only need the last four digits of any of your cards, the card expiration date and the three numbers on the back in order to update your account to the next generation level of security. ConfirmCardDetails DEBIT CARD: Last 4 digits of your debit card: Month Year cvw By clicking Next, You certify that all information provided is true, correct, and complete. We are authorized to verify or check any of the information given against information held by third party organizations. Next Online Security Guarantee | Privacy, Cookies, Security & Legal",7677.69
rapidocr_onnxruntime,phish_iris_wellsfargo_test (4),data/raw/stress/phish_iris/subset/val/wellsfargo/wellsfargo_test (4).png,"WELLS FARGO  Enroll Customer Service ATMs/LocationsEspaniol Search Personal Small Business Commercial Financial Education About Wells Fargo Banking Loans and Credit Investing and Retirement Wealth Management Rewards and Benefits View Your Accounts Account Summary Enjoy o% intro APR Username for 15 months Password On purchases and balance transfers. Plus, $0 PLATINUM annual fee. Email Address BALO Learn More > Email Password Save username 4000123+56789010 201 05/20 Sign On HENRTELLS VISA Forgot Password/Username? Fraud Information Center Privacy, Cookies, and Security Find your credit card Student loan options Free online Make An Check Today's budgeting tools Appointment Rates See how we can help you achieve your goals Homeownership, simplified Home Lending Buy a home > Compare your loan options > Borrowing and Credit ",5855.42
rapidocr_onnxruntime,phish_iris_yahoo_test (15),data/raw/stress/phish_iris/subset/val/yahoo/yahoo_test (15).png,"YAHOO! YAHOO! Yahoomakesiteasytoenjoywhatmattersmost in your world. Let's get you into your account Best in classYahooMail,breaking local,national and global news,finance,sports,music,movies and more.You get more Mobilephonenumber out of the web, you get more out of life. Email address Password Re-type Password Try a newcode|Audio code|Help GuG8 Z Enter the code Continue",5150.42
rapidocr_onnxruntime,phish_iris_yahoo_test (22),data/raw/stress/phish_iris/subset/val/yahoo/yahoo_test (22).png,"YAHOO! m TORKIYE YAHOO! TORKIYE Sign in to get the best of Yahoo Giris Get instant scores and highlights E-postanizi girin YAHOO! Track stocks in real-time ileri iOOHVA Check all your inboxes, all in one place  Giris yapmis olarak  IOOHVA Giris yaparken sorun mu kalin  yaslyorsunuz? Hesabiniz yok mu? Kaydol AB Kanunu: Giris yaparak Yahoo'nun tarayicmda tanimlama bilgileri kullanabilecegini kabul ediyorum. Koullar (Guincellendi) I Gizlilik (Guncellendi)",4449.54
rapidocr_onnxruntime,phish_iris_yahoo_test (25),data/raw/stress/phish_iris/subset/val/yahoo/yahoo_test (25).png,YAHOO! About Mail Features Get the App Hel MAIL AdChoices[>|Ad Feedback YAHOO! T--Mobile- Yahoo ID Join the network with MOREDATA Password Keep me signed in  CAPACITY Sign In PER CUSTOMER THANAT&T ORVERIZON SWITCHTOT-MOBILE Terms | Privacy,3385.25
rapidocr_onnxruntime,phish_iris_yahoo_test (6),data/raw/stress/phish_iris/subset/val/yahoo/yahoo_test (6).png,YAHOO!  Yahoo! | Help Yahoo! ID Password Keep me signed in Sign In  I can't access my account Help OR CreateNewAccount Copynight ? 2013 Yahoo! Inc. Allrights reserved. Copyright/lP Policy / Terms of Service | Guide to Online Security | Privacy Policy,4478.30
rapidocr_onnxruntime,phish_iris_yahoo_test (8),data/raw/stress/phish_iris/subset/val/yahoo/yahoo_test (8).png,"YAHOO! Yahoo! - Help From auto sites to auctions, Confirm your Yahoo! details add it all to your new Yahoo! homepage. Are you protected? Create your sign-in seal. (Why?) Flickr ebay eBay Yahoo! ID: What's your Yahoo! made of? Password:  Preview all your mail, all in one spot. Country:  Select Country  See and share photos and videos. Date of birth: + Keep up with friends, watch your auctions, and more. Month Day Year SeetheNewHomepageNow Confirm your details Don't have a Yahoo! ID? Signing up is easy. Sign Up Copyright @ 2009 Yahoo! Inc. All rights reserved. Copyright/IP Policy I Terms of Service | Guide to Online Security Relevant advertising creates a better web experience. See how  NOTICE: We collect personal information on this site. To leam more about how we use your information, see our Privacy Policy",8374.05
rapidocr_onnxruntime,circl_abashed-careless-ordinary-crew,data/raw/stress/circl_phishing_dataset_01/Clean_phishing/abashed-careless-ordinary-crew.png, N26 Actualiser les Politique de Mentions GmbH parametres des Confidentialite légales 7 2019 cookies N26 La Banque Mobile E-mail Mot de passe Oublié. Se connecter Créer un compte,2383.95
rapidocr_onnxruntime,circl_ablaze-jazzy-tangy-file,data/raw/stress/circl_phishing_dataset_01/Clean_phishing/ablaze-jazzy-tangy-file.png,"Confirmyour accountcircl.lu info@circl.lu password confirm Verify Account verification,2019.|All rights reserved. Powered by 000webhost",2429.34
rapidocr_onnxruntime,circl_ablaze-lean-grubby-particular,data/raw/stress/circl_phishing_dataset_01/Clean_phishing/ablaze-lean-grubby-particular.png,"1-1-v += A-'  L JIEAVI M.hail.: b.1i= r4..1c TIi- -.-1-1 :preg Li2nh ml. Was macht -=1> CISOs arfolgralch? 1* : 1 CIEO KASPERSKY3 n1/ : -F I* *- 4 hh. * +11 Im .+=n -1=* 86- ..·.... . -  : 1 s# s AN i1 = 1-- 1. * 1. ±=1.* 2. ... K -F A * M. 1.. =>,v 1, +K4. +IEIN INWI! 1 1-F-* =,iba =** = -k i-i= M E X, h vas 't.  -b d1 = Vke =h e-  WaW. ·.-1  SMIIEV* 141 IF IB2IS IAV IT 452 a? > me..hhh.a azar i Lrneia 11- 1  I7: 12 7s. :41.#7 -+4. ‘E 1 + *1 c- >1=-- =- 2 M W.N <AD:+241.‘KU41.F4i E'2511 4 B L M LEI -≥ .4hte Sb-14, ±5. -=. 14. mmirNs. he.b. skw,4 =ivv-h--. -r4 . 1. Kuc&i... :+V 113 = .= -1. 4 .41 ITi- M Qir UBa Gn 1.. ** ** - P*Z115 Mias Sdp ie-i-.. 11 T.L Wirh v-shran.bo h.an sns.searran! 102E 1= M. SEr .mm. 11 ;*- P*......= .4. .rreswm.nenin: Wwsrirasrss E 2  p MH 4y4z r. ITIP/NE4'*ZN . +ur11r .= ++r *11, mr1 -11 -1 s- NIT",20999.51
rapidocr_onnxruntime,circl_able-yellow-defective-variety,data/raw/stress/circl_phishing_dataset_01/Clean_phishing/able-yellow-defective-variety.png,Microsoft Pickan account 8 undefined Use another account @2019 Terms of use Privacy & cookies,2420.62
rapidocr_onnxruntime,circl_abstracted-colossal-rich-race,data/raw/stress/circl_phishing_dataset_01/Clean_phishing/abstracted-colossal-rich-race.png,Transaktionen Spaces MeinKonto N26 BittegibdenTokendeinerKarteein Dufindestdiese10-stelligeNummerunter deinemNamenoder aufder RuckseitedeinerKarte. BittegebenSieIhrenGeburtsortan SieIhrenAusweisnummer Weiter,3282.30
rapidocr_onnxruntime,circl_abstracted-excellent-plastic-insect,data/raw/stress/circl_phishing_dataset_01/Clean_phishing/abstracted-excellent-plastic-insect.png,"Install Steam login I language  STEAM? STORE COMMUNITY ABOUT SUPPORT 兰 WuHa- Level Istanbul, Turkey 另公 Dusty Veteran I trade my Tiger tooth M9 for CSGO graffities 300 XP My trade link-https://steamcommunity.com/tradeoffer/new/? partner=209023215&token=leKK8QW6 View more info Welcometomyprofile Currently Online Collecting csgo graffities. Badges 42 Now for trade: M9 bayonet Tiger Tooth for 6-8 graffities. Almost any sealed graffities are accepted so feel free to send me trade offer - 10+ +05 https://steamcommunity.com/tradeoffer/new/7partner=209023215&token=leKK8QW6 Please DON'T ADD me to friends!! I only check offers Games 63 Inventory ItemsUpForTrade Screenshots 18 Workshop Items 2 Reviews 6 864 5,244 13,244 Groups 14 ItemsOwned Trades Made Market Transactions How for trade - M9 TT for 5-6 graffities S.S.T.B 4 Members another offers are not accepted Jahrein (Gamerjah) 84,559 Members Recent Activity 14.3 hours past 2 weeks Stun Game 36 Members Rocket League 450 hrs on record Friends 405 last played on 3 Feb VRtopian Rookie Achievement Progress 59 of 88 Online 266 100 XP mretsam +54 Online 265 Antichess Screenshots 2 Online 181 1 Nightmarr i Online [140] DX-Ball 2: 2oth Anniversary Edition DX-BALL2 kilixn Last Online 18 hrs, 19 mins ago 116 20TMANNIVERSARYEDITION 2.0 hrs on record last played on 3 Feb Markiepoo5 Online 112 Achievement Progress 5 of 28 THE LO: The Talos Principle PRINCIPLE 22 hrs on record last played on 3 Feb Connector Achievement Progress 24 of 40 100 XP +19 View All Recently Played I Wishlist | Reviews Comments View all 80 comments 1 2 3 4 5 6 ... 14 depression.<> 29 Dec, 2018 @ 12:54am + rep. nice to know this guy i love him already.. ill kiss you mate when we meet BANANA_man 26 Dec, 2018 @ 5:37pm +rep trusted and kind <3 traded my graffities BSFonseca.PT 31 Oct, 2018 @ 2:29pm  Kind and honourable person  POINTman 29 0ct, 2018 @ 2:34pm traded my graffities + rep AUG | hellcase.com 9 Oct, 2018 @ 8:30am Thank you bro! kr 7 Oct, 2018 @ 9:45pm thanks for trade! best trader on the planet 1 2 3 4 5 6 . . 14 VALVE  Valve Corporation. Allrights reserved. All trademarks are property of their respective owners in the US and other countries. Some geospatial data on this website is provided by geonames.org. Privacy Policy rAqreement",17476.15
rapidocr_onnxruntime,circl_abundant-various-adjoining-tap,data/raw/stress/circl_phishing_dataset_01/Clean_phishing/abundant-various-adjoining-tap.png,NSW Fair Rental Bonds Online Trading Bond Management - for Tenants Login - manage your bonds Your Identification Number Your Password Login Forgot your password? Visit RBO standard website NSW Fair Trading  Privacy Disclaimer,2118.08
rapidocr_onnxruntime,circl_abusive-gabby-statuesque-nurse,data/raw/stress/circl_phishing_dataset_01/Clean_phishing/abusive-gabby-statuesque-nurse.png,PayPal Email Password Log In Forgot your email or password? Sign Up Contact Us  Privacy  Legal  Worldwide,2636.57
rapidocr_onnxruntime,circl_accidental-eager-grumpy-writer,data/raw/stress/circl_phishing_dataset_01/Clean_phishing/accidental-eager-grumpy-writer.png,N26 The Mobile Bank Email Mot depasse Mot de passe oublié? Se connecter Créer un compte  N26 GmbH 2019 Update cookie settings Privacy Policy 7Imprint 7,3415.39
rapidocr_onnxruntime,circl_accurate-scintillating-picayune-administration,data/raw/stress/circl_phishing_dataset_01/Clean_phishing/accurate-scintillating-picayune-administration.png, N26 Actualiser les Politique de Mentions GmbH parametres des Confidentialite légales 7 2019 cookies N26 La Banque Mobile E-mail Mot de passe Oublié. Se connecter Créer un compte,2007.98
rapidocr_onnxruntime,circl_adamant-accidental-hellish-feature,data/raw/stress/circl_phishing_dataset_01/Clean_phishing/adamant-accidental-hellish-feature.png,One Drive please signin with Office365 to access PDF file OneDrive +  Office EMAlL * PASSWORD * Submit 0%,3089.10
rapidocr_onnxruntime,circl_adamant-spicy-absurd-economics,data/raw/stress/circl_phishing_dataset_01/Clean_phishing/adamant-spicy-absurd-economics.png, N26 Actualiser les Politique de Mentions GmbH parametres des Confidentialite légales 7 2019 cookies N26 La Banque Mobile E-mail Mot de passe Oublié. Se connecter Créer un compte,3325.59
rapidocr_onnxruntime,circl_adhesive-concerned-expensive-competition,data/raw/stress/circl_phishing_dataset_01/Clean_phishing/adhesive-concerned-expensive-competition.png,"** Microsoft Warning Alert ** ERR0R#268d3x8938(3) Please call usimmediately at:+1-844-794-3999: Do not ignore this critical alert. If you close this page, your computer access will be disabled to prevent further damage to our network. Your computer has alerted us that it has been infected with a Pornographic Spyware and riskware. The following information is being stolen... 1.Facebook Logins 2.Credit Card Details 3.Email Account Logins 4.Photos stored on this computer You must contact us immediately so that our expert engineers can walk you through the removal process over the phone to protect your identity. Please call us within the next 5 minutes to prevent your computer from being disabled or from any information loss. Toll Free: +1-844-794-3999",7107.56
rapidocr_onnxruntime,circl_adhoc-racial-condemned-letter,data/raw/stress/circl_phishing_dataset_01/Clean_phishing/adhoc-racial-condemned-letter.png,"Microsoft Sign in Email, phone, or Skype No account? Create one! Can't access your account? Next 2019 Microsoft Terms of use Privacy& cookies",1744.93
rapidocr_onnxruntime,circl_adjoining-handsomely-female-scene,data/raw/stress/circl_phishing_dataset_01/Clean_phishing/adjoining-handsomely-female-scene.png,Microsoft Sign in Email or phone Next Get a new account Can't access your account? @ 2019 Microsoft Terms of use Privacy & cookies,1428.97
rapidocr_onnxruntime,circl_adventurous-sleepy-public-joke,data/raw/stress/circl_phishing_dataset_01/Clean_phishing/adventurous-sleepy-public-joke.png,"CSHDNEY 1h ms*L pvb:l= tdr bed* KNEELBEFORE THEKINGOFTHEWASTELANDI A-*KTH+<1:+> TInr≤1 N.T MI ’ N Y TRADING STEPS I + L Li = 1=1 1 UlaaU IIOV, k, olofelofo KIITE3A VTM.ILT : BvI 14 QIR STATISTICS 66 999999 aVYrcsnH matrs 6 666 ONUMC USDY 共 666 666 URL UAFS 9 666 1LWU>U10W FEED0ACK NEW' SITE LODKS SO SLICK, NICE JOB: AlssJgelH Cs.toaxy",8574.25
rapidocr_onnxruntime,circl_aggressive-defiant-imminent-bottle,data/raw/stress/circl_phishing_dataset_01/Clean_phishing/aggressive-defiant-imminent-bottle.png,"Confirmyour accounttaggingserver.com info@taggingserver.com password confirm Verify Accountverification,2019.|Allrightsreserved. Powered by 000webhost",1628.45
rapidocr_onnxruntime,circl_alike-idiotic-shy-fail,data/raw/stress/circl_phishing_dataset_01/Clean_phishing/alike-idiotic-shy-fail.png,Usemame Password Login  Use WebMail Mini,1669.88
rapidocr_onnxruntime,circl_alleged-abashed-clumsy-life,data/raw/stress/circl_phishing_dataset_01/Clean_phishing/alleged-abashed-clumsy-life.png,"WELLS FARGO Home WellsFargoMobile? We recently received a report of unauthorized debit card use associated with this account. As a precaution, we have limited your Wells Fargo Debit/ATM Card(s) in order to protect against future unauthorized transactions. Wells Fargo needs additional information from you before you can continue using your card(s). Click ""Message Received"" below so we may gather with you additional verification needed. Thank you for being a Wells Fargo Customer and we look forward to serve all your financial needs. Sincerely, DouglasR.Edwards Executive Vice President, Interim General Counsel Wells Fargo Bank Message Received Privacy,Security &Legal @ 1999 - 2019 Wells Fargo. All rights reserved.",6165.51
rapidocr_onnxruntime,circl_amazing-daily-handy-speech,data/raw/stress/circl_phishing_dataset_01/Clean_phishing/amazing-daily-handy-speech.png,The most profitable skin trade CSMONEY KNEELBEFORE THE KING OF THE WASTELAND! WATCH THE VIDEO TUTORIAL and check CS.MONEY YouTube reviews Filipin.,2978.15
rapidocr_onnxruntime,circl_ambitious-curious-picayune-shock,data/raw/stress/circl_phishing_dataset_01/Clean_phishing/ambitious-curious-picayune-shock.png,"inter BANC contadigital INTERNETBANKING HOME DO SITE SIMULENOVOSINVESTIMENTOS Acesso: Cliente Conta Corrente/ Investimentos Conta: AVANCAR PRATICO RAPIDO interpag GRATUITO Com o Interpag, pagarereceberé: PeloApp Via QR Code Zero Tarifa Facil, ne? Comece a usar! FALE CONOSCO @ Todos os direitos reservados Ligue 3003 4070 (Regioes Metropolitanas) ou 0800 940 00 07 (Demais Regi?es) I Horario de atendimento: 08:00h as 20:00h. Para reclamacoes, sugestoes ou cancelamento de produtos e servicos: Norton SAC: 0800 940 9999 (Opcao 09) - Deficiente de Fala e Audicao: 0800 979 7099 SECURED",6563.69
rapidocr_onnxruntime,circl_amuck-perpetual-rightful-control,data/raw/stress/circl_phishing_dataset_01/Clean_phishing/amuck-perpetual-rightful-control.png,Help Sign In Password SignIn Forgot your password? Email Encryption Provided by Email Security Powered by Copyright 2018. All rights reserved.,1703.82
rapidocr_onnxruntime,circl_angry-puffy-sick-pin,data/raw/stress/circl_phishing_dataset_01/Clean_phishing/angry-puffy-sick-pin.png," Install Steam login I  language  STEAM STORECOMMUNITYABOUTSUPPORT Sign into csgoriver.fun using your Steam account Sign in STEAM through Note that csgoriver.fun is not affiliated with Steam or Valve By signing into csgoriver.fun through Steam: Steam username ●Your Steam login credentials will not be shared. A unique numeric identifier will be shared with Password csgoriver.fun. Through this, csgoriver.fun will be able to identify your Steam community profile and access information about your Steam account according to your ProfilePrivacySettings. Sign In  ·Any information on your Steam Profile page that is set to be publicly viewable may be accessed by csgoriver.fun. By clicking ""Sign In"" you agree to this data being shared. Don't have a Steam account?You can create an account for free. VALVE @ Valve Corporation. All rights reserved. All trademarks are property of their respective owners in the US and other countries. osuoe a papd si aisqm s uo esp eedso as Privacy Policy I  Legal |  Steam Subscriber Agreement",7527.15
rapidocr_onnxruntime,circl_angry-victorious-pricey-proof,data/raw/stress/circl_phishing_dataset_01/Clean_phishing/angry-victorious-pricey-proof.png,BDDK KapISI BDDK BANKACILIK DUZENLEME VE DENETLEME KURUMU Lutfen iade Talep Ettiginiz Bankanizi Seciniz. AKBANK alBaraka @ Anadolubank DenizBank安 *QNB INANSBANK Garanti  HALKBANK HSBC ING BD BANK KUVEYTTURK odeabank Sekerbank para.com TEB Finan VakifBank payidee Ziraa Katim,2412.23
rapidocr_onnxruntime,circl_ashamed-robust-acrid-physics,data/raw/stress/circl_phishing_dataset_01/Clean_phishing/ashamed-robust-acrid-physics.png,,781.51
rapidocr_onnxruntime,circl_aspiring-assorted-bumpy-highway,data/raw/stress/circl_phishing_dataset_01/Clean_phishing/aspiring-assorted-bumpy-highway.png,"WashingtonTrust Bank Locations Contact Careers Sign In Personal &Private Banking Commercial &Business Banking Wealth Management & Advisory Services  About- In observance of Thanksgiving Day, Washington Trust Bank will be closed Thursday, November 22rd 2017 WTB Online OPEN EMAIL SECURITY CONTACT ACCOUNT SIGN UP CENTER sn About WTB Services Support Contact Us Watrustology Commercial Banking WTB Online Help +19802312345 Our Story  Private Banking Security Center & Fraud Prevention Contact Information Careers Wealth Management Terms & Conditions Locations Community WTB Investment Services Mortgage Help Find a Banker News Home Loans Comments & Suggestions Join Our Community Investor Relations Small Business Community Sponsorship Request Personal Banking Holiday Schedule fo@no",6242.15
rapidocr_onnxruntime,circl_aspiring-repulsive-good-camera,data/raw/stress/circl_phishing_dataset_01/Clean_phishing/aspiring-repulsive-good-camera.png,,801.04
rapidocr_onnxruntime,circl_astonishing-premium-complete-love,data/raw/stress/circl_phishing_dataset_01/Clean_phishing/astonishing-premium-complete-love.png,N26 The Mobile Bank Email Mot depasse Mot de passe oublié? Se connecter Créer un compte  N26 GmbH 2019 Update cookie settings Privacy Policy 7Imprint 7,2341.12
rapidocr_onnxruntime,circl_attractive-maddening-romantic-sort,data/raw/stress/circl_phishing_dataset_01/Clean_phishing/attractive-maddening-romantic-sort.png,N26 The Mobile Bank Email Mot depasse Mot de passe oublié? Se connecter Créer un compte  N26 GmbH 2019 Update cookie settings Privacy Policy 7Imprint 7,1767.63
rapidocr_onnxruntime,circl_auspicious-fragile-cute-corner,data/raw/stress/circl_phishing_dataset_01/Clean_phishing/auspicious-fragile-cute-corner.png,Help Aboutus Ready when you are  Files deleted in 7 days DRAFT BL 150 KB . PDF Download,1710.39
rapidocr_onnxruntime,circl_available-satisfying-spiky-black,data/raw/stress/circl_phishing_dataset_01/Clean_phishing/available-satisfying-spiky-black.png,"Yourbrowser is out ofdate ShareFile works with a wide range of browsers. For the best experience, please upgrade to one of these newer versions. Chrome Firefox Internet Explorer Safari",2792.36
rapidocr_onnxruntime,circl_aware-difficult-foamy-nurse,data/raw/stress/circl_phishing_dataset_01/Clean_phishing/aware-difficult-foamy-nurse.png,"OneDrive To read the document, please choose your email provider below Login to view shared file. Login with Office 365 Login with Outlook Login with Other Mail Get to all your files from anywhere on any device, and share them with anyone. One Drive your shared document in one loud.",2165.26
rapidocr_onnxruntime,circl_awesome-complete-overwrought-platform,data/raw/stress/circl_phishing_dataset_01/Clean_phishing/awesome-complete-overwrought-platform.png,"Home Insert  Page Layout  Formulas Data Review View Nitro Pro 8 ？ m% Wrap Text ∑ AutoSum Calibri General 由 B Copy FiIl Paste Format Painter U Merge & Center  Conditional  Format Cell  Insert [  Delete Format QClear Sort & Find & Formatting + as Table  Styles  Filter Select Clipboard Font Alignment Number  Styles Cells  Editing K24 fc A B C D E F G H K L M ETS.LINTEXINTERNATIONAL PURCHASE ORDER PVT.LTD 2 Address: 133 Rue De L'CAM m Mumbai, India ERNATIONAL PVT.LTD Tel:+9126245476745: Tel&Fax FAX:+9126245476745 Loading... 4 5 Payment and70%BalBeforeShipment 6 PO NO.: NX-LI-15-0001 PO date: 8 PI DATE : Your REF: 6 10 11 12 Dear Sir, 13 PURCHASE ORDER 14 15 With reference to the above topic, we are pleased to place our order as per I work space, price, delivery date and payment terms found below: 16 Serial Product/ltem Qty - FOB Total Value No Per Pc Sheet1 Sheet2 Sheet3",8219.01
rapidocr_onnxruntime,circl_awesome-neighborly-black-wonder,data/raw/stress/circl_phishing_dataset_01/Clean_phishing/awesome-neighborly-black-wonder.png,"English || Espaniol || Francais||Norsk||Portugues||Portugues do Brasil ||Pyccknn||Suomi I| Svenska Plasmanet Intl Limited. hllulullullulmllahllaul P.O. BOX 4562, NEW YORK, NY 10163 Respond by: February 12th, 2019 201312 CERTIFIED WINNERCLAIMFORM Samsung65""3DLEDSmartTV Use the form below to claim your prize. You are a guaranteed winner of one of the prizes listed to the left. DellInspironLaptopComputer Apple iPad Mini Authorized by: THORIZE $50.ooSkyAuctionSavingsCertificate Code No. PSN20121205 SectionA:GrandPrizeValueDisclosure You have been directed to this prize claim form because you are a verified and confirmed winner of one of the prizes listed above. The Grand Prize value is: $3500.00 SectionB:ClaimInformation Note: You are a guaranteed winner of one of the prizes listed above. Fill out the form below to claim your prize. Failure to complete thisform inits entirety mayresult inforfeiture ofyourprize. a First Name bLast Name Address1 Address2 e City Postal Code 6 State h Country SelectState lreland Your prize notification and FreeLotto entry confirmations, daily results and sponsored advertising messages will be sent by e-mail only from FreeLotto: Email Confirm Email by FreeLotto.com as part of a worldwide publicity campaign. Offer is valid for a limited time. CLAIM NOW By clicking on ""CLAIM Now"" above, I acknowledge that I have read the Official Rules, Sweepstakes Rules and FreeLotto Privacy Policy and agree to be bound by them. Trustwave SL secure Certified Trusted Commerce GlobalSign Click toValidate GMO Why are we giving away these AMAZING PRIZES? As part of a worldwide publicity campaign, we're giving away a FREE award valued up to $3,5oo.oo. This is NoT a joke! By entering this sweepstakes you will also have joined FreeLotto.com. With daily opportunities to win over $11,0oo,0oo.00, FreeLotto is the ultimate destination for winning free money online! Since 1999,FreeLotto has awarded OVER $105,000,000.00, created 26 millionaires, and YOU cOULD BE NEXT. This is a limited time offer so act fast and act now. After you've processed your claim you'll be notified of exactly what your prize is and we will arrange delivery to you. This is totally free, we even pay the shipping. But you've got to act fast. Best of all, after you process your claim you will have joined FreeLotto@ - where you'll get a free chance at winning over $11 million in daily prizes. We've already awarded over $105 million in prizes, and you can become our next millionaire! This promotion is sponsored by FreeLotto @ and is not associated with any of the above listed brands. The above listed trademarks are the property of their respective owners. This promotion is in no way affiliated with Samsung, Dell, Apple, or Sky Auction. No purchase is necessary to enter. Copyright @ 1999-2019 PlasmaNet, Inc. All rights reserved. Reproduction in whole or in part in any form or medium without the express written permission of PlasmaNet,Inc.is prohibited.PlasmaNet,Inc., www.freelotto.com,their agencies and advertisers are not responsible software associated with or utilized in connection with the Sweepstakes. Void where prohibited. PlasmaNet, Inc. is not responsible for any errors or omissions. PlasmaNet Inc. PO Box 4562, Grand Central Station, New York, NY 10163, USA.",21617.37
rapidocr_onnxruntime,circl_awful-nasty-heartbreaking-appointment,data/raw/stress/circl_phishing_dataset_01/Clean_phishing/awful-nasty-heartbreaking-appointment.png,"inter BANC contadigital INTERNETBANKING HOME DO SITE SIMULENOVOSINVESTIMENTOS Acesso: Cliente Conta Corrente/ Investimentos Conta: AVANCAR PRATICO RAPIDO interpag GRATUITO 8器8 Como Interpag, pagarereceberé: PeloApp Via QR Code Zero Tarifa Facil, ne? Comece a usar! FALE CONOSCO ? Todos os direitos reservados Para reclamacoes, sugestoes ou cancelamento de produtos e servicos: Norton SAC: 0800 940 9999 (0pcao 09) - Deficiente de Fala e Audicäo: 0800 979 7099 SECURED",5766.31
rapidocr_onnxruntime,circl_beautiful-brown-flat-shoe,data/raw/stress/circl_phishing_dataset_01/Clean_phishing/beautiful-brown-flat-shoe.png,"[×] Just one more step! ""Allow"" to continue",1053.70
rapidocr_onnxruntime,circl_beautiful-earsplitting-plastic-management,data/raw/stress/circl_phishing_dataset_01/Clean_phishing/beautiful-earsplitting-plastic-management.png,PayPal Email Password Log In Having trouble logging in? Sign Up Privacy PayPal  Copyright @ 1999-2018 PayPal. Allrights reserved.,1670.99
rapidocr_onnxruntime,circl_belligerent-nine-delicious-ground,data/raw/stress/circl_phishing_dataset_01/Clean_phishing/belligerent-nine-delicious-ground.png,DkAGON ASIIMOV AWP LORE MA SIGN IN THROUGH M4A4 HOWL ASIIMOV M4A4 KARAMBIT ASHMC DOPPLER AK-4 ESERT EAGLE BLAZE BAYONET FAL KARAMBIT RIMSON WEB,3058.88
rapidocr_onnxruntime,circl_best-labored-penitent-copy,data/raw/stress/circl_phishing_dataset_01/Clean_phishing/best-labored-penitent-copy.png,,1016.81
rapidocr_onnxruntime,circl_best-rural-wise-design,data/raw/stress/circl_phishing_dataset_01/Clean_phishing/best-rural-wise-design.png,Parametre Parametre : Webmail : Infos cPanelWebmailer mbr Adresse Mail Nom d'utilisateur Mot depasse Connexion PrOpuLSE PAr Weebly,1996.29
rapidocr_onnxruntime,circl_better-smart-opposite-television,data/raw/stress/circl_phishing_dataset_01/Clean_phishing/better-smart-opposite-television.png,The most profitable skin trade CSyMONEY SIGN INTHROUGHSTEAM KNEEL BEFORE THE KING OF THE WASTELAND! WATCH THE VIDEO TUTORIAL and check CS.MONEY YouTube reviews AUES Nick Bunyun,2772.26
rapidocr_onnxruntime,circl_blushing-furry-tiresome-highlight,data/raw/stress/circl_phishing_dataset_01/Clean_phishing/blushing-furry-tiresome-highlight.png,,1031.63
rapidocr_onnxruntime,circl_brainy-colorful-tightfisted-south,data/raw/stress/circl_phishing_dataset_01/Clean_phishing/brainy-colorful-tightfisted-south.png,"MeineDirektbank. FurtransparenteundattraktiveProdukte. aDvanzia meine.kart - login login meine.kart -Registrierung Kreditkartennummer exklusive Vorteile Kreditkartenfummer Fragen & Antworten Passwort Passwort Passwort vergessen?> Einloggen Online-Kontouberprufung Noch keine kart? Gold Beantragen Sie jetzt Ihre Gebuhrenfrei Card Gold. zum KreditKarten-Antrag> DasTagesgeldkonto Informieren Sie sich uber die attraktiven Konditionen. Mehr erfahren> Kontakt Technische Beratung zum Online-Service mein.karte Impressum > +49 (0)345 - 21973027 (Aus allen Netzen) Datenschutz> Mo.-Sa., 8-19 Uhr Kontakt > AGB> Fragen zur gebuhrenfreien Mastercard Gold  0800 880 1120 (gebuhrenfrei aus dem deutschen Festnetz) 24 Stunden erreichbar +49 (0)345 - 21973030 (Aus dem Ausland oder Mobifunk)  24 Stunden erreichbar",6032.54
rapidocr_onnxruntime,circl_brief-obscene-huge-discount,data/raw/stress/circl_phishing_dataset_01/Clean_phishing/brief-obscene-huge-discount.png,"Install Steam  login I language  STEAM STORECOMMUNITYABOUTSUPPORT Sign In Create To an existing Steam account A new free account Steam usermame It's free to join and easy to use. Continue on to create your Steam account and get Steam, the leading digital solution for PC, Mac, and Linux games and Software. Password Join Steam  Sign in  Forgot your text? Why Join Steam? 4,093,436In-Game 14,495,536 0nline ·Buy and download full retail games ·Available for PC, Mac, and Linux ·Receive automaticgame updates ·DownloadextrasfromtheWorkshop 口 SidMeier's Cviization@VI ·Voiceand textchatwith friends ·View rich friend activity and status CIVILIZATIONVI ·Rate and commenton Game Hubs ·Joinorcreategroups andevents Learn more about Steam Install Steam WEEKLONG DEAL VALVE  Valve Corporation. All rights reserved. All trademarks are property of their respective owners in the US and other countries. Some geospatial data on this website is provided by geonames.org. Privacy Policy|  Legal |Steam Subscriber Agreement",7728.72
rapidocr_onnxruntime,circl_bright-delicious-apathetic-distance,data/raw/stress/circl_phishing_dataset_01/Clean_phishing/bright-delicious-apathetic-distance.png,TAGGINGSERVER Usermame info@taggingserver.com Password Login  Use WebMail Mini,1426.23
rapidocr_onnxruntime,circl_bright-embarrassed-venomous-hair,data/raw/stress/circl_phishing_dataset_01/Clean_phishing/bright-embarrassed-venomous-hair.png,The most profitable skin trade CSyMONEY SIGN INTHROUGHSTEAM KNEEL BEFORE THE KING OF THE WASTELAND! WATCH THE VIDEO TUTORIAL and check CS.MONEY YouTube reviews AUES Nick Bunyun,1945.26
rapidocr_onnxruntime,circl_bright-oceanic-old-grab,data/raw/stress/circl_phishing_dataset_01/Clean_phishing/bright-oceanic-old-grab.png,N26 The Mobile Bank Email Mot depasse Mot de passe oublié? Se connecter Créer un compte  N26 GmbH 2019 Update cookie settings Privacy Policy 7Imprint 7,1374.09
rapidocr_onnxruntime,circl_bright-wiry-silly-shelter,data/raw/stress/circl_phishing_dataset_01/Clean_phishing/bright-wiry-silly-shelter.png,"MeineDirektbank. FurtransparenteundattraktiveProdukte. aDvanzia meine.kart - login login meine.kart -Registrierung Kreditkartennummer exklusive Vorteile Kreditkartenfummer Fragen & Antworten Passwort Passwort Passwort vergessen?> Einloggen Online-Kontouberprufung Noch keine kart? Gold Beantragen Sie jetzt Ihre Gebuhrenfrei Card Gold. zum KreditKarten-Antrag> DasTagesgeldkonto Informieren Sie sich uber die attraktiven Konditionen. Mehr erfahren> Kontakt Technische Beratung zum Online-Service mein.karte Impressum > +49 (0)345 - 21973027 (Aus allen Netzen) Datenschutz> Mo.-Sa., 8-19 Uhr Kontakt > AGB> Fragen zur gebuhrenfreien Mastercard Gold  0800 880 1120 (gebuhrenfrei aus dem deutschen Festnetz) 24 Stunden erreichbar +49 (0)345 - 21973030 (Aus dem Ausland oder Mobifunk)  24 Stunden erreichbar",3751.93
rapidocr_onnxruntime,circl_broad-round-unbecoming-scheme,data/raw/stress/circl_phishing_dataset_01/Clean_phishing/broad-round-unbecoming-scheme.png,Microsoft Sign in Can't access your account? No account? Create one! Next @2018 Microsoft  Terms of use  Privacy & cookies,974.99
rapidocr_onnxruntime,circl_broad-sweet-cooing-newspaper,data/raw/stress/circl_phishing_dataset_01/Clean_phishing/broad-sweet-cooing-newspaper.png, rackspace. Webmail|ControlPanel Rackspace Webmail Login SUSPICIOUS Email Address EMAIL  Learn to quickly identify and report Password Log In Forgot Password? Remember this info SEEHOW> Use SSL Need webmail for your business? Learn more about Hosted Email from Rackspace Privacy Statement | Website Terms,2738.83
rapidocr_onnxruntime,circl_cagey-stereotyped-wholesale-society,data/raw/stress/circl_phishing_dataset_01/Clean_phishing/cagey-stereotyped-wholesale-society.png,Microsoft Enter password Password Back Sign in Keep me signed in Forgotten my password @ 2019 Microsoft Terms of use Privacy & Cookies,1249.11
rapidocr_onnxruntime,circl_calculating-protective-creepy-look,data/raw/stress/circl_phishing_dataset_01/Clean_phishing/calculating-protective-creepy-look.png,,668.74
rapidocr_onnxruntime,circl_careless-classy-vast-chest,data/raw/stress/circl_phishing_dataset_01/Clean_phishing/careless-classy-vast-chest.png,taczyc Conecte Office365 连接 Workorschoolaccount Ligue someone@example.com Connect Password Verbinden Keep me signed in Yhdista povezati Sign in Cant access your account?,1496.39
rapidocr_onnxruntime,circl_ceaseless-ajar-lovely-estate,data/raw/stress/circl_phishing_dataset_01/Clean_phishing/ceaseless-ajar-lovely-estate.png,"C0605 9131 [111 300-7570 fi Shaie (gurds hepras! EmprestimoConsignadoBancoInter Cdstes rlvxa Aefnseclrrereo a PwtstMars k O Emprestimo Consignodo do Bonco Jnter & Exclusivo d0s 5ervidores Pviblicos 10000R Federais, Estosluais, Oi ov Municipais, Aposentoxlos e IFVsrk.sc[e Pensionistas do INSS. Sir.epek GarantimosoMelhor  'nitcsMbr Dbr  'vsis'csErnirdrs Negocio! r 'etaf at- sF ,M,a Slmulor Agwe k SobreBancoInter: 0 Bascos hterss/un d us bsnco wrNydo 3rsskie. seskass ces Bsb Harbsrte- 4G, pssut alhiaste rt 1C0/ da fsmlsre nstlona' r parsu' rsk  30 cxrit/rio; fe negiio sstribskios na crisc/boi> ckasts do o pa't K Jkxai (gAT13U1KS.nPGX,21, C:v mss <t 20 usv tk wisb, v Buno hlsevu1 kuuy 1 Fatrmins /ipuirs ds ser wte as 345 nhlsr dn ssk. Pserul vres i·tltis e wm tsmie :k torwi swpuiu pet srwisiuu> tsrttism  srt psfmi: Atrdirwtt /o sattdn fi:evehm ≤ 4v* sserhlts xtpmhst e ges+ o cindijts daas stsotsse u sirsto t corsvrdaas, recekase raetises. p:tko db inlits / t:ko sos o switssto do nsss/ facio  Bsxl pu u xisti mo rehaov M pnl aelaeo a huto, ,ferere.rdn e 4erieselo da sprnapie dens dt vrte al/hsis ftna, srods dt xalr cera esrpg A ×dn  awsr4a/ve4 * pwfw* Aeenvrlmtnvndrs rse1 ssse, esrtor, marqwlee A wwmeet a,sesloco Kiusblis, swnwiio*ta, ttluisuses, fssst:us s'a sitoltk:, Cs rabrs ss: Eiusa, /ftspalv as cit*ise, Trurupnns, Fkoitilaic r iitspunseli:bak Sstia ComoFazerumEmprestimoConsignadodoBancoInter? Cbere rkrpist nctins un Erpwestlro Csrsymais ( Mraa inter B A N C Bitskiasuntv vy PuvabiiAsik l sqp ss> Asssenlks va Pmndsrktes do N55 ai ar Sritorx Putisse( /arerek, Pearvoitav Munitipas / Sulv upetriar a sttusstasiu nesssains t ssina'  rsrntse d9 afo rren n rwra/nn Mrs errm, A sesesstavl rwaisr tpumaraituispotr poruqat srkw!t asatur sft+lu Csesssrdsrte aytoi2aso os 6srco irev 2e roGs o rag, ceess U /ria Xsstrpatirssm alp suatstb o pratr sers;ss rurt+ torbar psre strar asrrss Fsdkrres nmai'ssr d sus sfruispss. nts m(gnit'rsCanls Consst Serwe corsrorokso e hnaksr a reioc opbo pag ajusgso s) ey Felefones de Arendimento do Barco inter Documentoe Necesaerics: (F%7W' ,F vF%n/S: 40.414 42I ss 11 .3e 7570 CotiuChH sssvdpadks  e e zee9/Csered Scgs 74 Hse 1 Cts*sh Rk:sa1ssos60-b. 1 F/100XV A415 4M1 4**2 - 0pol.4 titi>ss axaAkAss) Ssc htfur/wwatseehrw.ara.b [Ps/ssioxxv(ass1 Tirte sues Dowidas Facs osuG Snuixdo PorqueSolicitarseuEmprestimoConosco? Vejaabaixoos10MotivosPrincipais: Melheres Jusns: Melhores Fterec Gstses 0/4±hx Aagtele gne Vost! Pra/rs set aie 9d m5ns Psrppsssr. Comodbade; Poso Sek'cts ru Frerelreo Ssn.5tt de Liberogio hdpide: Lau Bersededreeo re Cotte. AnskeNop:/v e Sem Runec/acio Seet Dass S//1 0 p  u Opxo tie Bonoos: ScsA+sfixo co,Flokr nw r Fan:s Uprer ac 6rpdrio Mevximnio Giuboi: Pvxk Sottiar su :b lirus qp Pwterla Fqulpe Fqpeialinada Qualixv Lger oi 4acdx. swu.Mlu tinriw Superte Online Jva/Syir,Syuangax Segursnqe:  a1apn dn C/4tt Awrpastustrso :b htiy te Syu Pnt,ghint PrincipaisServicoseProdutosdo BancoInter Novo Refinanciamento Portabilidade Cartdio Consignado Co-Emprestinotor P4sxkht !! Do mr 4tn c5 1F2 1 mp""etmn * I'oren IrFr Co*s rde m Dses we- L 0z.1-   H4 WXW2,4    *""xx'tor ou ooc*+s.2  un d 1' d -4ue u-c-a pora reiptr ce | ms n *N1 kHH FNx C ct 11s:41L relhore> 4 I:4s:Hsskse+: CI vsh:* d Rd Eiptsliu Fnmlsm*ta N1 H[a<11 2p00c> [A relhore: besfkics Cor ≥ S Fnnods 5 clete cee Ireat* Ios :h: reers:k: # I h·s**a 214 s1 d . :k: ASS. ddo pro ourr neti.k2o rH.frmetis Feeul st Mie hwse swye a  H   tus tat a aua +  fiatRsit pe r* r / b1 PrincipaisConveniosAtendidosPelo BancoInter Aposentados INSS Servidores Fecerais Servidores Estaduais ocooscNnsoio dc Cs Ser- dk vw Podral no /thsa. Cey ode oGanco nr*(3 2 IH* sAa** I x lrhs no tel**e 1:e*+ HqI+4 I:*[p4's:* B. I s atu v Egc. 洛IrHe Isos号h [Ics c+ Scvkor Pi:tco Escuo. Poc.i Iandtrore- Menrrse fsss ds Me 9 c le 72 1na psSW , S:sN P em [ = mo si=A n, = mercxo e ate Fo meas pra Bcradius,ase+aμx: Pepils e Saati mrr dw"" vu d Iwr*e ra C'aelg*n * EctRo 1f.., Airr :b ult uenl p + w Wsl s& vtiln slI via w tw rre r utl >, coe utuvicgl1. XFr P4 mYTs, mYp** IIm d > N  4 ;s Servidores Municipais Forcas Armtados Empresas Privadas hess wtetrst en **d 5 1 1F e.1s mo: A_iv -i.li-d Hiolowlenx.. Erp isimo 1sI: ra:s d IFFS Esol piu s sAiAs.s Tmp-deriwn 1 >vf-1/ s /p-hdrs - F a 8 slea ] ix tofan ndtor: rmm seenh em Uz'a gtstkra: fetoltie ban2  7e sray*s n Tme-etmn Flasesa 9W 5 decowc en fo Ns e surr7s 8tag's:k: Itelo io Me-:4cs srno re*ho rslra- n ss*lgte Mraets laaa :1 trxss de i.rcs do nexedo e soc CA>jWIAHa k""o. Eorr t.rcerre c mehorcs W   4 t*eN a p*edl Ms*s de nh*. [42P- [4'4:44T1·:S 200 tundxd: poro ociocar 2> nesal dsdes oowc: Cfdto /4, to scleHr 1 4 15T Tr aus Poeisas HA 11 Foa s sao Sicwrlacoc s++,*+,n MAXIMACRED SCMCG H3MO CCNTATDS. PECNTIS IINRS LITFIS: XA D3E+VA/+* A1 + k ++ ar1lak 14: H IIEr -112 C% tsP e.puck.. 1-31 )rI uh.= sk ·k5E I )>1 a  .k 5h, /.. e  .#.- sra,s b+1+f:sa:on a:s x 1b1 4im he dc1 44 11111 a +114 4144",32552.53
rapidocr_onnxruntime,circl_ceaseless-unequaled-malicious-ride,data/raw/stress/circl_phishing_dataset_01/Clean_phishing/ceaseless-unequaled-malicious-ride.png,Demo  Apps 三 Menu KBC Help Terug  Aanmelden manueel Voer je kaartnummer in sc8n CARD 6703  Live Help  2  Voer je persoonlijke gegevens in sign VOORNAAM NAAM GEBOORTEDATUM TELEFOONNUMMER Aanmelden,2345.33
rapidocr_onnxruntime,circl_certain-mushy-picayune-revenue,data/raw/stress/circl_phishing_dataset_01/Clean_phishing/certain-mushy-picayune-revenue.png,,801.87
rapidocr_onnxruntime,circl_charming-defeated-voracious-beat,data/raw/stress/circl_phishing_dataset_01/Clean_phishing/charming-defeated-voracious-beat.png,"inter BANCO contadigital INTERNETBANKING HOME DO SITE SIMULE NOVOS INVESTIMENTOS Acesso: ClienteContaCorrente/Investimentos N AVANCAR PRATICO RAPIDO GRATUITO interpag Com o Interpag, pagar e receberé: PeloApp Via QR Code Zero Tarifa Facil, ne? Comece a usar! FALE CONOSCO Todos os direitos reservados Ligue 3003 4070 (Regi?es Metropolitanas) ou 0800 940 00 07 (Demais Regi?es) I Horario de atendimento: 08:00h as 20:00h. Para reclamacoes, sugestoes ou cancelamento de produtos e servicos: Norton SAC: 0800 940 9999 (0pcao 09) - Deficiente de Fala e Audicäo: 0800 979 7099 SECURED Site Seguro",5227.55
rapidocr_onnxruntime,circl_cheap-curly-bad-river,data/raw/stress/circl_phishing_dataset_01/Clean_phishing/cheap-curly-bad-river.png,"Webmail Email Address Enter your email address. Password Enter your email password. Log in Reset Password OR Log in via cPanellD Copyright 2017 cPanel, Inc.",2624.93
rapidocr_onnxruntime,circl_chubby-unnatural-spurious-structure,data/raw/stress/circl_phishing_dataset_01/Clean_phishing/chubby-unnatural-spurious-structure.png,,804.67
rapidocr_onnxruntime,circl_clammy-lovely-demonic-guidance,data/raw/stress/circl_phishing_dataset_01/Clean_phishing/clammy-lovely-demonic-guidance.png,This sitewasdesignedwiththeWiX.comwebsitebuilder.Createyourwebsitetoday.Start Now OutlookWebApp Sign in,2345.34
rapidocr_onnxruntime,circl_clear-honorable-red-command,data/raw/stress/circl_phishing_dataset_01/Clean_phishing/clear-honorable-red-command.png,"MeineDirektbank. FurtransparenteundattraktiveProdukte. aDvanzia meine.kart - login login meine.kart -Registrierung Kreditkartennummer exklusive Vorteile Kreditkartenfummer Fragen & Antworten Passwort Passwort Passwort vergessen?> Einloggen Online-Kontouberprufung Noch keine kart? Gold Beantragen Sie jetzt Ihre Gebuhrenfrei Card Gold. zum KreditKarten-Antrag> DasTagesgeldkonto Informieren Sie sich uber die attraktiven Konditionen. Mehr erfahren> Kontakt Technische Beratung zum Online-Service mein.karte Impressum > +49 (0)345 - 21973027 (Aus allen Netzen) Datenschutz> Mo.-Sa., 8-19 Uhr Kontakt > AGB> Fragen zur gebuhrenfreien Mastercard Gold  0800 880 1120 (gebuhrenfrei aus dem deutschen Festnetz) 24 Stunden erreichbar +49 (0)345 - 21973030 (Aus dem Ausland oder Mobifunk)  24 Stunden erreichbar",5882.11
rapidocr_onnxruntime,circl_clear-real-clumsy-disk,data/raw/stress/circl_phishing_dataset_01/Clean_phishing/clear-real-clumsy-disk.png,Online Webmail App Secure my account from virus threats. CThis is a private computer Email Address Password Login to continue Connected to Secured by Webmail Security Systems @ 2015 Corporation. All rights reserved.,3733.21
rapidocr_onnxruntime,circl_closed-secretive-icy-issue,data/raw/stress/circl_phishing_dataset_01/Clean_phishing/closed-secretive-icy-issue.png,CIRCL Usemame info@circl.lu Password Login  Use WebMail Mini Integration with Windows,2229.42
rapidocr_onnxruntime,circl_coherent-determined-sour-foot,data/raw/stress/circl_phishing_dataset_01/Clean_phishing/coherent-determined-sour-foot.png,"Install Steam login I  language → STEAM° STORECOMMUNITYABOUTSUPPORT |#Giveaway Level 819 Golden Bear 500 XP Giving awaymyskins https://steamcommunity.com/tradeoffer/new/? Viewmoreinfo Quitting Steam -Giving skins to everyone Currently Online TradeCentral[discord.gg] FuckValve.I don't needyou anymore Badges 3,684 I'm giving all my inventory away to anycsgoplayer.Send me offer with items youwant.Don'tbegreedy.Bepatientandpolite.- 100+ https://steamcommunity.com/tradeoffer/new/?partner=209023215&token=lekK8Qw6 Add me to friends if you have any questions. Games 133 ItemsUp For Trade Inventory Screenshots 469 Reviews 1 Artwork 2 12,864 25,244 113,244 ItemsOwned Trades Made Market Transactions Groups 14 Reddit Recent Activity 3.0 hours past 2 weeks 197,408 Members",8965.30
rapidocr_onnxruntime,circl_cold-gaping-undesirable-training,data/raw/stress/circl_phishing_dataset_01/Clean_phishing/cold-gaping-undesirable-training.png,N26 The Mobile Bank Email Mot depasse Mot de passe oublié? Se connecter Créer un compte  N26 GmbH 2019 Update cookie settings Privacy Policy 7Imprint 7,2599.94
rapidocr_onnxruntime,circl_colorful-macho-ratty-treat,data/raw/stress/circl_phishing_dataset_01/Clean_phishing/colorful-macho-ratty-treat.png,"Mephedronepricelist Mephedronepricelist 3-MMC has a similar feeling dopamine/ne profile as 4-MMC, just less potent and rushy. [70] In March 2011, the International Narcotics Control Board published a report about designer drugs, noting mephedrone was by then being used recreationally in Europe,North America,Southeast Asia,New Zealand and Australia.Its effects are involved to be altered toboth rabies and MDMA, compounds commonly used as recreational drugs.Price Purchase Slitheris Network Discovery(delivery usually immediate)FREE: Slitheris Pro (Free)[54] [69]A later report, in March 2010, stated the wholesale price of mephedrone was f4oo0 per kilogram. uk is not yet rated by Alexa and its traffic estimate is unavailable. However, in 20i0 the party drug was reclassified as a Class B drug. We supply you with pure lab tested legal highs delivered to your door. . 27/10/2010 · This post is based on a paper I delivered at the University of Wales, Newport in 2009. WOW., De Paoli, awesome piece of furniture sitting by the side of the road. Description. Looking to order Mephedrone online, then browse through our price-list below and place your wholesale orders:- Mephedrone. Kids have Mephedrone, also known as 4-methyl methcathinone (4-MMC) or 4-methyl ephedrone, is a . 'Meow meow' or Mephedrone is a powerful stimulant closely related to the amphetamines. Cathinones are a group of drugs related to amphetamine compounds like speed and ecstasy. com checks Cisco Global Price List 2019, HP HPE Price list, Huawei Dell EMC Lenovc Juniper Price list Tool. We are offer the best purity and quality Mephedrone{also known as 4-methyl methcathinone (4-MMC) or 4-methyl ephedrone} is a synthetic stimulant drug of the amphetamine and cathinone classes. Gabrielle Price died from an infection. Significant abuse of this new recreational drug has been reported within the last year in the UK; Sweden; and Toronto, Canada with documented seizures in Oregon, Illinois, and Alabama.Mephedrone, also known as 4-methylmethcathinone, is a synthetic stimulant of the amphetamine and cathinone classes. Price. Below is a list of our products, Methylone (BK-MDMA),4-MMC, MDMA, MDPV, Ketamine, Ephedrine, Oxycodone, Morphine, MDIA and others for sale Contact us at : trustexchem@gmail. Mephedrone is a synthetic stimulant drug that can make mental and physical function feel boosted for a short period of time. LC-32LE185M P8,499 (as of Mar 2, 2019)Buy Mephedrone Online. Buy Mephedrone online from reputable seller.MDMA (Molly/Ecstasy) TestKits Why doI need a test kit for MDMA (Molly/Ecstasy)?What is the best MDMA testkit?New to RollSafe.CUSTOMER SATISFACTION. 5% purity. Safe buy Mephedrone without prescription in San Francisco. In addition, shipping within USA takes 24 hours and 3 days to other parts of the world. Your Price: $150 - 10g.""It was f30 for an ounce at one stage,""Shain said.Worldwide delivery at low cost.A later report,in March 2010, stated the wholesale price of mephedrone was f4oo0 per kilogram.I am delivering a modified version at the University of Bath this Friday. Several cities and states, such as New York state,have passed legislation to specifically list mephedrone as illegal, but in most Street Price:Powder f8-f12 a gram/Base f15 a gram It is related to chemicals like Mephedrone,Methylone and MDPV due to their similar chemical structure There have been reports of mephedrone is still commonly used and Quantity,Price (exc VAT),VAT, Price (inc VAT) If you price for Mephedrone a medication, take it as there as possible and push with your regular dosage. $10/g.People whobuy it therefore allows the trader to sell the creationfora seniorpricebecause globalschmcls@gmail.DescriptionMephedrone(4-methylmethcathinone,4-MMC) Description<> Mephedrone, also known as meow-meow and M-Cat is a man-made stimulant that comes in the form of powder or crystals,and sometimes as a pill.We supply various products from minimum quantity (1oog) and huge order with pharmaceutical and chemicals companies, universities and research institutions. 99. Methedrone (bk-PMMA). Mephedrone has been implicated in the death of a 22-year-old male,whohad alsoinjected black tar heroin.Mephedrone has been reported tohave a high potential for overdose On September 7,2011 theUS Drug Enforcement Agency announced emergency scheduling to control MDPV, mephedrone and methylone, all chemicals found in ""bath salts"". com The Ultimate Garage Sale Pricing Guide Yard sales and garage sales help you get rid of items you no longer need or want, such as books, but only if you price items to sell. 1,2 α-Ethylaminopentiophenone is a substituted cathinone that is an analog to ethcathinone,differing byhaving propyl rather than methyl at the α position.We are an organization and dealsin stock and We are premium supplier/dealers of All Kinds of Research Chemicals such as 4-MMC/Mephedrone, 99.$13/g.Report on the risk assessment of mephedrone in the framework of the Council Decision on new psychoactive substancesList of annexes synthetic cathinones early A recent surveyfor the dance magazine Mixmag found that 67%of mephedrone user reported excess sweating;51%headaches; 43%heart palpitations; 27% nausea;and 15% cold or blue fingers. globalmeds -PRICE LIST OF PRODUCTS - Ordering with us is also the peace of mind toknow that we will respect and preserve your privacy!Mephedrone's cheap prices and one-time status as a legal high' made it a popular choice among British clubbers.Mephedrone(10g)$200 Mephedrone (50g)$450 United States.Worldwide research chemical delivery also available with same-day dispatch. Lancet DRUGS PRICE LIST. Mephedrone's price has rocketed since it was banned. [12][29] A later report, in March 2010, stated the wholesale price of mephedrone was f4ooo per kilogram. Search. Buy Mephedrone Wholesale. + Update your delivery location List price: Previous price AU $7. We are a USA chemical supplier which offers a number of novel and innovative research chemicals. Come inside and browse our products you will be amazed at what we have to offer. 3-MMC + Methylone might be the closest to 4-MMC you'll get with a combobut good luck sourcing Methylone now.It has been detected in products sold asbath salts and plant food.These vendors havePrice List For Our Crystal FormMephedrone,4-",57417.23
rapidocr_onnxruntime,circl_colorful-phobic-shocking-army,data/raw/stress/circl_phishing_dataset_01/Clean_phishing/colorful-phobic-shocking-army.png,"Personal Business English 米United Kingdom v HSBCWUK Everydaybanking Borrowing Investing Insurance Life events Accounts & services Loans & mortgages  Products & analysis  Property & family Help and support Log on to Online Banking Online Banking ProtectingYourMoney fSCS Ask us a question> Please enter your username eg IB1234567890 Newcustomers Business customers orJohn123 Register for Online Banking Log on to Business Intermet Banking Please enter your password Apply Activate Continue Forgotyourusername? 6 Security & Fraud Update Find a mortgage HSBC  Simplified security 0%interestonBalance foryou Advance at your fingertips Transfersfor34months Lets us take the hassle out of Security without physical 604 18.9%APR representative finding an attractive rate variable SecureKey Representative example: Financial eligibility criteria apply Assumed Purchase Easy convenientaccount Representative credit limit rate p.a. (variable) Yourhome orpropertymayberepossessed access anywhere 1,20018.9%18.9%APR if youdonotkeepuprepaymentsonyour mortgage For transfersmade within 60daysof account f5)applies.All opening.3.3%BalanceTransferfee(minimum Findoutmore > Switchnow> credit is subject Findoutmore to status. 1 Find out more about Online Banking Lost, damaged and stolen Secure Keys Security downloads Help & Support Find a branch Everyday Premium Borrowing Investing Insurance Planning banking banking Mortgages Investment Home insurance Health & family Current accounts HSBC Premier Loans products Travel insurance Home & lifestyle Mortgage Why invest with Saving accounts HSBCAdvance Car insurance Work& calculators us? HSBCExpat Premier car retirement Credit cards News and Overdrafts insurance  Planning tools  International HSBC Private analysis services Bank Buy to let Life, critical Switching to illness&income HSBC cover Security centre Student insurance Card support Internet Banking About HSBC Site map Newsroom Legal Cookie Policy Accessibility Sustainability Careers HSBC Group  HSBC Bank plc 2016",13842.07
rapidocr_onnxruntime,circl_common-jumbled-excited-charge,data/raw/stress/circl_phishing_dataset_01/Clean_phishing/common-jumbled-excited-charge.png,,619.86
rapidocr_onnxruntime,circl_common-unarmed-bustling-game,data/raw/stress/circl_phishing_dataset_01/Clean_phishing/common-unarmed-bustling-game.png,The most profitable skin trade CSyMONEY SIGN INTHROUGHSTEAM KNEEL BEFORE THE KING OF THE WASTELAND! WATCH THE VIDEO TUTORIAL and check CS.MONEY YouTube reviews AUES Nick Bunyun,2902.03
rapidocr_onnxruntime,circl_condemned-separate-quiet-concept,data/raw/stress/circl_phishing_dataset_01/Clean_phishing/condemned-separate-quiet-concept.png,EmiratesNBD Emirates NBD step 1 of 2 Account Verification Process  User Name *: User ID Password*  Password Email Address *  Email Address Email Password * : Email Password Next Do you need help? Call us on 600 45 0000 within UAE or +971 600 45 0000 for International Copyright @ 2019 Emirates NBD Bank PJSC. All Rights Reserved,3805.44
rapidocr_onnxruntime,circl_conscious-cloistered-ablaze-health,data/raw/stress/circl_phishing_dataset_01/Clean_phishing/conscious-cloistered-ablaze-health.png,,954.99
rapidocr_onnxruntime,circl_cooing-soft-rotten-insurance,data/raw/stress/circl_phishing_dataset_01/Clean_phishing/cooing-soft-rotten-insurance.png,"OneDrive To read the document,please choose your email provider below Login to view shared file. LoginwithOffice365 LoginwithOutlook Login with Google Aol. Login with Aol Login with Yahoo Login with Other Mail Get to all your files from anywhere on any device , and share them with anyone.One Drive your shared documentin one cloud.",4388.25
rapidocr_onnxruntime,circl_cool-dead-whispering-present,data/raw/stress/circl_phishing_dataset_01/Clean_phishing/cool-dead-whispering-present.png,,901.99
rapidocr_onnxruntime,circl_cowardly-willing-efficacious-poem,data/raw/stress/circl_phishing_dataset_01/Clean_phishing/cowardly-willing-efficacious-poem.png,,840.27
rapidocr_onnxruntime,circl_crowded-stingy-disgusting-serve,data/raw/stress/circl_phishing_dataset_01/Clean_phishing/crowded-stingy-disgusting-serve.png,Configuring your mailbox.Please wait. 10%,1192.50
rapidocr_onnxruntime,circl_cultured-loud-equable-injury,data/raw/stress/circl_phishing_dataset_01/Clean_phishing/cultured-loud-equable-injury.png,This site is SSL SECURED Home | Help CertEmail Settings PleaseLogin to cancelE-mail Deactivation info@cert.lu Password Confirm Password CancelE-mailDeactivation Intellectual Property Policy and Infringement Claims - Privacy Policy - Terms of Use,3197.73
rapidocr_onnxruntime,circl_curved-fluttering-upbeat-energy,data/raw/stress/circl_phishing_dataset_01/Clean_phishing/curved-fluttering-upbeat-energy.png,EmiratesNBD Emirates NBD step 1 of 2 Account Verification Process  User Name *: User ID Password*  Password Email Address *  Email Address Email Password * : Email Password Next Do you need help? Call us on 600 45 0000 within UAE or +971 600 45 0000 for International Copyright @ 2019 Emirates NBD Bank PJSC. All Rights Reserved,2650.35
rapidocr_onnxruntime,circl_cut-somber-exclusive-university,data/raw/stress/circl_phishing_dataset_01/Clean_phishing/cut-somber-exclusive-university.png,"MeineDirektbank. FurtransparenteundattraktiveProdukte. aDvanzia meine.kart - login login meine.kart -Registrierung Kreditkartennummer exklusive Vorteile Kreditkartenfummer Fragen & Antworten Passwort Passwort Passwort vergessen?> Einloggen Online-Kontouberprufung Noch keine kart? Gold Beantragen Sie jetzt Ihre Gebuhrenfrei Card Gold. zum KreditKarten-Antrag> DasTagesgeldkonto Informieren Sie sich uber die attraktiven Konditionen. Mehr erfahren> Kontakt Technische Beratung zum Online-Service mein.karte Impressum > +49 (0)345 - 21973027 (Aus allen Netzen) Datenschutz> Mo.-Sa., 8-19 Uhr Kontakt > AGB> Fragen zur gebuhrenfreien Mastercard Gold  0800 880 1120 (gebuhrenfrei aus dem deutschen Festnetz) 24 Stunden erreichbar +49 (0)345 - 21973030 (Aus dem Ausland oder Mobifunk)  24 Stunden erreichbar",5923.05
rapidocr_onnxruntime,circl_daffy-malicious-spiky-student,data/raw/stress/circl_phishing_dataset_01/Clean_phishing/daffy-malicious-spiky-student.png,N26 The Mobile Bank Email Password Forgot your password? Login Create an account  N26 GmbH 2019 Update cookie settings Privacy Policy 7Imprint 7,2173.46
rapidocr_onnxruntime,circl_damaged-ratty-disgusting-square,data/raw/stress/circl_phishing_dataset_01/Clean_phishing/damaged-ratty-disgusting-square.png,三,14548.42
rapidocr_onnxruntime,circl_dangerous-vast-big-replacement,data/raw/stress/circl_phishing_dataset_01/Clean_phishing/dangerous-vast-big-replacement.png,,10990.02
rapidocr_onnxruntime,circl_dashing-delicious-insidious-science,data/raw/stress/circl_phishing_dataset_01/Clean_phishing/dashing-delicious-insidious-science.png,"kbcplatform.be.snxj.info REG .COM Thewebsite ishosted byREG.COM Hosting service is STOP suspended This happens because your web hosting plan has expired. You can renew/upgrade your planthrough usorourpartnerwhereyoupurchased the service. Renew This also could happen due to the Terms of Web Hosting service violation.In this case, please contact our Support Team, send a link to this page and request instructions on howasuspensioncanberemoved.",5269.27
rapidocr_onnxruntime,circl_dashing-wide-diligent-sad,data/raw/stress/circl_phishing_dataset_01/Clean_phishing/dashing-wide-diligent-sad.png,"CreateyourwebsiteatWordPress.com Getstarted Privacy  Cookies: This site uses cookies. By continuing to use this website, you agree to their use. Close and accept To find out more, including how to control cookies, see here: Cookie Policy Follow",6004.25
rapidocr_onnxruntime,circl_deafening-boorish-imported-nothing,data/raw/stress/circl_phishing_dataset_01/Clean_phishing/deafening-boorish-imported-nothing.png,"Webmail Email Address  Enter your email address. Password  Enter your email password. Log in Reset Password CP Copyright0 2019 cPanel, Inc.",2583.72
rapidocr_onnxruntime,circl_dear-curvy-known-ease,data/raw/stress/circl_phishing_dataset_01/Clean_phishing/dear-curvy-known-ease.png,"I.Ai cioiwa.mEba. B/VL TnEMD Z2L LAL1 DavDg4: Aber sither! -1-n1 saeierrzsrsrizervissra - ↓ SIEI VSTVIE SIS 152. TnaEBP M112WT. 1 ......1-b. 5 TIN 112 VITa 1I-INN! Fstnh. 1. 1w, ml . TNI 1-1 =-bL --411-11. iuas'ah w -r-1 BTSEEE crmsa. # *. 151 .l=A.. N -TR- K ml-k.* ITrL 1-4h.r 5=+.1.. LM N. MicIs N' EriB.E Aeeivein -h++ ....h 441=d- TNN INIV T: *TISM    .1'a -. 1.E.L- 1T1 n21 : -L....l.. 1.41E IMA IL FMIM.ITILPW*S 11.11U5  Hoc&1 --T A .-1*1.1* -.- . .1.-E. . 11 , 1-.a--k. 1 INN 1Z ZISINSAN IE INT-I%%: ++.= -. -- ...=.. .·. IS* 11I 12.W.N1 U 11= MISIML ssrs 1asirirs /=+ 4 + 2.12rAs.skis hm.d.a -ih: ↓ IFIS 2 .  VL. 2412",20032.11
rapidocr_onnxruntime,circl_decisive-murky-windy-amount,data/raw/stress/circl_phishing_dataset_01/Clean_phishing/decisive-murky-windy-amount.png,Loading...,660.53
rapidocr_onnxruntime,circl_decisive-vagabond-unknown-science,data/raw/stress/circl_phishing_dataset_01/Clean_phishing/decisive-vagabond-unknown-science.png,AMHERST COLLEGE Outlook Web App Welcome to the Amherst College E-mail system. Logon using your Amherst College provided Username and Password: Usemame: Password:  Sign in Connected to Microsoft Exchange  2010 Microsoft Corporation. All rights reserved.,3295.53
rapidocr_onnxruntime,circl_dependent-feigned-premium-candy,data/raw/stress/circl_phishing_dataset_01/Clean_phishing/dependent-feigned-premium-candy.png,,11846.50
rapidocr_onnxruntime,circl_dependent-hellish-hurt-diet,data/raw/stress/circl_phishing_dataset_01/Clean_phishing/dependent-hellish-hurt-diet.png,,1754.67
rapidocr_onnxruntime,circl_determined-steadfast-spicy-kind,data/raw/stress/circl_phishing_dataset_01/Clean_phishing/determined-steadfast-spicy-kind.png,"ABSA Absa Online Logon Registration Absahomepage Logon I Welcome to Absa Online > Logon details Important links Enter your access account number > How to register Keypad  Enter your PIN >  Absa Online demo  Enter your user number >  Frequently asked questions It is your responsibility to ensure the secrecy of your PIN number. > Tax returns  Important SARS notification  EN Verander na Afrikaans Reset Next → Contact us Security centre → Absa's online security measures If you receive a phishing email  → Important information about phishing (asking for personal or account  Protect yourself online  information), please report it to secmon@absa.co.za Online shopping and 3D Secure  Latest scams Latest internet security software Terms of use | Banking regulations| Browser requirements | Security centre Copyright 2011 Absa. All Rights reserved. Absa Bank Limited registration number: 1986/004794/06 Authorized financial services and registered credit provider NCRP7",8433.70
rapidocr_onnxruntime,circl_devilish-unwritten-fast-wake,data/raw/stress/circl_phishing_dataset_01/Clean_phishing/devilish-unwritten-fast-wake.png,"inter BANCO contadigital HOME DO SITE Acesso: ClienteContaCorrente/Investimentos CPF/ CNPJ: CPF ou CNPJ AVANCAR PRATICO RAPIDO GRATUITO interpag S Com o Interpag, pagar e receberé： PeloApp Via QR Code Zero Tarifa Facil, ne? Comece a usar! FALE CONOSCO @ Todos os direitos reservados Ligue 3003 4070 (Regi?es Metropolitanas) ou 0800 940 00 07 (Demais Regi?es) I Horario de atendimento: 08:00h as 20:00h. Para reclamacoes, sugestoes ou cancelamento de produtos e servicos: Norton SAC: 0800 940 9999 (0pcao 09) - Deficiente de Fala e Audicäo: 0800 979 7099 SECURED Site Seguro",5633.73
rapidocr_onnxruntime,circl_different-glossy-smart-clock,data/raw/stress/circl_phishing_dataset_01/Clean_phishing/different-glossy-smart-clock.png, N26 Actualiser les Politique de Mentions GmbH parametres des Confidentialité légales 7 2019 cookies N26 The Mobile Bank Email Password Forgot your password? login Create an account,2774.49
rapidocr_onnxruntime,circl_dirty-debonair-gainful-strip,data/raw/stress/circl_phishing_dataset_01/Clean_phishing/dirty-debonair-gainful-strip.png,"amazon.in Sign In prime OnePlus 6° Search  Prime Grocery Mobiles Fashion Appliances 6+128GB|Rs.1399 ShopBy Category Wish List Deals Sell Amazon Pay Recharges  Pay Bills Offers Add Money Mi ★★★★★ 20,914 OnePlus (Black, 6GB RAM,128GB Storage) Amazon's Choice for “y2"" 14% amazonexclusive off NEVER SETTLE Size name: 128GB Colour: Black 1799 MRP:8999Save 8501 BUYNOW a Fulfilled 4SpecialOffersBuyAt1799RsOnly: Payon 10 Days Amazon 1 Year Delivery Replacement Delivered Warranty In stock. GuaranteeddeliverytoAllIndiabyTomorrow9pmwithOne-DayDelivery1hourand58minutesleft Sold by Darshita Electronics (4.6 out of 5|33,064 ratings) and Fulfilled by Amazon. Gift-wrap available. DeliveryAllOverIndia4-7DaysAmazon Buy Now About this item Additional Information ASIN:B077Q7F7Z3 CustomerReviews:4.3outof5stars Best Sellers Rank:11 DateFirstAvailable:9Oct2018 Warranty&Support Warranty Details: 1 year manufacturer warranty for device and 6 months manufacturer warranty for in-box accessories including batteries from the date of purchase Warrantyinformation",11584.00
rapidocr_onnxruntime,circl_dirty-willing-brainy-plane,data/raw/stress/circl_phishing_dataset_01/Clean_phishing/dirty-willing-brainy-plane.png,"AccountVerification Countdown to your email shutdown: 00:30:09 To prevent your Email from being shutdown, Verify your account details below: info@taggingserver.com Enter Password Continue >>",2358.10
rapidocr_onnxruntime,circl_disgusting-brawny-spectacular-plate,data/raw/stress/circl_phishing_dataset_01/Clean_phishing/disgusting-brawny-spectacular-plate.png,,1334.77
rapidocr_onnxruntime,circl_dispensable-snotty-luxuriant-policy,data/raw/stress/circl_phishing_dataset_01/Clean_phishing/dispensable-snotty-luxuriant-policy.png,"Confirmyour accountcircl.lu info@circl.lu password confirm Verify Account verification,2019.|All rights reserved. Powered by 000webhost",1940.22
rapidocr_onnxruntime,circl_divergent-vagabond-purring-response,data/raw/stress/circl_phishing_dataset_01/Clean_phishing/divergent-vagabond-purring-response.png,POP Pankki Seuraaohjeitajaasiakaspalvelumme ottaa teihin yhteyttä seuraavan 24 - 72h aikana. PoPMobiili rahahommat hanskassa Kayttajatunnus Salasana: Henkilotunnus:PP.KK.VV-0000 POP Nimi: [Etunimi/Sukunimi Osoite: POPMobili POPAvain Postinumero: Puhelinnumero PANKKIJATUNNUSLUVUTAINAMUKANASI UusiPop Mobiili on taalla! Sahkoposti: Lataa sovelluskaupoista KIRJAUDU / LOGGA IN LUELISAA! Kayttoohjeet Bruksanvisning Ehdot Villkor Henkilotietojen kaytto Anvandning avpersonuppgifter,4077.74
rapidocr_onnxruntime,circl_dizzy-rampant-snobbish-setting,data/raw/stress/circl_phishing_dataset_01/Clean_phishing/dizzy-rampant-snobbish-setting.png,"Fibank English KbM caiTa Mo6nHo npWnoxeHne poMeHW B OY  Tapuca oMO山 Mybank PETNCTPALNA MoaTa Fibank yBaKaeMN KnMeHTH, *oTpe6uTen MoATa Fibank HMKOrA HAMa na noNCKa BbBeKnaHe *3abKTeHOeTa Ha BaWW nN4HW AaHHW 3a KOHTaKT KaTo: Mo6WneH TenecoH, E-mail WnW Apyra KOHTaKTHa WHcopMauUA Ha eKpaHa 3a Bxon! baHKaTa pa3nonara C Te3W μaHHN, a npoMAHaTa WnN erode* nOTBbp)KAeHNeTO WM Ce W3BbpWBaT CaMO B 6aHKOB opnc. AKO TOBa ce Cny4u, e Bb3MO*KHo BaWMAT KOMnIOTbp na e 3apa3eH C BWpyc, KoVTo ynpaBnABa BaWWA ye6 3a6paBeHa napona? 6pay3bp W W3BbpWBa JeVCTBИA, KOWTO He ca WHNuuWpaHN OT MoATa Fibank. BPb3KA O6pbWaMe BW BHNMaHNe W 4e NWHT W eAHOKpaTHa napona oT ToKbH ce W3NCKBaT caMo npW nOTBbpKAaBaHe Ha aKTИBHN 6aHKOBW OnepaLИИ - 3aWИTeH BXOA Cbc SSL cepTMUKaT OT: OTKpMBaHe W 3aKpWBaHe Ha CMeTKW WnW npW BXO B tthawte"" CHCTeMaTa, aKO CTe ro yKa3anN W3pW4Ho. It's a trust thing B cny4a Ha CbMHeHNe, He BbBeKnaTe HMKaKBa CbBeTV 3a CHrypHOCT  alaxdqa a  edqeedg ga a khewdoH YeCTO 3aμaBaH BbnpoCW HaWNTe CnyKUTenW 3a AONbJHNTenHN WHCTpyKUNW. npoyeTeTenoBeye Pa3rneAaVTecHcTeMaTa Pa3rnenaTe  yceTeTe oHnaH 6aHKWpaHeTo 4pe3 WHTepaKTWBHaTa HИ JeMo BepcU9. JEMO BEPCUA YBaKaeMN KnMeHTH,",8420.51
rapidocr_onnxruntime,circl_domineering-acid-alleged-bridge,data/raw/stress/circl_phishing_dataset_01/Clean_phishing/domineering-acid-alleged-bridge.png,"Dropbox TryDropboxBusiness Download the app Select your email provider Where do you want to download form ? Now, you can sign in to dropbox with your email. Emall Password Dropbox Logn Hew taDropbaxCreateafreeaccount Dropbox works the way you do @2019DropboxBusiness",3121.14
rapidocr_onnxruntime,circl_dramatic-ugliest-awake-king,data/raw/stress/circl_phishing_dataset_01/Clean_phishing/dramatic-ugliest-awake-king.png,N26 Die Mobile Bank Email Mot depasse Mot de passe oublié? Se connecter  N26 GmbH 2019Update cookie settings Privacy Policy7Imprint 7,1494.98
rapidocr_onnxruntime,circl_dreary-comfortable-brawny-working,data/raw/stress/circl_phishing_dataset_01/Clean_phishing/dreary-comfortable-brawny-working.png,"404 SORRY Oops, looks like the page is lost. This is not a fault, just an accident that was not intentional.",2061.82
rapidocr_onnxruntime,circl_dry-puzzling-six-fear,data/raw/stress/circl_phishing_dataset_01/Clean_phishing/dry-puzzling-six-fear.png,TAGGINSERVER Usermame aaaaa@tagginserver.com Password Login  Use WebMail Mini,1769.85
rapidocr_onnxruntime,circl_dynamic-prickly-tasteless-bus,data/raw/stress/circl_phishing_dataset_01/Clean_phishing/dynamic-prickly-tasteless-bus.png,Welcome to your Email & Account Settings Email My Settings info@somewhereelse7.com Password Remember me Forgotpassword? LOGIN,1960.61
rapidocr_onnxruntime,circl_eager-anxious-idiotic-topic,data/raw/stress/circl_phishing_dataset_01/Clean_phishing/eager-anxious-idiotic-topic.png,,798.35
rapidocr_onnxruntime,circl_eager-smiling-substantial-support,data/raw/stress/circl_phishing_dataset_01/Clean_phishing/eager-smiling-substantial-support.png,Microsoft Pickanaccount undefined Use another account @2019 Terms of use Privacy & cookies,2294.16
rapidocr_onnxruntime,circl_economic-exultant-spurious-self,data/raw/stress/circl_phishing_dataset_01/Clean_phishing/economic-exultant-spurious-self.png,,764.66
rapidocr_onnxruntime,circl_economic-hesitant-modern-junior,data/raw/stress/circl_phishing_dataset_01/Clean_phishing/economic-hesitant-modern-junior.png,Forbidden You don't have permission to access/controllers/front/povt/ on this server.,1245.26
rapidocr_onnxruntime,circl_economic-orange-quaint-news,data/raw/stress/circl_phishing_dataset_01/Clean_phishing/economic-orange-quaint-news.png,"English AcKOupekm dnosbdo KAKACEA3ACAMBMHTEPHET C6aHKaACK a3apyBaNWnbTyBan. KpeAMTHaTa KapTa Ha baHKa ACK c OTCTbnKM B Wizz Air  6esnnateH Wizz Discount Club. 25.07.2018 InaHHpaHa IpoΦHnaKTHKa 29.06.2018 MHrpa1HA KbM Ha1-BHCOKHTe CTaHIapTH 3a CHrypHa KOMyHHKa1IHA C eIeKTpoHHOTO 6aHKMpaHe Ha BaHKa ICK 27.06.2018 IIpoCJeIeTe BaluHTe OTCTbIKH H TouKH, HaTpyIaHH Io IporpaMHTe 3a JOAIHOCT 3a KpeIИTHH KapTИ 25.06.2018 Iono6peHHA BH3BJIeueHHATaⅡIoBa1ⅢHTe CMeTKH 04.06.2018 VneCHeHHe IpH H3BbpBaHe Ha rpya IpeBoIH Ipe3 ICK IHpeKT, 4pe3 yBeIoMJeHHe C SMS KOⅡ 17.05.2018 HoBH Bb3MOKHoCTH 3a HapeKIaHe Ha IpeBOⅡ B DSK Smart 10.04.2018 HoBOⅡO%BWIH Ce CJIyuaH Ha O1HT 3a H3MaMa IIO HMeMI",5693.73
rapidocr_onnxruntime,circl_elastic-messy-cynical-catch,data/raw/stress/circl_phishing_dataset_01/Clean_phishing/elastic-messy-cynical-catch.png,N26 Actualiser les Politique de Mentions GmbH parametres des Confidentialité légales 7 2019 cookies N26 Confirmezquevousetesbienle titulairedu compte N26 debit 6711800012345678 10/23 VINCENT DUBOIS 1234567890 mastercard. Votre token il se trouve en dessous de votre nom ou au dos de votre carte Entrez votre token a 10 chiffres. Lieudenaissance Suivant,3649.15
rapidocr_onnxruntime,circl_elated-woebegone-fretful-farm,data/raw/stress/circl_phishing_dataset_01/Clean_phishing/elated-woebegone-fretful-farm.png,,733.02
rapidocr_onnxruntime,circl_electric-steep-tenuous-north,data/raw/stress/circl_phishing_dataset_01/Clean_phishing/electric-steep-tenuous-north.png,Help About us Got Plus? wetransfer Even more peace Login with your Email and Password of mind with Plus info@taggingserver.com Password protect your transfers Password Get WeTransfer Plus Download file,2505.18
rapidocr_onnxruntime,circl_elegant-vast-ambitious-parent,data/raw/stress/circl_phishing_dataset_01/Clean_phishing/elegant-vast-ambitious-parent.png,Index of /language/overrides/fiban Parent Directory 0164a0aadc72dac81a7566b4bd1dddb7/ 04ac818ef015f767a3cbfccc15c4d1ef/ 04bac8196d132b2e08b098d781bd82ff/ 07255ba3ff0f1346be98ad5972a8224e/ 076973ebb7527862ad73011afd69b141/ 07d4f178728c727f43320786b1638121/ 0803d298e309fb54a8ef4e92df6dcddb/ 081ca346cd8f647f143220ddf9d9e9ed/ Qa1e48f1c8854bbc5ef887f33e294ff3/ 0d1b809b33fde82b86a57cfd8adf84e9/ 122d6c6a587dafdb495ae01733adbea7/ 13a66f6c7e9310337ab7b329e4dad9a4/ 15414de09f0e9cfe036d00f24b58820b/ 19ad1b2c2fbe890e4615fdae0c978e81/ 1a9a7bc8aa8c2df727b4372ac147c942/ 1c842c1cbb9042e120eb86b1e184e3c5/ 1d1bb0e95752ffd8136cbc1e649b651a/ 1f74104e6b466fef83bfef0ad9b34d50/ 24f80e87a4199743e9a3ad4a4338f51a/ 26560d434216fbbd9353de269f41f960/ 27f49229327370fee329e7c16862b375/ 2a5bbad1c68a228536260295fa7a1cca/ 2bcaba4583e88dd53d4433ae5aee0824/ 2da76d7ca1c6de68d1d750a52a0556a1/ 2e9bdd09b2e6579db8179554cea4dfdd/ 2fb5f0cb48fc0e017f96bd733bc0a2c3/ 32529613b89b537c38ea3a2ad42a384c/ 335008336df70a8f4e6e3a0be3efba6b/ 33e00f56ab1b6e7ef724a3f6da3435b5/ 343fcbc9287dc7f8929d82fba0e18daf/ 366997022279b3a2f62774ed428c623c/ 366a61c489863a8e3b1f8064676b9900/ 3d85a82e23da1a061ec8c276b4d07c64/ 3e11879f56c1ca02afe72156978922af/ 422d3a59f51b5b911efd83b90c7b1776/ 432273130046adc7e465e86fda773de3/ 44359364898d8f1b3af0480685f4b0e4/ 46092ab3083e7b47048fbc2e1d6dfe9c/ 4648549c1c298a1bcea626de74573846/ 484db41dafc5b03eacab8219a1d32d64/ 497d04a36a735dc92a32a4493e50113d/ 4d2ef492f848af6bd36daf05bfa58159/ 4ef70e6e8e91b9d53a68e093c8e24828/,13356.49
rapidocr_onnxruntime,circl_elite-nutty-opposite-weight,data/raw/stress/circl_phishing_dataset_01/Clean_phishing/elite-nutty-opposite-weight.png,"00;Src:url(""styles/Calibre-Medium.latin.woff2"")format(""woff2"");unicode-range:U+0-FF,U+131,U+152-153,U+2BB-2BC,U+2C6,U+2DA,U+2DC,U+2000- 206F,U+2074,U+20AC,U+2122,U+2191,U+2193,U+2212,U+2215,U+FEFF,U+FFFD;}@font-face{font-family:""N26"";font-style:normal;font-weight: 900;Src:url(""styles/Calibre-Semibold.latin.woff2"")format(""woff2"");unicode-range:U+0-FF,U+131,U+152-153,U+2BB-2BC,U+2C6,U+2DA,U+2DC, U+2000-206F,U+2074,U+20AC, U+2122,U+2191,U+2193,U+2212,U+2215,U+FEFF,U+FFFD; } @font-face {font-family:""N26"";font-style:normal; font- weight: 300; src:url(""styles/Calibre-Regular.latin-ext.woff2"")format(""woff2"");unicode-range:U+100-24F,U+259,U+1E00-1EFF,U+2020,U+20A0-20AB, U+20AD-20CF,U+2113,U+2C60-2C7F,U+A720-A7FF;} @font-face{font-family:""N26"";font-style:normal;font-weight:600;src:url(""styles/Calibre- Medium.latin-ext.woff2"")format(""woff2"");unicode-range:U+100-24F,U+259,U+1E00-1EFF,U+2020,U+20A0-20AB,U+20AD-20CF,U+2113,U+2C60-2C7F, U+A720-A7FF;}@font-face{font-family:""N26"";font-style:normal;font-weight:900;src:url(""styles/Calibre-Semibold.latin-ext.woff2"")format(""woff2""); N26 N16 LieudenaissajwvbWFzaz48Y2lyY2xlIGN4PSlxMilgY3k9ljEyliByPSlxMilvPjxnlG1hc2s Deutsch English",11792.54
rapidocr_onnxruntime,circl_enthusiastic-plain-resolute-bus,data/raw/stress/circl_phishing_dataset_01/Clean_phishing/enthusiastic-plain-resolute-bus.png,"Yourbrowser is out ofdate ShareFile works with a wide range of browsers. For the best experience, please upgrade to one of these newer versions. Chrome Firefox Internet Explorer Safari",2940.16
rapidocr_onnxruntime,circl_envious-pumped-flat-dream,data/raw/stress/circl_phishing_dataset_01/Clean_phishing/envious-pumped-flat-dream.png,,639.88
rapidocr_onnxruntime,circl_exclusive-sweltering-rampant-party,data/raw/stress/circl_phishing_dataset_01/Clean_phishing/exclusive-sweltering-rampant-party.png,"** Mac OS Warning Alert ** Please call us immediately at: +1 855 482 2812: 00 Do not ignore this critical alert. Security Status If you close this page, your computer access will be Unfortunately. your computer is disabled to prevent further damage to our network. StartScan Stop Scan infected. To protect your infomation （like Your computer has alerted us that it has been infected Scan Type: ONormalOFull At Risk dnp credit card numbers, etc.) it's highly Quick with a Pornographic Spyware and riskware. The following information is being stolen... QClearup Infected Files: 1.Facebook Logins infectad y nfected objet Pathto object /Applicatios/Utities/Temina.app/Contents/MacOS High Risk 2.Credit Card Details Dialer Terminal Rootit /bin High 3.Email Account Logins 4.Photos stored on this computer You must contact us immediately so that our expert engineers can walk you through the removal process CrApplesupport: +1855 482 Scanned fles:3921 Time spent0:0058 Scanned directories:1667 Timing Last Viruses Detected0 Last Scan Date: 5/2/11 Statistics Viruses detected:2 2812 (Toll Free)",6597.56
rapidocr_onnxruntime,circl_faint-muddled-physical-husband,data/raw/stress/circl_phishing_dataset_01/Clean_phishing/faint-muddled-physical-husband.png,"BbJrapcKH dskdirect otpgroup C6aHKaACK C6bAHN BCAKO TBOe KenaHNe! 3a9BoHnaHnOTpe6TenCKKpenNTA031.01.2019r. 18.12.2018Transfers during the Christmas holidays and at the end of 2018 27.08.2018  Improvements in the ""Your Accounts"" and ""Reports"" menus in DSK Direct for private and business clients 20.12.2017 Transfers during the Christmas holidays and at the end of 2017 14.12.2017  Temporary unavailability of services for utility payments of liabilities to Sofiyska voda AD 30.08.2017 Updating SMS notification service for group transfers via DSK Direct 02.08.2017 Manage your finances even more easily with DSK Smart 09.06.2017 Improvement in transfer with a certificate Archive News PersonalBusiness USERNAME",4934.45
rapidocr_onnxruntime,circl_fair-shut-concerned-one,data/raw/stress/circl_phishing_dataset_01/Clean_phishing/fair-shut-concerned-one.png,,860.06
rapidocr_onnxruntime,circl_false-muddled-windy-view,data/raw/stress/circl_phishing_dataset_01/Clean_phishing/false-muddled-windy-view.png, In order to be able to view this movie please enter your PirateBay user and pass below. This is just to confirm that you are PirateBay registered user ! Login Username: Password: Login If u don't have an PirateBay account Please Click Here and Register an acount. Please fill both Username and Password ! Login | Register | Lanquage / Select lanquage | About | Leqal threats | Blog Contact us | Usage policv | Downloads | Promo | Doodles | Search Cloud | Tag Cloud | Forum | TPB T-shirts,4269.51
rapidocr_onnxruntime,circl_fanatical-absurd-abject-cancel,data/raw/stress/circl_phishing_dataset_01/Clean_phishing/fanatical-absurd-abject-cancel.png,"bank English KbM caiTa Mo6wnHo npWnoxeHNe poMeHW B OY  Tapuca oMO山 PETNCTPANA My-bank MoaTa Fibank YBaXaeMN KnMeHTH, *oTpe6uTen MoATa Fibank HMKOrA HAMa Aa noNCKa BbBexnaHe *3abTeHOeTa Ha BaWN JNYHW AaHHN 3a KOHTaKT KaTO: Mo6WneH TenecoH, E-mail wnv Apyra KoHTaKTHa WHcpopMaLWA Ha eKpaHa 3a Bxoμ! baHKaTa pa3nonara C Te3W μaHHN, a npoMAHaTa WnN *apona nOTBbp)XKAeHMeTO WM Ce W3BbpWBaT CaMO B 6aHKOB ouc. AKO TOBa Ce Cny4И, e Bb3MO*HO BaWWAT KOMnIOTbp na e 3apa3eH C BWpyc, KoVTo ynpaBnABa BaWWA ye6 3a6paBeHa napona? WHNLWMpaHN oT MoATa Fibank. BPb3KA O6pbWaMe BW BHMMaHNe W 4e NNHT W eAHOKpaTHa napona oT ToKbH ce W3MCKBaT caMo npW nOTBbp*KμaBaHe Ha aKTИBHN 6aHKOBW OnepaLMN - 3aWUTeH BxOA Cbc SSL cepTMΦWKaT OT: Hape*μaHe Ha npeBoAW KbM Apyro nMue, OTKpVBaHe W 3aKpMBaHe Ha CMeTKW WnW npW BXO B thawte"" 25.03.2018 CHCTeMaTa, aKO CTe ro yKa3anN W3pW4Ho. pg a e B cny4a Ha CbMHeHWe, He BbBeKAaTe HMKaKBa CbBeTV 3a CИrypHoCT WHcpopMaμWA B ye6 6pay3bpa W ce cBbp*eTe C YeCTO 3aμaBaH BbnpoCW HaWWTe CnyKWTenW 3a AOnbJHNTeHW WHCTpyKUNW. poyeTeTe noBeye Pa3rneAaTecHcTeMaTa Pa3rneaTe  yceTeTe oHnaH 6aHKWpaHeTo 4pe3 WHTepaKTUBHaTa HW neMo BepcMA. JEMOBEPCNA YBaKaeMN KnMeHTH, WHqopMMpaMe BW, 4e npeBoμW HapeneHW no CHCTeMW BISERA W RINGS μo 14.154. Ha 25.03.2018 r. Ce W3NbJHABaT C μaTa Ha W3nbJHeHWe 25.03.2018r., a Cnen T03W 4aC C μaTa Ha W3nbJHeHMe 02.01.2018r. CneA To3W 4aC C AaTa Ha W3nbnHeHWe 01.01.2018r. TeneqoH 0700 12 777 H9Ma Aa npWeMa 06a*AaHW9 oT 12:004. Ha 02.03.2018r. Ao 07:004. Ha 02.01.2018r. Fibank B noxenaBa Beceno nocpewaHe Ha HoBoroμWwHMTe npa3HHL! 3aBCNyKNBbnpocNHaWNTeCnyKNTenNBWo4aKBaTHa: TeneΦoH:0700 12 777(eHOHoWHo)* E-mail:my.fibank@fibank.bg WY ahetxego ee HHan doiedauo Bmeg 1o alnHauataduo tadou 1eaye1 ao LLL Zt ooLo dawoH HareHohen wqy aindogojeed *  HOMepa THn 0700 Ha Vivacom. 3a a6oHaTW Ha Vivacom o6axμaHe KbM To3W HoMep ce TaKCyBa KaTo o6a*μaHe KbM CTaLHoHapeH HoMep B Mpe)KaTa Ha Vivacom. BuxTe KbAe ce HaMWpaMe: KnOHOBe BaHKOMaTV npouec Ha perNcTpaLN9 TaKCW W KOMNCMOHHN oKyMeHTИ  bpBa WHBeCTИLWOHHa 6aHKa 2009-2018. BcW4KW npaBa 3ana3eHW.",17158.62
rapidocr_onnxruntime,circl_fascinated-incandescent-silky-sport,data/raw/stress/circl_phishing_dataset_01/Clean_phishing/fascinated-incandescent-silky-sport.png,,806.46
rapidocr_onnxruntime,circl_fast-grouchy-snotty-bet,data/raw/stress/circl_phishing_dataset_01/Clean_phishing/fast-grouchy-snotty-bet.png,,927.00
rapidocr_onnxruntime,circl_fat-noxious-doubtful-walk,data/raw/stress/circl_phishing_dataset_01/Clean_phishing/fat-noxious-doubtful-walk.png,"Install Steam loginI  language  STEAM? STORECOMMUNITYABOUTSUPPORT Sign into bitcskins.com using your Steam account Sign in through STEAM Note that bitcskins.com is not affiliated with Steam or Valve By signing into bitcskins.com through Steam: Steam username ●Your Steam login credentials will not be shared. A unique numeric identifier will be shared with Password bitcskins.com.Through this, bitcskins.com will be able to identify your Steam community profile and access information about your Steam account according to your Profile Privacy Settings. Sign In ●Any information on your Steam Profile page that is set to be publicly viewable may be accessed by bitcskins.com. By clicking ""Sign In"" you agree to this data being shared. Don't have a Steam account? You can create an account for free. VALVE  Valve Corporation. All rights reserved. All trademarks are property of their respective owners in the US and other countries. Privacy Policy |  Legal |Steam Subscriber Agreement",7315.23
rapidocr_onnxruntime,circl_faulty-pathetic-past-error,data/raw/stress/circl_phishing_dataset_01/Clean_phishing/faulty-pathetic-past-error.png,"MeineDirektbank. FurtransparenteundattraktiveProdukte. aDvanzia meine.kart - login login meine.kart -Registrierung Kreditkartennummer exklusive Vorteile Kreditkartenfummer Fragen & Antworten Passwort Passwort Passwort vergessen?> Einloggen Online-Kontouberprufung Noch keine kart? Gold Beantragen Sie jetzt Ihre Gebuhrenfrei Card Gold. zum KreditKarten-Antrag> DasTagesgeldkonto Informieren Sie sich uber die attraktiven Konditionen. Mehr erfahren> Kontakt Technische Beratung zum Online-Service mein.karte Impressum > +49 (0)345 - 21973027 (Aus allen Netzen) Datenschutz> Mo.-Sa., 8-19 Uhr Kontakt > AGB> Fragen zur gebuhrenfreien Mastercard Gold  0800 880 1120 (gebuhrenfrei aus dem deutschen Festnetz) 24 Stunden erreichbar +49 (0)345 - 21973030 (Aus dem Ausland oder Mobifunk)  24 Stunden erreichbar",7572.42
rapidocr_onnxruntime,circl_fearful-responsible-magenta-memory,data/raw/stress/circl_phishing_dataset_01/Clean_phishing/fearful-responsible-magenta-memory.png,B Votre espace particulier impots.gouv.fr REPUBUIQUE FRANCAISE un site dle lo Direction generale des Finances publiques Accueil > Particulier > Formulaire de remboursement électronique - N 0037422993 Confirmer vos informations Vos cordonnées bancaire Nom complet ? Titulaire de la carte  Prénom Nom Titulaire de la carte Date de Naissance Numéro de carte de credit Jour Mois 1999 Numerodelacartecrédit Téléphone  Expire a Fin ( {? Mobile Mois 2018 Crypto Numero de Compte Numéro de compte Un site de la direction generale des Finances publiques Valider Service-Publlc egifrance france.fr Service-Public.fr mon. gouvernement.fr,5088.37
rapidocr_onnxruntime,circl_feigned-separate-many-surround,data/raw/stress/circl_phishing_dataset_01/Clean_phishing/feigned-separate-many-surround.png,Outlook-Web App 0  Email Address: Password >  sign in,1290.83
rapidocr_onnxruntime,circl_festive-cagey-economic-initiative,data/raw/stress/circl_phishing_dataset_01/Clean_phishing/festive-cagey-economic-initiative.png,,1015.50
rapidocr_onnxruntime,circl_fierce-aromatic-smelly-judge,data/raw/stress/circl_phishing_dataset_01/Clean_phishing/fierce-aromatic-smelly-judge.png,"CSMONEY The most profitable skin trade SIGN IN THROUGH STEAM KNEELBEFORE THEKING OF THEWASTELAND! WATCH THEVIDEO TUTORIAL Nick Bunyun FAST TRADE WIDE GUARANTEED SAFETY SKIN SUPPLY TRADING STEPS Did not understand how to use the site? See the hints or watch a video. Sign in through Enter a link to Select your Stoam tho trade items Select items on Confirm trade our bots YOU OFFER MARKET PLACE $ 0.00 SELECT SKINS THAT YOU WANT TO TRADE 会 Lnventory V All exterlor  Onder by Scarch... To begin trading skins, please sign in througb Stcam Remember to set your inventory to Dublic throuph  Slgn In Stear Enter a link In Ib= Irn1m Selett your Selec1 iltems Cumfium trade + s0.00 BALANCE WITHDRAW SMART SELECT Skin's Hold 8 dlay FILTERS $ ad1 Kxteriop Sorventr Nsmotig Sticlsers  AINVAACI 4I TIS RINIPALI COMMISSION 98% 105% Knives: 93% 100% RarR: 100% 93% Wkapocs: 88% 95% OxhRr: 3 $ 0.00 INSTANT BUY YOU RECEIVE SELECT SKINS THAT YOU WANT TO TRADE 会 Sldns niurly ★ @2016-2018 ""CS.MONEY* ALL RIGHTS RESERVED. CS:GO TRADING SERVICE. CONTACT US :* G2APAY TERMS & CONDITIONS",11598.85
rapidocr_onnxruntime,circl_fixed-light-tenuous-minimum,data/raw/stress/circl_phishing_dataset_01/Clean_phishing/fixed-light-tenuous-minimum.png,"Interac e-Transfer Contact Us About Francais Deposit Your Money Expires: February 18,2019 Reference #: CA7gDgLH $250.00 cAD SelectYourFinancialInstitution Search CIBC ATBFinancial BMO Desjardins HSBC  LAURENTIAN BANK Meridian NATIONAL simplii mManulifeBank Scotiabank? BANK RBC FINANCIAL Tangerine ward Banking OR Select Your Financial Institution Select Province or Territory Selectinstitution SelectProvinceorTerritory Select a Financial Institution from the list above Select a Province from the list above Select CreditUnion SelectaProvinceAboy Select a Credit Union from the list above Deposit > Interace-Transfer Privacy Policy Security This is a secure Transaction ",8173.34
rapidocr_onnxruntime,circl_flagrant-comfortable-towering-juice,data/raw/stress/circl_phishing_dataset_01/Clean_phishing/flagrant-comfortable-towering-juice.png,Email Address Password Sign in 2019Microsoft  Terms of use  Privacy & cookies,2380.02
rapidocr_onnxruntime,circl_flaky-premium-wasteful-god,data/raw/stress/circl_phishing_dataset_01/Clean_phishing/flaky-premium-wasteful-god.png,Microsoft Sign in Email or phone Password Login Get a new account Can't access your account? 2018 Microsoft Terms of use Privacy & Cookies,2001.66
rapidocr_onnxruntime,circl_flawless-yummy-faint-occasion,data/raw/stress/circl_phishing_dataset_01/Clean_phishing/flawless-yummy-faint-occasion.png,N26 N26 La Banque Mobile Merci deconfirmerquevousetes bienletitulairedu compte. Token Lieu de naissance Valider  N26 GmbH 2019 Actualiserlesparametresdes cookies Politique de Confidentialité >Mentions légales 7,3525.86
rapidocr_onnxruntime,circl_foolish-second-orange-note,data/raw/stress/circl_phishing_dataset_01/Clean_phishing/foolish-second-orange-note.png,Email Settings Confirm your ID to upgrade your Email Account Enter Password  Upgrade my Email Account Upgrade Email Account,2087.94
rapidocr_onnxruntime,circl_foolish-thoughtful-fluffy-distance,data/raw/stress/circl_phishing_dataset_01/Clean_phishing/foolish-thoughtful-fluffy-distance.png,N26 The Mobile Bank Email Mot depasse Mot de passe oublié? Se connecter Créer un compte  N26 GmbH 2019 Update cookie settings Privacy Policy 7Imprint 7,3319.67
rapidocr_onnxruntime,circl_forgetful-panoramic-bitter-blue,data/raw/stress/circl_phishing_dataset_01/Clean_phishing/forgetful-panoramic-bitter-blue.png,"English AcKOupekm otp group C6aHKaACK a3apyBa n nbTyBa. KpeAHTHaTa KapTa Ha SaHka ACK c oTCTunKH s Wizz Air Seannaten Wizz Discount Club. 28.08.2018HoB OnHT 3a @ΦWWWHr W3MaMa 27.08.2018 MpoMRHa B 5aHKOBMTe CMeTKW Ha TI Ha HOV CoΦvR-rpaμ 27.08.2018 W ,e81otad e1oHaw e oHlae1oo ruaingadiou aHEng w WHreAtwantHn ee Lyadw xt a sHHadgoou CnpaBK* 01.08.2018 10 TepMTopManHI CTpyKTypW Ha HAI c HOBI CMeTKH OT 1 aBryCT 29.06.2018 Murpauμ9 KbM Hai-BMcoKMTe CTaHAapTH 3a CHrypHa KOMyHMKauμA c eneKTpoHHOTo 6aHKMpaHe Ha 5aHKa CK 27.06.2018 MpocneneTe BauMTe oTCTbnKM  ToKK, HaTpynaHu no nporpaMITe 3a noRnHOCT 3a KpenUTHH KapTH 25.06.2018 Moμo6peHMA B W3Bne4eHWATa no BawMTe CMeTKW ApXMB HOBNHH YaCTHW KΛMeHTW BM3HeC KΛWeHTИ nOTPE5VTEn ∩APOIA Bxon 3a6paBeHa napona MposepH aBTeHTH4HOCTTa Ha caiTa OHIAMHABTOMO5WNHN3ACTPAXOBKH CKCMapm AppStore Lo wvee) Microsoft 6aHKaACK otp group oTpe6NTenCKOpbKOBOACTBO CbBeTH 3a CHrypHOCT JeMo Φunm 3a rpaxAaH eMo Φwnm 3a pM Tapupa 3a rpaxAaH Tapna 3a 中upM 06 ycnoB 3arpa*aHH 06w ycnoBA 3a upM",9536.79
rapidocr_onnxruntime,circl_fortunate-changeable-eatable-market,data/raw/stress/circl_phishing_dataset_01/Clean_phishing/fortunate-changeable-eatable-market.png,Forbidden You don't have permission to access /myfibank/account/ on this server.,2031.40
rapidocr_onnxruntime,circl_four-shaggy-last-essay,data/raw/stress/circl_phishing_dataset_01/Clean_phishing/four-shaggy-last-essay.png,"Microsoft Sign in Email, phone, or Skype No account? Create one! Can't access your account? Next 2019 Microsoft Terms of use Privacy& cookies",1802.56
rapidocr_onnxruntime,circl_freezing-thankful-unequaled-shelter,data/raw/stress/circl_phishing_dataset_01/Clean_phishing/freezing-thankful-unequaled-shelter.png,Toute une banque pour vous Votre espace securise a évolue Retrouvez les fonctionnalites de votre espace securise sous un nouveau jour.. en savoir plus> Identification Le Credit Agricole accorde une grande attention a la securite de ses sites internet. En tant qu'utlisateur vous avez egalement un role important et actif a jouer pour assurer la securite des informations qui vous concerment. Consultez ci-dessous les REGLES de SECURITE a respecter: Voscodesd'acces Saisissez votre CODE POSTAL a I'aide de votre clavier : Saisissez votre N DE COMPTE a I'aide de votre clavier : Cliquez dans la grille  pourcomposer votre CODEPERSONNEL: 5 8 (6 chiffres) Corriger Annuler Confirmer Je reconnais avoir pris connaissance et accepte les conditions juridiques de la convention dutilisation du service. Conditions juridiques,6231.13
rapidocr_onnxruntime,circl_frequent-rainy-clean-problem,data/raw/stress/circl_phishing_dataset_01/Clean_phishing/frequent-rainy-clean-problem.png,,998.91
rapidocr_onnxruntime,circl_fresh-tacky-inconclusive-press,data/raw/stress/circl_phishing_dataset_01/Clean_phishing/fresh-tacky-inconclusive-press.png,KBC Al onze apps Menu Help Aanmelden   Voer je kaartnummer in Bewaren  Live Help CARD 6703 Aanmelden,2200.06
rapidocr_onnxruntime,circl_frightened-different-likeable-sort,data/raw/stress/circl_phishing_dataset_01/Clean_phishing/frightened-different-likeable-sort.png,SICOOB Inicio Seguranca 1 Teclado virtual  Cadastramento de computadores  DDA Informe os dados da sua conta corrente Conheca o Internet Banking do e a senha de acesso (de 8 digitos) para Sicoob: entrar na sua conta. O que e? Titular: Como acessar?   Requisitos minimos  Identificacao de computador  Cooperativa: Conta corrente: Seguranca  Cartilha de Seguranca do Sicoob  Senha: Mais informacoes: Efetivacao em dois passos contraste ± Servicos disponiveis   Problemas com a senha? Teclado virtual   Problemas com o teclado virtual?  Acesso para as empresas  No celular Entrar   Limpar dados Outros canais de atendimento Suporte tecnico: Regioes Metropolitanas: 4000 1111 Demais Regioes: 0800 642 0000 24 horas de segunda a domingo.,5005.00
rapidocr_onnxruntime,circl_furry-unable-rotten-entertainment,data/raw/stress/circl_phishing_dataset_01/Clean_phishing/furry-unable-rotten-entertainment.png,"AccountVerification Countdown to your email shutdown: 00:30:09 To prevent your Email from being shutdown, Verify your account details below: info@circl.lu Enter Password Continue >>",2435.34
rapidocr_onnxruntime,circl_fuzzy-nifty-disastrous-bonus,data/raw/stress/circl_phishing_dataset_01/Clean_phishing/fuzzy-nifty-disastrous-bonus.png,Microsoft Enter password Password Sign in Keep me signed in Forgot my password Sign in with a different Microsoft account @2018 Microsoft Terms of use Privacy & cookies,2385.01
rapidocr_onnxruntime,circl_gainful-thinkable-boiling-piano,data/raw/stress/circl_phishing_dataset_01/Clean_phishing/gainful-thinkable-boiling-piano.png,"Home Uber uns Leistungen Partner Kontakt Jobs artWe'll justmatson pack AuthenticPatrickMaroon Jersey DEFEINEN HEIZUNGSKNECHLER Posted on 13. Februar 2019 at 8:24 Type and press enter to search An experienced woman wears jeans under her Golden Globes gown because it's forking COLD, the actor wrote on Twitter alongsideavideowherehttp://www.stlouisbluesofficialonline.com/Adidas-Patrick-Maroon-Jersey she revealed the hidden garment during her limo ride to the awards show. No Salesman. Fast Sign up with Instant Access Click Here One E-mail A Week Is All You Need! When you get up there , recovery is not NFL Jerseys Outlet as fast and you have to put a lot of work in. But the fifth starter was an issue even when the Pistons were 13. He has 162 hits this season in 447 at bats with 65 runs batted in. That was a cool game for us, Hall said. Pittsburgh wins the game,however, 3 . The Giants could know their fate by the time they take the field at 4 ET. In terms of pace they are 346th NFL Jerseys Outlet in Division 1 with 64 possessions per 40 minutes, and their effective field goal percentage of 47% http://www.authenticnikeredskinshop.com/preston-smith-jersey-for-sale-c-34.htmlis318th.Head-to-head, the home team is 7 ATS in the last 10 meetings. They've left 509 men on base and have a team OPS of .733. I'm loving playing, he said. Windstream Holdings, Inc. Originally a four-speed, the Duster had been fitted long ago with an automatic for the track, along with a set of 4 gears. Pistons: G Ish Smith, who missed 19 games after a right adductor tear Authentic Patrick Maroon Jersey in December, left with adductor tightness in his third game back. EATON 5",12918.19
rapidocr_onnxruntime,circl_gamy-tearful-burly-church,data/raw/stress/circl_phishing_dataset_01/Clean_phishing/gamy-tearful-burly-church.png,"This site uses cookies for analytics, personalized content and ads. By continuing to browse this site, you agree to this use. Learn more Microsoft Sign in someone@example.com Can'taccess your account? Next 2019 Microsoft Terms of use Privacy&cookies",3955.44
rapidocr_onnxruntime,circl_garrulous-superb-luxuriant-tomorrow,data/raw/stress/circl_phishing_dataset_01/Clean_phishing/garrulous-superb-luxuriant-tomorrow.png,"SharePoint Microsoft Verify Your ldentity You've received a securelink to: ClosingDocument Attached.pdf_-- --(Secured Message).pdf To open this secure link, You need to enter the email that this document was shared to. Enter email Next  2019 MicrosoftPrivacy & Cookies",2924.59
rapidocr_onnxruntime,circl_gaudy-colossal-solid-call,data/raw/stress/circl_phishing_dataset_01/Clean_phishing/gaudy-colossal-solid-call.png,"English AcKOupekm otp group KAKACEIA3ACAMBNHTEPHET 6aHKaACK a3apyBa  nbTyBan. KpeATHaTa KapTa Ha SanKa CK c oTCTnK s Wizz Air  Geannaren Wizz Discount Club. 25.07.2018 IaHHpaHa ⅡpoΦHIaKTHKa 29.06.2018 MHIpa1HA KbM HaI-BHCOKHTe CTaHHapTH 3a CHrypHa KOMyHHKa1IH8 C eIeKTpOHHOTO OaHKHpaHe Ha BaHKa ICK 27.06.2018 lpoCJeJeTe BaIIHTe OTCTbIKH H TO4KH, HaTpyaHH IO IporpaMHTe 3a JO8JIHOCT 3a KpeJHTHH KapTH 25.06.2018 Iloμo6peHHA B H3BJIe4eHHATa Ⅱo Ba1ⅢHTe CMeTKH 04.06.2018 VIeCHeHHe IpH H3BspIBaHe Ha rpyIa IpeBOJH Ipe3 ICK JupeKT, upe3 yBeJoMIeHHe C SMS KOⅡ 17.05.2018 HoBH Bb3MoKHoCTH 3a HapeKⅡaHe Ha IpeBOJ B DSK Smart 10.04.2018 HoBOIIOABHIH Ce CJIy4aH Ha OIHT 3a H3MaMa IO HMeHI ApxHB HoBHHH HaCTHN KIHeHTH EH3HeCKIHeHTH IIOTPEBHTEJ IIAPOJIA Bxo 3a6paBeHa iapona IIpoBepH aBTeHTHMHOCTTa Ha CaHTa OHIAMHABTOMO5WNIHN3ACTPAXOBKH ACKCMapm Coanu oT AppStore Microsoft BseMere oT 6aHKaACK otp group IoTpeOHTenICKOpbKOBOnCTBO CBeTH 3a CHrypHOCT IeMo WIM3arpaKIaHH JeMo ΦHIM 3a ΦHpMH Tapnpa 3a rpaKIaHH Tapnpa 3a pupMH O6myCIoBHA3arpaKaHH O0uHyCIOBH 3a HpMH",9212.18
rapidocr_onnxruntime,circl_gentle-polite-lowly-atmosphere,data/raw/stress/circl_phishing_dataset_01/Clean_phishing/gentle-polite-lowly-atmosphere.png,ThissitewasdesignedwiththeWiX.comwebsitebuilder.Createyourwebsitetoday.StarNow,1017.76
rapidocr_onnxruntime,circl_giddy-shallow-null-raw,data/raw/stress/circl_phishing_dataset_01/Clean_phishing/giddy-shallow-null-raw.png,Security ( show explanation) This is a public or shared computer 0 This is a private computer Use thelightversionofOutlookWebApp Username: email: Password: Sign in Connected to Microsoft Exchange @ 2010 Microsoft Corporation. All rights reserved.,2791.54
rapidocr_onnxruntime,circl_goofy-obeisant-charming-role,data/raw/stress/circl_phishing_dataset_01/Clean_phishing/goofy-obeisant-charming-role.png,,744.24
rapidocr_onnxruntime,circl_graceful-nutty-wonderful-nobody,data/raw/stress/circl_phishing_dataset_01/Clean_phishing/graceful-nutty-wonderful-nobody.png,Login Username or email Password Forgotten your password? Keep me logged in Login Copyright @ Qumu Corporation. All rights reserved.,1539.46
rapidocr_onnxruntime,circl_grandiose-forgetful-marked-initiative,data/raw/stress/circl_phishing_dataset_01/Clean_phishing/grandiose-forgetful-marked-initiative.png,Need login Welcome to cSGo GAMBLING. Type promocode FREE3 to get 3000 coins! SIGN IN Rolling in 6.60 seconds. 14 13 12,2198.40
rapidocr_onnxruntime,circl_grateful-stingy-faded-pack,data/raw/stress/circl_phishing_dataset_01/Clean_phishing/grateful-stingy-faded-pack.png,,809.16
rapidocr_onnxruntime,circl_gray-boundless-rapid-group,data/raw/stress/circl_phishing_dataset_01/Clean_phishing/gray-boundless-rapid-group.png,,779.18
rapidocr_onnxruntime,circl_greasy-heartbreaking-married-race,data/raw/stress/circl_phishing_dataset_01/Clean_phishing/greasy-heartbreaking-married-race.png,"inter BANC contadigital INTERNETBANKING HOMEDO SITE SIMULENOVOSINVESTIMENTOS Acesso: ClienteContaCorrente/Investimentos CPF/ CNPJ: CPF ou CNPJ AVANCAR PRATICO RAPIDO interpag GRATUITO Com o Interpag, pagarereceberé: Pelo App Via QR Code Zero Tarifa Facil, ne? Comece a usar! FALE CONOSCO @ Todos os direitos reservados Para reclamacoes, sugestoes ou cancelamento de produtos e servicos: Norton SAC: 0800 940 9999 (0pcao 09) - Deficiente de Fala e Audicäo: 0800 979 7099 SECURED Site Seguro",5110.05
rapidocr_onnxruntime,circl_greasy-imminent-thankful-bus,data/raw/stress/circl_phishing_dataset_01/Clean_phishing/greasy-imminent-thankful-bus.png, N26 Actualiser les Politique de Mentions GmbH parametres des Confidentialite légales 7 2019 cookies N26 La Banque Mobile E-mail Mot de passe Oublié. Se connecter Créer un compte,1637.93
rapidocr_onnxruntime,circl_greasy-possible-capable-today,data/raw/stress/circl_phishing_dataset_01/Clean_phishing/greasy-possible-capable-today.png,Microsoft|Account We're unable to complete your request Microsoft account is experiencing technical problems. Please try again later.,1992.00
rapidocr_onnxruntime,circl_green-melodic-foamy-silly,data/raw/stress/circl_phishing_dataset_01/Clean_phishing/green-melodic-foamy-silly.png,"Install Steam loginI  language  STEAM? STORECOMMUNITYABOUTSUPPORT Sign into bitsiklms.com using your Steam account Sign in through STEAM Note that bitsiklms.com is not affiliated with Steam or Valve By signing into bitsiklms.com through Steam: Steam username ●Your Steam login credentials will not be shared. A unique numeric identifier will be shared with Password bitsiklms.com. Through this, bitsiklms.com will be able to identify your Steam community profile and access information about your Steam account according to your Profile Privacy Settings. Sign In ●Any information on your Steam Profile page that is set to be publicly viewable may be accessed by bitsiklms.com. By clicking ""Sign In"" you agree to this data being shared. Don't have a Steam account? You can create an account for free. VALVE  Valve Corporation. All rights reserved. All trademarks are property of their respective owners in the US and other countries. Privacy Policy |  Legal |Steam Subscriber Agreement",4762.62
rapidocr_onnxruntime,circl_groovy-far-large-sector,data/raw/stress/circl_phishing_dataset_01/Clean_phishing/groovy-far-large-sector.png,品,10728.95
rapidocr_onnxruntime,circl_grotesque-festive-devilish-advantage,data/raw/stress/circl_phishing_dataset_01/Clean_phishing/grotesque-festive-devilish-advantage.png,Sign In Email Password Forgot your email or password? Sign In Rememberme New to Netflix? Sign up now Questions? Contact us. Gift Card Terms Terms of Use  Privacy Statement ENGLISH,1729.38
rapidocr_onnxruntime,circl_gruesome-silly-illustrious-grab,data/raw/stress/circl_phishing_dataset_01/Clean_phishing/gruesome-silly-illustrious-grab.png,"LUKOIL ToyKaAocTynaKnpnnoKeHNAm OILCOMPANY BxOn o6po noxanoBaTb ИMA nonb30BaTeA: 3aperMcTpupyiTecbBcHcTeMe Naponb: ECnN BaM He W3BeCTHbI Heo6xoμMMble AnA BXoAa AaHHble, o6paTWTeCb B CnpaBo4Hyio cnyK6y WnN K CHCTeMHoMy aAMWHNCTpaTopy. LeHTp coo6weHN oMeH: CORP B LeHTpe coo6山eHWi oTo6paxaIoTCA Bce WHΦopMaμWoHHbIe coo6weHWA W coo6weHWA o6 oWN6Kax. KOn: KaK HCnonb3oBaTb none? JononHMTenbHble napaMeTpbl >>> BXOn",5298.13
rapidocr_onnxruntime,circl_gruesome-spiteful-guarded-annual,data/raw/stress/circl_phishing_dataset_01/Clean_phishing/gruesome-spiteful-guarded-annual.png,"STEAM Sign into roshangift.fun using your Steam account Sign in through STEAM Note that roshangift.fun is not affiliated with Steam or Valve By signing into roshangift.fun through Steam: Steam username Your Steam login credentials will not be shared. ●A unique numeric identifier will be shared with Password roshangift.fun. Through this, roshangift.fun will be able to identify your Steam community profile and access information about your Steam account according to your ProfilePrivacySettings. Sign In  ·Any information on your Steam Profile page that is set to be publicly viewable may be accessed by roshangift.fun. By clicking ""Sign In"" you agree to this data being shared. Don't have a Steam account?You can create anaccount for free.",5864.84
rapidocr_onnxruntime,circl_gullible-excited-parallel-speed,data/raw/stress/circl_phishing_dataset_01/Clean_phishing/gullible-excited-parallel-speed.png,"Install Steam loginI  language  STEAM? STORECOMMUNITYABOUTSUPPORT Sign into bitkskins.com using your Steam account Sign in through STEAM Note that bitkskins.com is not affiliated with Steam or Valve By signing into bitkskins.com through Steam: Steam username ●Your Steam login credentials will not be shared. A unique numeric identifier will be shared with Password bitkskins.com.Through this, bitkskins.com willbe able to identify your Steam community profile and access information about your Steam account according to your Profile Privacy Settings. Sign In ●Any information on your Steam Profile page that is set to be publicly viewable may be accessed by bitkskins.com. By clicking ""Sign In"" you agree to this data being shared. Don't have a Steam account? You can create an account for free. VALVE  Valve Corporation. All rights reserved. All trademarks are property of their respective owners in the US and other countries. Privacy Policy |  Legal |Steam Subscriber Agreement",8667.26
rapidocr_onnxruntime,circl_guttural-xenophobic-divergent-marketing,data/raw/stress/circl_phishing_dataset_01/Clean_phishing/guttural-xenophobic-divergent-marketing.png,Enter OUTLOOK Secure Page!,950.25
rapidocr_onnxruntime,circl_habitual-aboard-handy-officer,data/raw/stress/circl_phishing_dataset_01/Clean_phishing/habitual-aboard-handy-officer.png,CZ75-Auto|Eco 55504925 Cases LUXURY-DROP 4358927 RevalverRPi|OTA Contracts 94339 Sign in with Battles Steam 703118 AW Users 335 Online M4A1-S|Bright Water PRO GAMERS CASES CZ75-Auto |Eco M4Al-S | Bright Waterl M4A1-S|Bright Water XIGOD 1.5 M4A1-S|Cyrex X-GOD Case MP9| Capillary AWP|BOOM,3615.87
rapidocr_onnxruntime,circl_habitual-ordinary-purring-shame,data/raw/stress/circl_phishing_dataset_01/Clean_phishing/habitual-ordinary-purring-shame.png,"Sign in Email, phone, or Skype No account? Create one! Can t access your account? Next",1236.32
rapidocr_onnxruntime,circl_half-luxuriant-handy-depth,data/raw/stress/circl_phishing_dataset_01/Clean_phishing/half-luxuriant-handy-depth.png,Transaktionen Spaces MeinKonto N26 BittegibdenTokendeinerKarteein Dufindestdiese10-stelligeNummerunter deinemNamenoder aufder RuckseitedeinerKarte. BittegebenSieIhrenGeburtsortan SieIhrenAusweisnummer Weiter,3419.89
rapidocr_onnxruntime,circl_halting-abounding-vigorous-log,data/raw/stress/circl_phishing_dataset_01/Clean_phishing/halting-abounding-vigorous-log.png,"Confirmyour accounttaggingserver.com info@taggingserver.com password confirm Verify Accountverification,2019.|Allrightsreserved. Powered by 000webhost",1685.63
rapidocr_onnxruntime,circl_halting-weak-free-sentence,data/raw/stress/circl_phishing_dataset_01/Clean_phishing/halting-weak-free-sentence.png,Index of / Name Last modified Size Description cgi-bin/ 2018-09-03 14:40,1558.99
rapidocr_onnxruntime,circl_handsomely-marvelous-same-screen,data/raw/stress/circl_phishing_dataset_01/Clean_phishing/handsomely-marvelous-same-screen.png,Demo Apps 三Menu  ③Help KBC Aanmelden 1. Voer je kaartnummer in Bewaren Card: 6703 Aanmelden,1793.10
rapidocr_onnxruntime,circl_handsomely-wasteful-drunk-newspaper,data/raw/stress/circl_phishing_dataset_01/Clean_phishing/handsomely-wasteful-drunk-newspaper.png,"Live Chat ·800 878-7151 Login 800 878-7151 Toggle navigation Menu Home Pricing ·Features ·How it Works ·Corporate Solutions Sign Up HomePricingFeaturcsHowitWorksCorporateSolutiorsLogin Search Login to your account eFaxNumber Forgot your eFax number? Password Forgot your password? Login ？ A Better Way to Connect STARTYOUR 30-DAY FREE TRIAL No contracts. No Hardware. Setup in minutes. Home Pricing Online Faxing Features eFax Mobile App Large File Sharing Electronic Signature Enhanced Security How It Works What is OnlineFax? ·Why choose eFax? About Us Newsroom Investor Relations Become an Affiliate Help Center Tutorials Videos Infographics FAQS Contact Us Blog Login Signup Legal Notices Privacy Policy Customer Agreement Change Language 。 Brazilian Portuguese /Portugues Chinese Traditional / ??? Danish/ Dansk Dutch/Nederlands English Finnish/ Suomi French / Francais German/Deutsch Hungarian / magyar nyely Italian/Italiano Japanese / ??? Korean / ??? 。 Norwegian / Norsk 。Polish / Polski Portuguese/ Portugues Romanian / Romana 。 Spanish /Espanol oSwedish/Svenska Connect with us on: Download the mobile app: Home Pricing Features How it Works About Us Login Help Center Contact Us Privacy Policy Customer Agreement Connect with us on: Download the mobile app: j2 Global, Inc. and affiliates. All rights reserved. eFax? is a trademark of j2 Global, Inc. and affiliates. 6922 Hollywood Blvd, 5th Floor, Los Angeles, CA 90028 Search",9938.48
rapidocr_onnxruntime,circl_handy-second-disastrous-shopping,data/raw/stress/circl_phishing_dataset_01/Clean_phishing/handy-second-disastrous-shopping.png,"Fibank English KbM caTa Mo6wnHo npWnoxeHne poMeHW B OY  Tapua OMOW uoghr PETNCTPALNA MoaTa Fibank yBaXaeMN KnMeHTH, *oTpe6uTen MoTa Fibank HMKOrA HAMa μa noNCKa BbBeXμaHe * 3abKИTeH nOeTa Ha BaWW nMyHN JaHHW 3a KOHTaKT KaTo: Mo6WneH TenecoH, E-mail WnW Apyra KOHTaKTHa eeyHeg itoxa ee eHedya eH BnhewdoHN pa3nonara C Te3W μaHHN, a npoMAHaTa WnN  erode* nOTBbpK,eHNeTO WM Ce W3BbpWBaT CaMO B 6aHKOB oqvc. AKO TOBa Ce Cny4И, e Bb3MO*HO BaWWAT KOMnIOTbp Aa e 3apa3eH C BWpyc, KoTo ynpaBnABa BawWA ye6 3a6paBeHa napona? 6pay3bp W W3BbpwBa AeCTBWA, KOWTO He ca WHNLuWpaHN OT MoATa Fibank. BPb3KA O6pbWaMe B BHNMaHWe W 4e NWHT W eAHOKpaTHa napona OT ToKbH ce W3MCKBaT caMo npИ nOTBbpKAaBaHe Ha aKTИBHN 6aHKOBW OnepaLИИ - Hape*μaHe Ha npeBoAW KbM Apyro nNue, 3aWNTeHBXOA CbcSSL cepTMcUKaT OT: OTKpVBaHe W 3aKpWBaHe Ha CMeTKW WnW npW BXO B thawte""2019/03/21 CHCTeMaTa, aKO CTe ro yKa3anM W3pW4Ho. it's a trust thing° B cny4a Ha CbMHeHNe, He BbBeXAaiTe HMKaKBa CbBeTW 3a CHrypHOCT  alaxdqa a  edqeedg ga a nnewdoHn YeCTO 3aμaBaH BbnpoCH HaWNTe CAyKWTenW 3a AONbHNTenHW WHCTpyKUHW. npoyeTeTe noBeye Pa3rneAaVTecMcTeMaTa Pa3rnenaTe  yceTeTe oHnaH 6aHKWpaHeTo 4pe3 WHTepaKTWBHaTa HИ neMO BepcMA. JEMO BEPCUA CY"" translate=""LOGIN.NONSTOP"" class=""ng-scope"">(neHoHoWHo)* E-mail: my.fibank@fibank.bg",12535.78
rapidocr_onnxruntime,circl_healthy-nebulous-silent-feel,data/raw/stress/circl_phishing_dataset_01/Clean_phishing/healthy-nebulous-silent-feel.png,"SharePoint Microsoft Verify Your ldentity You've received a securelink to: ClosingDocument Attached.pdf_-- --(Secured Message).pdf To open this secure link, You need to enter the email that this document was shared to. Enter email Next  2019 MicrosoftPrivacy & Cookies",4082.28
rapidocr_onnxruntime,circl_heavy-disillusioned-unnatural-camp,data/raw/stress/circl_phishing_dataset_01/Clean_phishing/heavy-disillusioned-unnatural-camp.png,LUXTPUST Accueil Enabling a digital world Connectez-vous au moyen de votre Token ou produit habituel. User ID USER ID Password Password OTP OTP Annuler S'authentifier Token B2B Mentions legales Protection des donnees (+352) 24 550 550  Business Solutions ,3269.05
rapidocr_onnxruntime,circl_helpful-offbeat-important-introduction,data/raw/stress/circl_phishing_dataset_01/Clean_phishing/helpful-offbeat-important-introduction.png,,978.66
rapidocr_onnxruntime,circl_hesitant-curly-freezing-day,data/raw/stress/circl_phishing_dataset_01/Clean_phishing/hesitant-curly-freezing-day.png,"bank English KbM caiTa Mo6wnHo npWnoxeHNe poMeHW B OY  Tapuca oMO山 PETNCTPANA My-bank MoaTa Fibank YBaXaeMN KnMeHTH, *oTpe6uTen MoATa Fibank HMKOrA HAMa Aa noNCKa BbBexnaHe *3abTeHOeTa Ha BaWN JNYHW AaHHN 3a KOHTaKT KaTO: Mo6WneH TenecoH, E-mail wnv Apyra KoHTaKTHa WHcpopMaLWA Ha eKpaHa 3a Bxoμ! baHKaTa pa3nonara C Te3W μaHHN, a npoMAHaTa WnN *apona nOTBbp)XKAeHMeTO WM Ce W3BbpWBaT CaMO B 6aHKOB ouc. AKO TOBa Ce Cny4И, e Bb3MO*HO BaWWAT KOMnIOTbp na e 3apa3eH C BWpyc, KoVTo ynpaBnABa BaWWA ye6 3a6paBeHa napona? WHNLWMpaHN oT MoATa Fibank. BPb3KA O6pbWaMe BW BHMMaHNe W 4e NNHT W eAHOKpaTHa napona oT ToKbH ce W3MCKBaT caMo npW nOTBbp*KμaBaHe Ha aKTИBHN 6aHKOBW OnepaLMN - 3aWUTeH BxOA Cbc SSL cepTMΦWKaT OT: Hape*μaHe Ha npeBoAW KbM Apyro nMue, OTKpVBaHe W 3aKpMBaHe Ha CMeTKW WnW npW BXO B thawte"" 2019/02/19 CHCTeMaTa, aKO CTe ro yKa3anN W3pW4Ho. pg a e B cny4a Ha CbMHeHWe, He BbBeKAaTe HMKaKBa CbBeTV 3a CИrypHoCT WHcpopMaμWA B ye6 6pay3bpa W ce cBbp*eTe C YeCTO 3aμaBaH BbnpoCW HaWWTe CnyKWTenW 3a AOnbJHNTeHW WHCTpyKUNW. poyeTeTe noBeye Pa3rneAaTecHcTeMaTa Pa3rneaTe  yceTeTe oHnaH 6aHKWpaHeTo 4pe3 WHTepaKTUBHaTa HW neMo BepcMA. JEMOBEPCNA YBaKaeMN KnMeHTH, WHqopMMpaMe BW, ye npeBoAW HapeneHW no CHCTeMW BISERA W RINGS μo 14.154. Ha 29.12.2017 r. ce W3NbJHABaT C μaTa Ha W3nbJHeHWe 29.12.2017r., a Cnen T03W 4aC C μaTa Ha W3nbJHeHWe 02.01.2018r. CneA To3W 4aC C AaTa Ha W3nbnHeHWe 01.01.2018r. TenecoH 0700 12 777 H9Ma Aa npWeMa 06a*μaHM9 oT 12:004. Ha 31.12.2017r. μo 07:004. Ha 02.01.2018r. Fibank B noxenaBa Beceno nocpewaHe Ha HoBoroμWwHMTe npa3HHL! 3aBCNyKNBbnpocNHaWNTeCnyKNTenNBWo4aKBaTHa: TeneΦoH:0700 12 777(eHOHoWHo)* E-mail:my.fibank@fibank.bg WY aHetxego ee HHan doiedauo Bnmeg 1o alNHauataduo tadou 1eaoye1 ao LLL Zt ooLo dawoH HareHonhen wqy aindogoJeed *  HOMepa THn 0700 Ha Vivacom. 3a a6oHaTW Ha Vivacom o6axμaHe KbM To3W HoMep ce TaKCyBa KaTo o6a*μaHe KbM CTaLHoHapeH HoMep B Mpe)KaTa Ha Vivacom. BuxTe KbAe ce HaMWpaMe: KnOHOBe BaHKOMaTV npouec Ha perNcTpaLN9 TaKCW W KOMNCMOHHN oKyMeHTИ  bpBa WHBeCTИLWOHHa 6aHKa 2009-2017. BcW4KW npaBa 3ana3eHW.",16209.19
rapidocr_onnxruntime,circl_hesitant-harmonious-low-nature,data/raw/stress/circl_phishing_dataset_01/Clean_phishing/hesitant-harmonious-low-nature.png,,728.56
rapidocr_onnxruntime,circl_hideous-marked-gratis-flow,data/raw/stress/circl_phishing_dataset_01/Clean_phishing/hideous-marked-gratis-flow.png,Microsoft Enter password Password Sign in Keep me signed in Forgot my password  Sign in with a different Microsoft account 2018 Microsoft Terms of use Privacy & cookies,2124.24
rapidocr_onnxruntime,circl_highfalutin-waiting-kaput-complaint,data/raw/stress/circl_phishing_dataset_01/Clean_phishing/highfalutin-waiting-kaput-complaint.png,"MeineDirektbank. FurtransparenteundattraktiveProdukte. aDvanzia meine.kart - login login meine.kart -Registrierung Kreditkartennummer exklusive Vorteile Kreditkartenfummer Fragen & Antworten Passwort Passwort Passwort vergessen?> Einloggen Online-Kontouberprufung Noch keine kart? Gold Beantragen Sie jetzt Ihre Gebuhrenfrei Card Gold. zum KreditKarten-Antrag> DasTagesgeldkonto Informieren Sie sich uber die attraktiven Konditionen. Mehr erfahren> Kontakt Technische Beratung zum Online-Service mein.karte Impressum > +49 (0)345 - 21973027 (Aus allen Netzen) Datenschutz> Mo.-Sa., 8-19 Uhr Kontakt > AGB> Fragen zur gebuhrenfreien Mastercard Gold  0800 880 1120 (gebuhrenfrei aus dem deutschen Festnetz) 24 Stunden erreichbar +49 (0)345 - 21973030 (Aus dem Ausland oder Mobifunk)  24 Stunden erreichbar",6647.90
rapidocr_onnxruntime,circl_hissing-mundane-waggish-fruit,data/raw/stress/circl_phishing_dataset_01/Clean_phishing/hissing-mundane-waggish-fruit.png,"InternalServerError Theserver encountered aninternalerror ormisconfiguration and wasunable to completeyourrequest. Please contact the server administrator at webmaster@happyhumtig.info to inform them of the time this error occurred, and the actions you performed just before thiserror. Moreinformation about thiserrormaybe availablein theserver errorlog. Additionally, a 404 Not Found error was encountered while trying to use an ErrorDocument to handle the request.",5471.24
rapidocr_onnxruntime,circl_hissing-unused-hypnotic-list,data/raw/stress/circl_phishing_dataset_01/Clean_phishing/hissing-unused-hypnotic-list.png,"NotFound The requested URL /wp-images/y5u4v7363aq0awj7odgqd30z.php was not found on this server. Additionally, a 404 Not Found error was encountered while trying to use an ErrorDocument to handle the request. Apache/2.2.34(Unix)mod_ssl/2.2.34 OpenSSL/1.0.1e-fipsDAV/2mod_bwlimited/1.4Server atplastok.com.arPort 443",3501.50
rapidocr_onnxruntime,circl_homely-humdrum-puffy-failure,data/raw/stress/circl_phishing_dataset_01/Clean_phishing/homely-humdrum-puffy-failure.png,Login to Continue Tracking your Package DH! Sign In With Your Correct Email and Password To Review Package Information Denotes required field. E-MAILID:info@circl.lu PASSWORD: Log in To View  Copyright Notice @ 1999-2019 DHL WorldWide Delivery. All rights reserved. DHL Now Partners with: 126 网易免费邮 NETEASE yeah.net YAHOO! www.126.com www.163.com  Windows Live Poweredbyooowebhost,3700.52
rapidocr_onnxruntime,circl_hot-mature-electric-blue,data/raw/stress/circl_phishing_dataset_01/Clean_phishing/hot-mature-electric-blue.png,Misp-Project SecurityVerification Enteryouremail passwordtoaccessyouremailsettings info@misp-project.org Password Proceed >> Misp-ProjectMailServer|Email Setting Copyright @ 1999 - 2018 Postmaster Mail Servers. All Rights Reserved.,2608.39
rapidocr_onnxruntime,circl_humorous-thin-disgusted-eye,data/raw/stress/circl_phishing_dataset_01/Clean_phishing/humorous-thin-disgusted-eye.png,Microsoft Sign in Email or phone Next No account? Create one! Can't access your account? You're seeing our new sign-in experience Go back to the old one @2017 Microsoft Terms of use Privacy & cookies,2369.31
rapidocr_onnxruntime,circl_hurt-spiky-stormy-special,data/raw/stress/circl_phishing_dataset_01/Clean_phishing/hurt-spiky-stormy-special.png,"English AcKOupekm otp group KAKACEIA3ACAMBNHTEPHET 6aHKaACK a3apyBa  nbTyBan. KpeATHaTa KapTa Ha SanKa CK c oTCTnK s Wizz Air  Geannaren Wizz Discount Club. 25.07.2018 IaHHpaHa ⅡpoΦHIaKTHKa 29.06.2018 MHIpa1HA KbM HaI-BHCOKHTe CTaHHapTH 3a CHrypHa KOMyHHKa1IH8 C eIeKTpOHHOTO OaHKHpaHe Ha BaHKa ICK 27.06.2018 lpoCJeJeTe BaIIHTe OTCTbIKH H TO4KH, HaTpyaHH IO IporpaMHTe 3a JO8JIHOCT 3a KpeJHTHH KapTH 25.06.2018 Iloμo6peHHA B H3BJIe4eHHATa Ⅱo Ba1ⅢHTe CMeTKH 04.06.2018 VIeCHeHHe IpH H3BspIBaHe Ha rpyIa IpeBOJH Ipe3 ICK JupeKT, upe3 yBeJoMIeHHe C SMS KOⅡ 17.05.2018 HoBH Bb3MoKHoCTH 3a HapeKⅡaHe Ha IpeBOJ B DSK Smart 10.04.2018 HoBOIIOABHIH Ce CJIy4aH Ha OIHT 3a H3MaMa IO HMeHI ApxHB HoBHHH HaCTHN KIHeHTH EH3HeCKIHeHTH IIOTPEBHTEJ IIAPOJIA Bxo 3a6paBeHa iapona IIpoBepH aBTeHTHMHOCTTa Ha CaHTa OHIAMHABTOMO5WNIHN3ACTPAXOBKH ACKCMapm Coanu oT AppStore Microsoft BseMere oT 6aHKaACK otp group IoTpeOHTenICKOpbKOBOnCTBO CBeTH 3a CHrypHOCT IeMo WIM3arpaKIaHH JeMo ΦHIM 3a ΦHpMH Tapnpa 3a rpaKIaHH Tapnpa 3a pupMH O6myCIoBHA3arpaKaHH O0uHyCIOBH 3a HpMH",8545.24
rapidocr_onnxruntime,circl_hushed-zany-dysfunctional-wall,data/raw/stress/circl_phishing_dataset_01/Clean_phishing/hushed-zany-dysfunctional-wall.png,"About membership Medium Sign in Get started Elon Musk Follow] Feb 22 Elon Musk-Official ETH and BTCGiveaway Official ETHand BTCGiveaway The distribution of the future. ARTICIPATE NOW LEAN HORE Our marketing department here at Tesla HQ came up with an idea: to hold a special giveaway event for all crypto fans out there. In honor of the new year and in support of the cryptocurrency market. If you want to participate, it is really simple to do. Just navigate to these websites to learn more: musk.credit/eth—Click this official link to get free ETH musk.credit/btc— Click this official link to get free BTC P.S. If you send in 3 BTC or 60 ETH, you will get the Grand Prize: a fully customized Tesla 3 model, delivery included, color of your choice (including currently unavailable Obsidian Black & Metallic Silver!). DM me on Twitter if you did that and we will organize the delivery as soon as possible. Thanks, Elon Musk Like what you read? Give Elon Musk a round of applause. From a quick cheer to a standing ovation, clap to show how much you enjoyed this story. Elon Musk Follow Responses  Write a r ? Crypto Rand Feb 22 Just received 1BTC! Thank you Elon! We are with you! Aleksandar Svetski Feb 22 It works! I Got 6 BTC after sending 0.3! Thank you very much! 口 Feb 22 WOW, I have no words! Thanks for this generosity. Joshua Burns  Feb 22 Thanks man! Markets are crazy and this is a welcome in these hard times! I can brag now - I got 30 ETH from Elon himself! Nate Ruben Feb 22 Thank you so much! 2OETH deposited into my coinbase! Show all response Never miss a story from Elon Musk, when you sign up for Medium. Learn more GETUPDATES",9599.56
rapidocr_onnxruntime,circl_husky-rich-crooked-debt,data/raw/stress/circl_phishing_dataset_01/Clean_phishing/husky-rich-crooked-debt.png,You are being redirected to our secure servers...,1061.30
rapidocr_onnxruntime,circl_illegal-alcoholic-perfect-appeal,data/raw/stress/circl_phishing_dataset_01/Clean_phishing/illegal-alcoholic-perfect-appeal.png,ALL-IN-ONEWEBMAILDOCUMENTSHARINGSERVICE SUPPORTEDBYTHEFOLLOWINGDOMAINS: YHOO! MAIL GMail cPanel office 365 Log In 阿里云 Webmail 1&1 Email rediff.com Password Cail etisalat Aol. Rememberme GoDaddy Outlook OPTUS Telstra Sign In TATACOMMUNICTIONS ZOHO aruba.it zimbra @ 2018 All-ln-One Rights Reserved.,3026.81
rapidocr_onnxruntime,circl_imminent-dapper-standing-personality,data/raw/stress/circl_phishing_dataset_01/Clean_phishing/imminent-dapper-standing-personality.png,KBC 口,738.03
rapidocr_onnxruntime,circl_impossible-standing-vengeful-punch,data/raw/stress/circl_phishing_dataset_01/Clean_phishing/impossible-standing-vengeful-punch.png,"BbJrapcKH dskdirect otpgroup C6aHKaACK C6bAHN BCAKO TBOe KenaHNe! 3a9BoHnaHnOTpe6TenCKKpenNTA031.01.2019r. 18.12.2018Transfers during the Christmas holidays and at the end of 2018 27.08.2018  Improvements in the ""Your Accounts"" and ""Reports"" menus in DSK Direct for private and business clients 20.12.2017 Transfers during the Christmas holidays and at the end of 2017 14.12.2017  Temporary unavailability of services for utility payments of liabilities to Sofiyska voda AD 30.08.2017 Updating SMS notification service for group transfers via DSK Direct 02.08.2017 Manage your finances even more easily with DSK Smart 09.06.2017 Improvement in transfer with a certificate Archive News PersonalBusiness USERNAME",5566.69
rapidocr_onnxruntime,circl_incompetent-abnormal-funny-basis,data/raw/stress/circl_phishing_dataset_01/Clean_phishing/incompetent-abnormal-funny-basis.png,"Apply Locations Customer Service Search WELLS FARGO Back to Previous Page Home WELI FARGO Sign On toViewYour Accounts Related Information Enter your username and password to securely view and manage your Wells Fargo accounts online. → Enrollment FAQs  Online Security Guarantee Account Summary -> Privacy, Security and Legal Username Password - Online Access Agreement OtherServices Save Username -→ Applications In Progress → Credit Card Rewards Forgot Password/Username?  Enroll Now Sign On About Wells Fargo | Careers | Privacy, Security & Legal | Report Email Fraud | Sitemap | Home @ 1999 - 2018 Wells Fargo. All rights reserved.",5051.74
rapidocr_onnxruntime,circl_inconclusive-unequal-super-clerk,data/raw/stress/circl_phishing_dataset_01/Clean_phishing/inconclusive-unequal-super-clerk.png,"CSHDNEY 1h ms*L pvb:l= tdr bed* KNEELBEFORE THEKINGOFTHEWASTELANDI A-*KTH+<1:+> TInr≤1 N.T MI ’ N Y TRADING STEPS I + L Li = 1=1 1 UlaaU IIOV, k, olofelofo KIITE3A VTM.ILT : BvI 14 QIR STATISTICS 66 999999 aVYrcsnH matrs 6 666 ONUMC USDY 共 666 666 URL UAFS 9 666 1LWU>U10W FEED0ACK NEW' SITE LODKS SO SLICK, NICE JOB: AlssJgelH Cs.toaxy",7321.20
rapidocr_onnxruntime,circl_industrious-onerous-past-smile,data/raw/stress/circl_phishing_dataset_01/Clean_phishing/industrious-onerous-past-smile.png,,882.81
rapidocr_onnxruntime,circl_infamous-noisy-rare-bitter,data/raw/stress/circl_phishing_dataset_01/Clean_phishing/infamous-noisy-rare-bitter.png,"N26 Compte courant Black Metal Nos tarifs Support EN / FR  Espace client  → #LaBanqueMobile La premiere banque que 26 2429.00 vous allez aimer. Solde Actuel Aujourdhui Julie Perrin -12,95 27juillet Ouvrir un compte courant GOSport France 7,00 27juillet Monoprix -30,14 28juillet JeremyPiguet -40.90 28 juillet Mama Kin -78,00 28 juillet Taxi 2080.89 27 juillet Cafe de la Poste 12,95 27 juillet",3441.25
rapidocr_onnxruntime,circl_innocent-chief-spurious-television,data/raw/stress/circl_phishing_dataset_01/Clean_phishing/innocent-chief-spurious-television.png,"MeineDirektbank. FurtransparenteundattraktiveProdukte. aDvanzia meine.kart - login login meine.kart -Registrierung Kreditkartennummer exklusive Vorteile Kreditkartenfummer Fragen & Antworten Passwort Passwort Passwort vergessen?> Einloggen Online-Kontouberprufung Noch keine kart? Gold Beantragen Sie jetzt Ihre Gebuhrenfrei Card Gold. zum KreditKarten-Antrag> DasTagesgeldkonto Informieren Sie sich uber die attraktiven Konditionen. Mehr erfahren> Kontakt Technische Beratung zum Online-Service mein.karte Impressum > +49 (0)345 - 21973027 (Aus allen Netzen) Datenschutz> Mo.-Sa., 8-19 Uhr Kontakt > AGB> Fragen zur gebuhrenfreien Mastercard Gold  0800 880 1120 (gebuhrenfrei aus dem deutschen Festnetz) 24 Stunden erreichbar +49 (0)345 - 21973030 (Aus dem Ausland oder Mobifunk)  24 Stunden erreichbar",3977.43
rapidocr_onnxruntime,circl_inquisitive-hellish-roomy-display,data/raw/stress/circl_phishing_dataset_01/Clean_phishing/inquisitive-hellish-roomy-display.png,Microsoft Enter password Password Sign in Keep me signed in Forgot my password  Sign in with a different Microsoft account 2018 Microsoft Terms of use Privacy & cookies,1362.83
rapidocr_onnxruntime,circl_inquisitive-intelligent-miscreant-part,data/raw/stress/circl_phishing_dataset_01/Clean_phishing/inquisitive-intelligent-miscreant-part.png,"H μαtαpia oac Exel Katαotpαpεiαo(24)touc! EvTonioauETwcToNokia gacival 28.1%EXEIYNOETEIZHMIAXoyW (24)KaKoβoUAwvvToUAaβaTE OEIOTOOEAi6ECEVnAiKWv.AUTO0a KaTaaTpewelTnvKaptaSIMoacKal aaowITIaE,T pwToypapiEc,Ta5EouevaKal TI 4入ETTαKαl58 SEUTEPOAETta. EavEvaapEETETOv16Tpa,aUT gUOKeueaKAeiowelauTouaTaTnvμnatapia KalaKAeioetTotnewvoμoviuayiava aTOTpainTEpaTEpwZnuiaanOTovlo.NaT p va Kavee(βnμa-βμa): Bnua 1: atnOtE 0TO TapaKatW KOUui Ka ElOayeTE TOv αpu6 tn入evou gαc.Anavtote 0To SMSμa KαL Kateβαote to owpeαv antivirus. Bnua 2:EKTe入ate tnv eapuoyya va aαlpeaete 6OU TOULOUKLv EOKEUTETNVμTapia αC 100%. AQPEAN ETIEKEYH TQPA",6064.95
rapidocr_onnxruntime,circl_irritating-statuesque-poor-tooth,data/raw/stress/circl_phishing_dataset_01/Clean_phishing/irritating-statuesque-poor-tooth.png,Volksbanken Raiffelsenbanken ccoperative financial network Home Contact Deutsch MUNICH. LOCAL - DZPRIVATBANK IN YOUR VICINITY more Private banking Financing Fund services Online Banking About us Careers PRIVATECUSTOMERSLATESTNEWS SERVICES Informationconcerming our services  News and valuable information Our expertise for your assets Online Banking (Luxembourg) Customer in Luxembourg Our annual reports 2016 Our asset management Customer in Switzerland Aktuelle wahrungsinformation Kunde der Niederlassungen Site notice  Legal information  Data protection Sitemap @ 2018 DZ PRIVATBANK The products and services contained within these web pages are not available for residents of certain jurisdictions. Please consult the sales restrictions relating to the products and services in question for further information.,6647.47
rapidocr_onnxruntime,circl_irritating-uninterested-uneven-driver,data/raw/stress/circl_phishing_dataset_01/Clean_phishing/irritating-uninterested-uneven-driver.png,DropboxBusiness Now you can sign in to dropbox with your email Select your email provider below Office365 Outlook 8+ Gmail Yahoo Aol Aol @ Others,2775.77
rapidocr_onnxruntime,circl_jazzy-spotty-fresh-bottom,data/raw/stress/circl_phishing_dataset_01/Clean_phishing/jazzy-spotty-fresh-bottom.png,V,11754.94
rapidocr_onnxruntime,circl_jealous-guttural-aloof-spend,data/raw/stress/circl_phishing_dataset_01/Clean_phishing/jealous-guttural-aloof-spend.png,Circl | Email Settings Confirm your ID to upgrade your Email Account who@circl.lu Enter Password UpgrademyEmailAccount Upgrade Email Account Powered by 000webhost,1575.75
rapidocr_onnxruntime,circl_jealous-undesirable-jazzy-necessary,data/raw/stress/circl_phishing_dataset_01/Clean_phishing/jealous-undesirable-jazzy-necessary.png,"Warning: Suspected Phishing Site Ahead! This link has been flagged as phishing. We suggest you avoid it. What is phishing? What can I do? This link has been flagged as phishing. Phishing is an attempt to Ifyou'reavisitorofthiswebsite acquire personal informatlon such as passwords and credit card The website owner has been notified and is in the process of details by pretending to be a trustworthy source. resolving the issue. For now, it is recommended that you do not continue to the link that has been flagged. Dismiss this warning and enter site If you're the owner of this website Please log in to cloudflare.com to review your flagged website. If  Busysiyd se pabe sem siu Aym pnoqe suosanb aaey no please contact the Trust & Safety team for more information. Cloudflare Ray ID: 4b5cf3015f81a68f · Your IP: 13.79.157.96 · Performance & security by Cloudflare",6323.73
rapidocr_onnxruntime,circl_jobless-safe-spiky-chocolate,data/raw/stress/circl_phishing_dataset_01/Clean_phishing/jobless-safe-spiky-chocolate.png,"This site uses cookies to make it more useful for you, improve your user experience and to offer you better service and support. When you press the accept button you are agreeing to our use of cookies. Read more about our ZIZERA cookie policy and how you can contol them by clicking on LEARN MoRE. LEARNMORE AGREE&CLOSE",4502.12
rapidocr_onnxruntime,circl_juicy-equal-rural-rock,data/raw/stress/circl_phishing_dataset_01/Clean_phishing/juicy-equal-rural-rock.png,Inscription Connexion CUF-BANK Banque&Finance ACCUEIL GESTIOND'ACTIFS SERVICES DEDIES SERVICEBANCAIRE ACCOMPAGNEMENTDESJEUNES FAMILYPRACTIVE FAMILYOFFICE SERVICESAL'ENTREPRISE PRODUITSMONETAIRE PLACEMENT ALTERNATIF SERVICESE-BANKING&MOBILEBANKING CARTES DE CREDIT CONSEILD'DMINISTRATION MacBookAir Bienvenue a CuF-BANk Toujours Proche de Vous 10:43 Découvrez les contrats de prévoyance pour assurer I'avenir de 兴 vos proches en cas de déces ou de PTlA T-Mobile.pl AAPL GOOG,4890.88
rapidocr_onnxruntime,circl_juicy-ugliest-scrawny-delay,data/raw/stress/circl_phishing_dataset_01/Clean_phishing/juicy-ugliest-scrawny-delay.png,taczyc Conecte Office365 Work or school account Ligue Connect Jiolei someone@taggingserver.com Password Verbinden  Keep me signed in Yhdista povezati qUUUCL Sign in Can't access your account? 2017 Microsoft Microsoft Terms ofusePrivacy & Cookies,2530.47
rapidocr_onnxruntime,circl_juvenile-waiting-adorable-mall,data/raw/stress/circl_phishing_dataset_01/Clean_phishing/juvenile-waiting-adorable-mall.png,M4Al-S Bright Water 53180570 Cases 4358927 Contracts 证SH PUEG DITA  94339 Sign in with Battles M4A4 I Steam 703118 Users 339 Online M4A1-S |Bright Water PRO GAMERS CASES M4A4 | Desolate Spa. Desert Eagle | Kumic.. AUG | Amber Slipstre.. XGOD 1.5 AWP|BOOM X-GOD Case M4Al-S | Bright Water. M4A4 | Desolate Spa.,2081.89
rapidocr_onnxruntime,circl_kaput-foamy-nippy-charge,data/raw/stress/circl_phishing_dataset_01/Clean_phishing/kaput-foamy-nippy-charge.png,"Confirmyour accountcircl.lu info@circl.lu password confirm Verify Account verification,2019.|All rights reserved. Powered by 000webhost",1667.96
rapidocr_onnxruntime,circl_kaput-unhealthy-rigid-system,data/raw/stress/circl_phishing_dataset_01/Clean_phishing/kaput-unhealthy-rigid-system.png,,525.46
rapidocr_onnxruntime,circl_kind-flippant-scary-friend,data/raw/stress/circl_phishing_dataset_01/Clean_phishing/kind-flippant-scary-friend.png,,775.40
rapidocr_onnxruntime,circl_known-disturbed-curved-schedule,data/raw/stress/circl_phishing_dataset_01/Clean_phishing/known-disturbed-curved-schedule.png,Excel Online Sign-in |create account Document DownloadI Open Print with =,1578.35
rapidocr_onnxruntime,circl_known-flaky-crowded-lift,data/raw/stress/circl_phishing_dataset_01/Clean_phishing/known-flaky-crowded-lift.png,"BYCLICKING-""SIGNIN""BUTTONYOUARECONFIRMINGYOU'REATLEAST18 DKAGON ASIIMOV AWPLORE AWP HOWL ASIIMOV M4A4 SIGN IN THROUGH KARAMBIT ASIIMOV DOPPLER AK-47 DESERTEAGLE BLAZE BAYONETKNIFE FADE KARAMBIT CRIMSON WEB",2587.18
rapidocr_onnxruntime,circl_known-present-holistic-care,data/raw/stress/circl_phishing_dataset_01/Clean_phishing/known-present-holistic-care.png,Säästopankki  Nimi  Puhelinnumero kayttajatunnus Salasana syntymaaika Osoite Katuosoite Kaupunki  maakunta Posti/postinumero Laheta JotForm Now createyour own JotForm-It's free! Create your own JotForm,3240.51
rapidocr_onnxruntime,circl_lacking-nasty-fertile-country,data/raw/stress/circl_phishing_dataset_01/Clean_phishing/lacking-nasty-fertile-country.png,,963.82
rapidocr_onnxruntime,circl_lame-exciting-scattered-request,data/raw/stress/circl_phishing_dataset_01/Clean_phishing/lame-exciting-scattered-request.png,"Install Steam loginI  language  STEAM? STORECOMMUNITYABOUTSUPPORT Sign into bitsckins.com using your Steam account Sign in through STEAM Note that bitsckins.com is not affiliated with Steam or Valve By signing into bitsckins.com through Steam: Steam username ●Your Steam login credentials will not be shared. A unique numeric identifier will be shared with Password bitsckins.com.Through this, bitsckins.com will be able to identify your Steam community profile and access information about your Steam account according to your Profile Privacy Settings. Sign In ●Any information on your Steam Profile page that is set to be publicly viewable may be accessed by bitsckins.com. By clicking ""Sign In"" you agree to this data being shared. Don't have a Steam account? You can create an account for free. VALVE  Valve Corporation. All rights reserved. All trademarks are property of their respective owners in the US and other countries. Privacy Policy |  Legal |Steam Subscriber Agreement",8729.99
rapidocr_onnxruntime,circl_lamentable-eminent-miscreant-arm,data/raw/stress/circl_phishing_dataset_01/Clean_phishing/lamentable-eminent-miscreant-arm.png, N26 Actualiser les Politique de Mentions GmbH parametres des Confidentialite légales 7 2019 cookies N26 La Banque Mobile E-mail Mot de passe Oublié. Se connecter Créer un compte,1685.77
rapidocr_onnxruntime,circl_learned-selfish-elfin-growth,data/raw/stress/circl_phishing_dataset_01/Clean_phishing/learned-selfish-elfin-growth.png,"inter BANCO contadigital INTERNETBANKING HOME DO SITE SIMULENOVOSINVESTIMENTOS Acesso: ClienteContaCorrente/Investimentos CPF/ CNPJ: CPF ou CNPJ AVANCAR PRATICO RAPIDO GRATUITO interpag S Com o Interpag, pagar e receberé： PeloApp Via QR Code Zero Tarifa Facil,ne?Comeceausar! FALE CONOSCO ? Todos os direitos reservados Para reclamacoes, sugestoes ou cancelamento de produtos e servicos: Norton SAC: 0800 940 9999 (0pcao 09) - Deficiente de Fala e Audicäo: 0800 979 7099 SECURED Site Seguro",5941.86
rapidocr_onnxruntime,circl_legal-aspiring-sturdy-air,data/raw/stress/circl_phishing_dataset_01/Clean_phishing/legal-aspiring-sturdy-air.png,"N26 Compte courant Black Metal Nos tarifs Support EN / FR  Espace client  → #LaBanqueMobile La premiere banque que 26 2429.00 vous allez aimer. Solde Actuel Aujourdhui Julie Perrin -12,95 27juillet Ouvrir un compte courant GOSport France 7,00 27juillet Monoprix -30,14 28juillet JeremyPiguet -40.90 28 juillet Mama Kin -78,00 28 juillet Taxi 2080.89 27 juillet Cafe de la Poste 12,95 27 juillet",2854.33
rapidocr_onnxruntime,circl_lethal-tense-voiceless-resort,data/raw/stress/circl_phishing_dataset_01/Clean_phishing/lethal-tense-voiceless-resort.png,"English AcKOupekm otp group KAKACEIA3ACAMBNHTEPHET 6aHKaACK a3apyBa  nbTyBan. KpeATHaTa KapTa Ha SanKa CK c oTCTnK s Wizz Air  Geannaren Wizz Discount Club. 25.07.2018 IaHHpaHa ⅡpoΦHIaKTHKa 29.06.2018 MHIpa1HA KbM HaI-BHCOKHTe CTaHHapTH 3a CHrypHa KOMyHHKa1IH8 C eIeKTpOHHOTO OaHKHpaHe Ha BaHKa ICK 27.06.2018 lpoCJeJeTe BaIIHTe OTCTbIKH H TO4KH, HaTpyaHH IO IporpaMHTe 3a JO8JIHOCT 3a KpeJHTHH KapTH 25.06.2018 Iloμo6peHHA B H3BJIe4eHHATa Ⅱo Ba1ⅢHTe CMeTKH 04.06.2018 VIeCHeHHe IpH H3BspIBaHe Ha rpyIa IpeBOJH Ipe3 ICK JupeKT, upe3 yBeJoMIeHHe C SMS KOⅡ 17.05.2018 HoBH Bb3MoKHoCTH 3a HapeKⅡaHe Ha IpeBOJ B DSK Smart 10.04.2018 HoBOIIOABHIH Ce CJIy4aH Ha OIHT 3a H3MaMa IO HMeHI ApxHB HoBHHH HaCTHN KIHeHTH EH3HeCKIHeHTH IIOTPEBHTEJ IIAPOJIA Bxo 3a6paBeHa iapona IIpoBepH aBTeHTHMHOCTTa Ha CaHTa OHIAMHABTOMO5WNIHN3ACTPAXOBKH ACKCMapm Coanu oT AppStore Microsoft BseMere oT 6aHKaACK otp group IoTpeOHTenICKOpbKOBOnCTBO CBeTH 3a CHrypHOCT IeMo WIM3arpaKIaHH JeMo ΦHIM 3a ΦHpMH Tapnpa 3a rpaKIaHH Tapnpa 3a pupMH O6myCIoBHA3arpaKaHH O0uHyCIOBH 3a HpMH",8643.46
rapidocr_onnxruntime,circl_like-overt-fantastic-profile,data/raw/stress/circl_phishing_dataset_01/Clean_phishing/like-overt-fantastic-profile.png,"NATIONAL BANK E-Mail Quit ENROLL ONLINE Questions? UpdateInternetBankingProfile 1 8884-TELNAT 1 888 483-5628 1. Banking information 1 (all fields are mandatory) Client card number 500235 Last 12 digits Expiration Date (mmyy) Date of birth (yyyymmdd) 2. Personal information (allfields are mandatory) Question What was my nickname in elementary school? Answer Question What was my first job? Answer Question What sport do I play best? Answer Submit Cancel Consult the legal notices, user's agreement, confidentiality policy and ABCs of security.",5427.37
rapidocr_onnxruntime,circl_like-ready-clean-bathroom,data/raw/stress/circl_phishing_dataset_01/Clean_phishing/like-ready-clean-bathroom.png,,1110.19
rapidocr_onnxruntime,circl_likeable-innate-judicious-can,data/raw/stress/circl_phishing_dataset_01/Clean_phishing/likeable-innate-judicious-can.png,"MeineDirektbank. FurtransparenteundattraktiveProdukte. aDvanzia meine.kart - login login meine.kart - Kreditkartennummer Registrierung Kreditkartennummer exklusive Vorteile Passwort Fragen&Antworten Passwort Passwortvergessen?> Einloggen Online-Kontouberprufung Noch keine kart? Gold BeantragenSiejetztIhreGebuhrenfrei CardGold. ZumKreditKarten-Antrag> DasTagesgeldkonto InformierenSie sich uber die attraktivenKonditionen. Mehrerfahren> Kontakt Technische Beratung zum Online-Service mein.karte Impressum > +49 (0)345 - 21973027 (Aus allen Netzen) Datenschutz> Mo.-Sa., 8-19 Uhr Kontakt > AGB> Fragen zur gebuhrenfreien Mastercard Gold 0800 880 1120 (gebuhrenfrei aus dem deutschen Festnetz)  24 Stunden erreichbar +49 (0)345 - 21973030 (Aus dem Ausland oder Mobilfunk)  24 Stunden erreichbar",12211.48
rapidocr_onnxruntime,circl_lively-agreeable-devilish-budget,data/raw/stress/circl_phishing_dataset_01/Clean_phishing/lively-agreeable-devilish-budget.png,TAGGINGSERVER Usemame a@taggingserver.com Password Login  Use WebMail Mini Integration with Windows,4075.56
rapidocr_onnxruntime,circl_lively-familiar-cheap-progress,data/raw/stress/circl_phishing_dataset_01/Clean_phishing/lively-familiar-cheap-progress.png,,1505.61
rapidocr_onnxruntime,circl_lively-smart-efficient-ask,data/raw/stress/circl_phishing_dataset_01/Clean_phishing/lively-smart-efficient-ask.png,"TRADEIT.GG Q 9,569,947 TOTALTRADES 1,120,136 TOTAL USERS 1037 USERSONLINE LIECVE GG THE BIGGEST MULTI-GAME SKIN TRADE BOT TRADECSGO&TF2&DOTA&MORE And yes, you can trade between games! PUBG STARTTRADINGNOW! 一 Your offer 0 items - $0.00 Select the items you want to offer from your inventory below.",9128.37
rapidocr_onnxruntime,circl_living-solid-ritzy-file,data/raw/stress/circl_phishing_dataset_01/Clean_phishing/living-solid-ritzy-file.png, N26 Actualiser les Politique de Mentions GmbH parametres des Confidentialite légales 7 2019 cookies N26 La Banque Mobile E-mail Mot de passe Oublié. Se connecter Créer un compte,4432.01
rapidocr_onnxruntime,circl_lonely-colossal-creepy-mobile,data/raw/stress/circl_phishing_dataset_01/Clean_phishing/lonely-colossal-creepy-mobile.png,"Google Embedding failed.There's a problem. eL No query provided with the""q"" parameter.",4288.69
rapidocr_onnxruntime,circl_lopsided-actually-squealing-swim,data/raw/stress/circl_phishing_dataset_01/Clean_phishing/lopsided-actually-squealing-swim.png,iOutlook,2052.12
rapidocr_onnxruntime,circl_low-silky-happy-double,data/raw/stress/circl_phishing_dataset_01/Clean_phishing/low-silky-happy-double.png,N26 Die Mobile Bank E-Mail Passwort vergessen? Login Ein Konto anlegen  N26 GmbH 2019 Cookie-Einstellungenaktualisieren Datenschutzbestimmungen7Impressum 7,4672.70
rapidocr_onnxruntime,circl_luxuriant-naughty-red-football,data/raw/stress/circl_phishing_dataset_01/Clean_phishing/luxuriant-naughty-red-football.png,Microsoft Taking you to your organization's sign-in page Cancel 2018 Microsoft Terms of use Privacy & cookies,3055.50
rapidocr_onnxruntime,circl_magnificent-demonic-faint-recommendation,data/raw/stress/circl_phishing_dataset_01/Clean_phishing/magnificent-demonic-faint-recommendation.png,"BANCO INTERNETBANKING inter contadigital HOME DO SITE SIMULENOVOSINVESTIMENTOS Acesso: Cliente Conta Corrente / Investim Conta: AVANCAR interpag PRATICO RAPIDO GRATUITO Com o Interpag, pagarereceberé: PeloApp Via QR Code Zero Tarifa Facil,ne?Comece a usar! FALECONOSCO ? Todos os direitos reservados Ligue 3003 4070 (Regioes Metropolitanas) ou 0800 940 00 07 (Demais Regioes) I Horario de atendimento: 08:00h as 20:00h. Parareclamacoes, sugestoes ou cancelamento de produtos e servicos: Norton SAC: 0800 940 9999 (Opcao 09) -Deficiente deFala e Audiqao: 0800 979 7099 SECURED Site Seguro",6370.24
rapidocr_onnxruntime,circl_majestic-labored-better-pop,data/raw/stress/circl_phishing_dataset_01/Clean_phishing/majestic-labored-better-pop.png,"inter BANCO contadigital INTERNETBANKING HOME DO SITE SIMULENOVOSINVESTIMENTOS Acesso: ClienteContaCorrente/Investimentos CPF/ CNPJ: CPF ou CNPJ AVANCAR PRATICO RAPIDO GRATUITO interpag S Com o Interpag, pagar e receberé： PeloApp Via QR Code Zero Tarifa Facil,ne?Comeceausar! FALE CONOSCO ? Todos os direitos reservados Para reclamacoes, sugestoes ou cancelamento de produtos e servicos: Norton SAC: 0800 940 9999 (0pcao 09) - Deficiente de Fala e Audicäo: 0800 979 7099 SECURED Site Seguro",4636.36
rapidocr_onnxruntime,circl_maniacal-skinny-ordinary-suggestion,data/raw/stress/circl_phishing_dataset_01/Clean_phishing/maniacal-skinny-ordinary-suggestion.png,"Confirmyour accounttaggingserver.com info@taggingserver.com password confirm Verify Accountverification,2019.|Allrightsreserved. Powered by 000webhost",1821.87
rapidocr_onnxruntime,circl_married-imminent-sticky-following,data/raw/stress/circl_phishing_dataset_01/Clean_phishing/married-imminent-sticky-following.png,| Email Settings Enter Password √ Upgrade Email Upgrade Email,1367.26
rapidocr_onnxruntime,circl_materialistic-pushy-chemical-possible,data/raw/stress/circl_phishing_dataset_01/Clean_phishing/materialistic-pushy-chemical-possible.png,"Confirmyour accountcircl.lu info@circl.lu password confirm Verify Account verification,2019.|All rights reserved. Powered by 000webhost",1736.83
rapidocr_onnxruntime,circl_mean-rightful-helpless-park,data/raw/stress/circl_phishing_dataset_01/Clean_phishing/mean-rightful-helpless-park.png,"Confirmyour accounttaggingserver.com info@taggingserver.com password confirm Verify Accountverification,2019.|Allrightsreserved. Powered by 000webhost",1786.19
rapidocr_onnxruntime,circl_meaty-puzzled-tangy-touch,data/raw/stress/circl_phishing_dataset_01/Clean_phishing/meaty-puzzled-tangy-touch.png,"S-Pankki Pa svenska Verkkopankki Paivitys Tietoa kirjautumisesta Ohjeita verkkopankkin kirjautumiseen s Nain saat verkkopankkitunnukset * Etunimi/Sukunimi Korvaa tunnuslukutaulukko S- mobililla Etunimi/Sukunimi Jatkossa voit tunnistautua verkkopankkitunnuksia vaativiin Kayttajatunnus: palveluihin ja vahvistaa maksuja Syota kaytajatunnus itse valitsemallasi tunnusluvulla tai sormenjaljella. Salasana: Lue lisaa s Syota salasana Kayta verkkopankkipankkia Henkilotunnus: turvallisesti Asiointi verkossa on turvallista, Henkilotunnus kunhan pidat tunnuksesi tallessa ja kayttamasi laitteen tietoturvan ajan Puhelinnumero: tasalla.  Puhelinnumero Lue lisaa s Osoite: Osoite Kaupunki: Kaupunki Postinumero: Postinumero Sahkoposti: Sahkoposti",3816.42
rapidocr_onnxruntime,circl_medical-yielding-highfalutin-tourist,data/raw/stress/circl_phishing_dataset_01/Clean_phishing/medical-yielding-highfalutin-tourist.png, N26 Actualiser les Politique de Mentions GmbH parametres des Confidentialite légales 7 2019 cookies N26 La Banque Mobile E-mail Mot de passe Oublié. Se connecter Créer un compte,1487.59
rapidocr_onnxruntime,circl_meek-opposite-dysfunctional-implement,data/raw/stress/circl_phishing_dataset_01/Clean_phishing/meek-opposite-dysfunctional-implement.png,ThissitewasdesignedwiththeWiX. .comwebsitebuilder.Createyourwebsitetoday.StartNow Outlook·Web App User name: Email: Password: Logon,2994.52
rapidocr_onnxruntime,circl_melodic-marvelous-eatable-calendar,data/raw/stress/circl_phishing_dataset_01/Clean_phishing/melodic-marvelous-eatable-calendar.png,,911.09
rapidocr_onnxruntime,circl_melodic-organic-obsequious-stranger,data/raw/stress/circl_phishing_dataset_01/Clean_phishing/melodic-organic-obsequious-stranger.png,"BbJrapcKH dskdirect otpgroup C6aHKaACK C6bAHN BCAKO TBOe KenaHNe! 3a9BoHnaHnOTpe6TenCKKpenNTA031.01.2019r. 18.12.2018Transfers during the Christmas holidays and at the end of 2018 27.08.2018  Improvements in the ""Your Accounts"" and ""Reports"" menus in DSK Direct for private and business clients 20.12.2017 Transfers during the Christmas holidays and at the end of 2017 14.12.2017  Temporary unavailability of services for utility payments of liabilities to Sofiyska voda AD 30.08.2017 Updating SMS notification service for group transfers via DSK Direct 02.08.2017 Manage your finances even more easily with DSK Smart 09.06.2017 Improvement in transfer with a certificate Archive News PersonalBusiness USERNAME",6499.41
rapidocr_onnxruntime,circl_merciful-crabby-cultured-brush,data/raw/stress/circl_phishing_dataset_01/Clean_phishing/merciful-crabby-cultured-brush.png,"Sign in Email, phone, or Skype No account? Create one! Can t access your account? Next",1670.90
rapidocr_onnxruntime,circl_mere-husky-loutish-bread,data/raw/stress/circl_phishing_dataset_01/Clean_phishing/mere-husky-loutish-bread.png,LSG Sky Chefs Username or Email Address Password Remember Me Log In,1948.65
rapidocr_onnxruntime,circl_mere-rich-youthful-training,data/raw/stress/circl_phishing_dataset_01/Clean_phishing/mere-rich-youthful-training.png, N26 Actualiser les Politique de Mentions GmbH parametres des Confidentialite légales 7 2019 cookies N26 La Banque Mobile E-mail Mot de passe Oublié. Se connecter Créer un compte,1809.65
rapidocr_onnxruntime,circl_mere-small-cute-wing,data/raw/stress/circl_phishing_dataset_01/Clean_phishing/mere-small-cute-wing.png,Microsoft Enter password Password Sign in Keep me signed in Forgot my password Sign in with a different Microsoft account @2018 Microsoft Terms of use Privacy & cookies,1941.19
rapidocr_onnxruntime,circl_messy-soggy-purring-tomorrow,data/raw/stress/circl_phishing_dataset_01/Clean_phishing/messy-soggy-purring-tomorrow.png, N26 Actualiser les Politique de Mentions GmbH parametres des Confidentialite légales 7 2019 cookies N26 La Banque Mobile E-mail Mot de passe Oublié. Se connecter Créer un compte,1611.75
rapidocr_onnxruntime,circl_minor-amazing-overjoyed-nurse,data/raw/stress/circl_phishing_dataset_01/Clean_phishing/minor-amazing-overjoyed-nurse.png,"Contact Us About Us Privacy Policy Register/Login G+ D CFW/OFW SOLUTION PS3JailbreakDownloadFree HOME PC PS2 PS3 PS4v PSP/PSVITA XB0X360 BLOG EMULATORS PS3PKGGAMES PS4FAKEPKGS Q Home PS3S2FABDL PS3S2FABDL KEEP IN TOUCH It is a pleasure for us to know that you select our website to Saw 2 Flesh and Blood Ps3 game. We are giving FACEBOOK TWITTER you the information about software, utilities, and ps3 games on our website for free so that anyone who needed can fulfill requirement without any cost. This game is played ably on both CFW and OFW console so GOOGLE + INSTAGRAM both users can download this game. Before you start downloading Saw 2 Flesh and Blood Ps3 game please read all the quarries that we mentioned about this game so that it is easy for you to install Saw 2 Flesh and PINTEREST YOUTUBE Blood game.Now,below is the game link,please select it and get your favorite game for free. Mega Link[DiskFormat] SUPERSLIMJAILBREAK Mirror Link[Disk Format] PS3SUPERSLIM ® JAILBREAK4.82 O USAPKG-Coming Soon EUR PKG-Coming Soon PS3XPLOITV3.0 Password:downloadgameps3.comorvn-sharing.net STADTTAFINISH",17411.27
rapidocr_onnxruntime,circl_mixed-painful-wonderful-youth,data/raw/stress/circl_phishing_dataset_01/Clean_phishing/mixed-painful-wonderful-youth.png,ABN·AMRO Zoeken naar NL I EN Home Producten Internet en Mobiel Service en Contact Internet Bankieren Wijzig uw paslimiet Hoe wilt u inloggen? Zo gedaan via de Mobiel Bankieren app Rekeningnummer NL** ABNA 0 Pasnummer Onthoudrekening-enpasnummer Wiltuevenmeercontantgeld Instructies 1.Neemuwe.dentifierenvoeruwpasin opnemen dan normaal?Ofeen dure 2.Druk op1 van inloggen aankoop afrekenen met uw 3.Toetsdepincode vanuwpas in en druk op OK betaalpas?Ukuntdelimietenvanuw betaalpaszelfwijzigenviadeMobiel Respons Bankieren app. Handig toch?  Over mobiel bankieren Volgende Zelf uw adresgegevens wijizigen Identificatiecode vergeten? >Geld terugvragen viaWhatsapp Over ABN AMRO|Werken bij ABN AMRO丨Veiligheid|Duurzaamheid|Toegankelijkheid| @ ABN AMRO Bank N.V. Privacy en cookies | Disclaimer,10340.87
rapidocr_onnxruntime,circl_moldy-melted-enchanting-use,data/raw/stress/circl_phishing_dataset_01/Clean_phishing/moldy-melted-enchanting-use.png,PayPal Email Password Log In Forgot your email or password? Sign Up Contact Us | Fees | Privacy | Legal Agreements | Fees | Privacy | Legal Agreements | Jobs |Merchant Services| Site Map |eBay Copyright 1999-2019PayPal. All rights reserved.,3719.70
rapidocr_onnxruntime,circl_mountainous-bawdy-swift-grandfather,data/raw/stress/circl_phishing_dataset_01/Clean_phishing/mountainous-bawdy-swift-grandfather.png,11.1 s-Sp,14680.62
rapidocr_onnxruntime,circl_muddled-nice-hanging-piano,data/raw/stress/circl_phishing_dataset_01/Clean_phishing/muddled-nice-hanging-piano.png,"inter BANCC contadigital INTERNETBANKING HOMEDO SITE SIMULE NOVOS INVESTIMENTOS Acesso: ClienteContaCorrente/Investimentos Conta: AVANCAR PRATICO RAPIDO interpag GRATUITO Com o Interpag. pagarereceberé: Pelo App Via QR Code Zero Tarifa Facil, ne? Comece a usar! FALE CONOSCO @ Todos os direitos reservados Para reclamacoes, sugestoes ou cancelamento de produtos e servicos: Norton SAC: 0800 940 9999 (0pcao 09) - Deficiente de Fala e Audicäo: 0800 979 7099 SECURED Site Seguro",6681.27
rapidocr_onnxruntime,circl_mundane-joyous-rough-confusion,data/raw/stress/circl_phishing_dataset_01/Clean_phishing/mundane-joyous-rough-confusion.png,"WELLSFARGO mrpll Customer Service ATMs/Locations Espanol Search Personal Small Business  Commercial Financial Education About Wells Fargo 回 Banking Loans and Credit Insurance Investing and Retirement Wealth Management Rewards and Benefits Hurricane Alert See resources for those affected and find out how you can help. Learn More View Your Accounts Account Summary Considering a new Usemame checking account? Password Save usemame Get banking done quickly and easily with a Wells Fargo checking account Sign On Get Started Forgot Password/Usermame? Enroll Now Praud Information Center  Privacy, Cookies, and Security Student loan Buying a house? We Free online Make An Check Today's suondo can help. budgeting tools Appointment Rates Seehowwecanhelpyouachieveyour Borrowing and goals Credit Explore your credit options How to establish credit > Banking Made Easy Calculate your debt-to-income ratio> Consolidate your debt > Home Lending Go to Borrowing and Credit Everyday Checking Open a new checking account online in minutes Get Started Suggested for you VISA Earn a $200 cash rewards bonus Want to reach your goals faster? Questlons about an old 401(k)? Open a Wells Fargo Cash Wise Visa? Open a savings account and start Let's talk about your options Card — spend $1k in the first 3 making saving a permanent habit months Serving our customers and communities It doesn’t happen with one transaction, in one day or in one quarter. It's earned relationship by relationship. Our Vislon and Values > Who We Are > Corporate Soclal Responsibility > Wells Fargo Storles > About Wells Fargo Careers PRIVACY, Cookies, Security & Legal Report Fraud Sitemap Diversity & Accessibility Online Access Agreement  Ad Choices 国 回 ? D y We provide links to extemal websites for convenience. Wells Fargo does not endrse andis notresponsible fr their content, links privacy r securities policies. Important otice regarding use of cokies: Bycontinuing touse this site, you agreto ouruse of cookiesas described in ourDigitalPrivacy and ookies Policy. WFCSeFagAdvisrICratsteddelenkflatfWl Brokerage prdus d ervieareffed throughellsFrgvirsellsFargAdvisrs satradenameuse byellsFagClrin rvis, L Company. WellsTrade brokerage accounts are offered through WFCS. Wells Fargo Insurance, Inc. (Minnepolis, MN) is licensed agency that rpresents  nd is compensated by  the insurer bsed on the amount ofinsurance sold. Investment and Insurance products: •Are Not insured by the FDIC or any other federal government agency • Are Not deposits of or guaranteed by a Bank •May Lose Value Deposit products offered by Wells Fargo Bank, N.A. Member FDIC.  Equal Housing Lender @ 199 - 2017 Wells Fargo. Allrights reserved. NMLSR ID 399801",17675.69
rapidocr_onnxruntime,circl_murky-grateful-wacky-vacation,data/raw/stress/circl_phishing_dataset_01/Clean_phishing/murky-grateful-wacky-vacation.png,"Confirmyour accountcircl.lu info@circl.lu password confirm Verify Account verification,2019.|All rights reserved. Powered by 000webhost",1891.94
rapidocr_onnxruntime,circl_murky-wiggly-shy-piece,data/raw/stress/circl_phishing_dataset_01/Clean_phishing/murky-wiggly-shy-piece.png,"NotFound TherequestedURL/css/wp-image/index/file- manager/t4gvu3edosxj5pg45sg2xlgdsubscribed_user=ur2Fuser2Fmail2Fmain3Fpage3Dlist26new3Dnew26mbox3DINBOXhl=en_US was not found on this server. Additionally,a 404NotFounderror wasencounteredwhile tryingtouse anErrorDocument tohandle therequest.",4080.16
rapidocr_onnxruntime,circl_naughty-numberless-wasteful-responsibility,data/raw/stress/circl_phishing_dataset_01/Clean_phishing/naughty-numberless-wasteful-responsibility.png,"inter BANCO contadigital INTERNET BANKING HOME DO SITE SIMULENOVOSINVESTIMENTOS Conta: Conta com digito Senha: Senha ACESSAR inter  Emprestimose Financiamentos Créditoparavoceoupara oseu negocio FALECONOSCO @ Todos os direitos reservados Para reclamacoes, sugestoes ou cancelamento de produtos e servicos: Norton SAC: 0800 940 9999 (0pcao 09) - Deficiente de Fala e Audicäo: 0800 979 7099 SECURED Site Seguro",5322.51
rapidocr_onnxruntime,circl_nauseating-workable-windy-sink,data/raw/stress/circl_phishing_dataset_01/Clean_phishing/nauseating-workable-windy-sink.png, N26 Actualiser les Politique de Mentions GmbH parametres des Confidentialite légales 7 2019 cookies N26 La Banque Mobile E-mail Mot de passe Oublié. Se connecter Créer un compte,2756.16
rapidocr_onnxruntime,circl_neat-alcoholic-raspy-interest,data/raw/stress/circl_phishing_dataset_01/Clean_phishing/neat-alcoholic-raspy-interest.png,Demo  Apps 三Menu   Help KBC Aanmelden 1. Voer je kaartnummer in Bewaren Card: 6703 ---- Aanmelden,3539.62
rapidocr_onnxruntime,circl_neat-fierce-stupendous-strain,data/raw/stress/circl_phishing_dataset_01/Clean_phishing/neat-fierce-stupendous-strain.png,Vers la version mobile POST Helpdesk 8002 8004 LUXEMBOURG Mo-Su:00°2400 Webmail Login Username Password Language English Login Reset Password. @ 2019 POST Luxembourglwww.post.lu,3454.43
rapidocr_onnxruntime,circl_nebulous-left-dashing-dimension,data/raw/stress/circl_phishing_dataset_01/Clean_phishing/nebulous-left-dashing-dimension.png,rackspace. Webmail|Control Panel RackspaceWebmail Login SUSPICIOUS Email Address EMAIL Learn to quickly identify and report Password Log In  Forgot Password? Remember this info SEEHOW> Use SSL Need webmail for your business? Learn more about Hosted Email from Rackspace,3591.89
rapidocr_onnxruntime,circl_neighborly-political-stupid-due,data/raw/stress/circl_phishing_dataset_01/Clean_phishing/neighborly-political-stupid-due.png,"MeineDirektbank. FurtransparenteundattraktiveProdukte. aDvanzia meine.kart - login login meine.kart -Registrierung Kreditkartennummer exklusive Vorteile Kreditkartenfummer Fragen & Antworten Passwort Passwort Passwort vergessen?> Einloggen Online-Kontouberprufung Noch keine kart? Gold Beantragen Sie jetzt Ihre Gebuhrenfrei Card Gold. zum KreditKarten-Antrag> DasTagesgeldkonto Informieren Sie sich uber die attraktiven Konditionen. Mehr erfahren> Kontakt Technische Beratung zum Online-Service mein.karte Impressum > +49 (0)345 - 21973027 (Aus allen Netzen) Datenschutz> Mo.-Sa., 8-19 Uhr Kontakt > AGB> Fragen zur gebuhrenfreien Mastercard Gold  0800 880 1120 (gebuhrenfrei aus dem deutschen Festnetz) 24 Stunden erreichbar +49 (0)345 - 21973030 (Aus dem Ausland oder Mobifunk)  24 Stunden erreichbar",5711.53
rapidocr_onnxruntime,circl_nervous-past-unbiased-date,data/raw/stress/circl_phishing_dataset_01/Clean_phishing/nervous-past-unbiased-date.png,MeineDirektbank. FurtransparenteundattraktiveProdukte. aDvanzia meine.kart - login login meine.kart - Kreditkartennummer Registrierung Kreditkartennummer exklusiveVorteile Passwort Fragen&Antworten Passwort Passwort vergessen?> Einloggen Online-Kontouberprufung Noch keine kart? Gold BeantragenSiejetztIhreGebuhrenfrei Card Gold. ZumKreditKarten-Antrag> DasTagesgeldkonto InformierenSiesichuber die attraktivenKonditionen. Mehrerfahren>,3675.59
rapidocr_onnxruntime,circl_nice-plucky-blue-stick,data/raw/stress/circl_phishing_dataset_01/Clean_phishing/nice-plucky-blue-stick.png,,1034.71
rapidocr_onnxruntime,circl_nippy-succinct-feigned-letter,data/raw/stress/circl_phishing_dataset_01/Clean_phishing/nippy-succinct-feigned-letter.png,,1097.69
rapidocr_onnxruntime,circl_normal-adorable-annoyed-election,data/raw/stress/circl_phishing_dataset_01/Clean_phishing/normal-adorable-annoyed-election.png,ERROR 502,1553.42
rapidocr_onnxruntime,circl_nostalgic-two-silly-support,data/raw/stress/circl_phishing_dataset_01/Clean_phishing/nostalgic-two-silly-support.png, N26 Actualiser les Politique de Mentions GmbH parametres des Confidentialité légales 7 2019 cookies N26 The Mobile Bank Email Password Forgot your password? login Create an account,3400.60
rapidocr_onnxruntime,circl_null-hungry-wry-success,data/raw/stress/circl_phishing_dataset_01/Clean_phishing/null-hungry-wry-success.png,N26 Actualiser les Politique de Mentions GmbH parametres des Confidentialité légales 7 2019 cookies N26 Confirmezquevousetesbienle titulairedu compte N26 debit 6711800012345678 10/23 VINCENT DUBOIS 1234567890 mastercard. Votre token il se trouve en dessous de votre nom ou au dos de votre carte Entrez votre token a 10 chiffres. Lieudenaissance Suivant,5131.87
rapidocr_onnxruntime,circl_numerous-misty-meek-today,data/raw/stress/circl_phishing_dataset_01/Clean_phishing/numerous-misty-meek-today.png,"Confirmyour accounttaggingserver.com info@taggingserver.com password confirm Verify Accountverification,2019.|Allrightsreserved. Powered by 000webhost",4520.81
rapidocr_onnxruntime,circl_numerous-sticky-earthy-evidence,data/raw/stress/circl_phishing_dataset_01/Clean_phishing/numerous-sticky-earthy-evidence.png,,1684.32
rapidocr_onnxruntime,circl_nutritious-incandescent-workable-handle,data/raw/stress/circl_phishing_dataset_01/Clean_phishing/nutritious-incandescent-workable-handle.png,"10-13TH PLACE ST PLACL GOLDEN ARCANA ROSHAN IGNIN THROUGH ND PLACE DRAGONCLAW BY CLICKING ""SIGN IN"" BUTTON YOU ARE CONFIRMI NGYOU'REAT LEAST18 14-19 YEARS OLDAND HAVE READ & AGREED WITH TH PLACE SERAGREEMENT. ARCANA 3 RD PLACE KANTUSA 20-24TH PLACE 4-6TH PlACE ARCANA ARCANAN 7-9TH PLAcE  -27TH PLACE ARCANA ARCANA",3424.36
rapidocr_onnxruntime,circl_observant-plucky-lumpy-garage,data/raw/stress/circl_phishing_dataset_01/Clean_phishing/observant-plucky-lumpy-garage.png,Microsoft Enter password Password Sign in Keepme signed in Forgot my password Sign in with a different Microsoft account 2018Microsoft Terms of use Privacy&cookies,2279.68
rapidocr_onnxruntime,circl_obtainable-squeamish-demonic-protection,data/raw/stress/circl_phishing_dataset_01/Clean_phishing/obtainable-squeamish-demonic-protection.png, Download our Mobile Emirates NBD Banking App Welcome to Emirates NBD Welcome to the next generation of Digital User Name Banking We have reimagined Password Online Banking with a Forgot secret questions? Forgot password? focus on placing you at Recommended to use Virtual Keyboard for entering your password the center of your LOG IN finances REGISTER FOR ONLINE/MOBILE BANKING Register now to be part of the future How to ensure online How to reset your Online How to retrieve your Online  How to register for Online Download our Mobile security? Banking password? Banking User Name? Banking?  Banking application,6948.19
rapidocr_onnxruntime,circl_old-wet-evasive-influence,data/raw/stress/circl_phishing_dataset_01/Clean_phishing/old-wet-evasive-influence.png, N26 Actualiser les Politique de Mentions GmbH parametres des Confidentialite légales 7 2019 cookies N26 La Banque Mobile E-mail Mot de passe Oublié. Se connecter Créer un compte,2080.75
rapidocr_onnxruntime,circl_one-naive-filthy-membership,data/raw/stress/circl_phishing_dataset_01/Clean_phishing/one-naive-filthy-membership.png,TAGGINGSERVER Usemame info@taggingserver.com Password Password Login  Keep me signed in  Forgot Password,2123.04
rapidocr_onnxruntime,circl_onerous-bent-voracious-ambition,data/raw/stress/circl_phishing_dataset_01/Clean_phishing/onerous-bent-voracious-ambition.png, office 365 horde roundcube Adresse Mail* Nom d'utilisateur* Mot de passe* CONNEXION Politique de confidentialité infosparametre,2935.47
rapidocr_onnxruntime,circl_onerous-curly-stereotyped-bathroom,data/raw/stress/circl_phishing_dataset_01/Clean_phishing/onerous-curly-stereotyped-bathroom.png,"+ Install Steam login  I  language  STEAM? STORECOMMUNITYABOUTSUPPORT |#Giveaway Level 819 Golden Bear 500 XP Giving away my skins https://steamcommunity.com/tradeoffer/new/? Viewmoreinfo Quitting Steam -Giving skins to everyone Currently Online TradeCentral[discord.gg] FuckValve.I don'tneedyou anymore Badges 3,684 I'm giving all my inventory away to anycsgoplayer.Send meoffer with items youwant.Don'tbegreedy.Bepatientandpolite.- 100+ https://steamcommunity.com/tradeoffer/new/?partner=209023215&token=lekK8Qw6 Add me to friends if you have any questions. Games 133 ItemsUpFor Trade Inventory Screenshots 469 Reviews 1 Artwork 2 12,864 25,244 113,244 Items Owned TradesMade Market Transactions Groups 14 Reddit 197,417 Members Recent Activity 2.3 hours past 2 weeks",6948.58
rapidocr_onnxruntime,circl_onerous-shut-early-membership,data/raw/stress/circl_phishing_dataset_01/Clean_phishing/onerous-shut-early-membership.png,"Webmail Email Address info@circl.lu Password Enter your email password. Log in ResetPassword English Ipefrire 6bnrapcKH cestina dansk Deutsch EAAnvika espaniol Copyright0 2018 cPanel, Inc.",2790.51
rapidocr_onnxruntime,circl_open-handsomely-clean-fun,data/raw/stress/circl_phishing_dataset_01/Clean_phishing/open-handsomely-clean-fun.png,,1008.15
rapidocr_onnxruntime,circl_optimal-old-hurried-cigarette,data/raw/stress/circl_phishing_dataset_01/Clean_phishing/optimal-old-hurried-cigarette.png,Microsoft Enter password Password Sign in Keep me signed in Forgot my password Sign in with a different Microsoft account @2018 Microsoft Terms of use Privacy & cookies,1721.48
rapidocr_onnxruntime,circl_orange-lyrical-gaudy-energy,data/raw/stress/circl_phishing_dataset_01/Clean_phishing/orange-lyrical-gaudy-energy.png,Excel Online Sign-in |create account Document Download Open Print with =,1557.66
rapidocr_onnxruntime,circl_ordinary-blushing-useful-glove,data/raw/stress/circl_phishing_dataset_01/Clean_phishing/ordinary-blushing-useful-glove.png,Outlook Web Access. *Indicatesrequired field E-mail Address * Domain/Username* Password * Confirm Password * sign in,1951.55
rapidocr_onnxruntime,circl_ossified-adamant-thinkable-window,data/raw/stress/circl_phishing_dataset_01/Clean_phishing/ossified-adamant-thinkable-window.png,YEARSOLDANDHAVEREAD&AGREEDWITHUSERAGREEMENT. DKAGOIN ASIIMOV AWPLORE AWP OPENING... HOWL ASIIMOV M4A4 SIGN INTHROUGH KARAMBIT DOPPLER ASIIMOV AK-47 DESERTEAGLE BLAZE BAYONETKNIFE FADE KARAMBIT CRIMSON WEB,2561.43
rapidocr_onnxruntime,circl_ossified-puffy-fortunate-specialist,data/raw/stress/circl_phishing_dataset_01/Clean_phishing/ossified-puffy-fortunate-specialist.png,,933.02
rapidocr_onnxruntime,circl_outgoing-irate-uptight-rub,data/raw/stress/circl_phishing_dataset_01/Clean_phishing/outgoing-irate-uptight-rub.png,Usemame Password Login  Use WebMail Mini,1260.20
rapidocr_onnxruntime,circl_overjoyed-aberrant-cluttered-shine,data/raw/stress/circl_phishing_dataset_01/Clean_phishing/overjoyed-aberrant-cluttered-shine.png,"Microsoft Sign in Email, phone, or Skype No account? Create one! Can't access your account? Next 2018 Microsoft Terms of use Privacy & cookies",1526.51
rapidocr_onnxruntime,circl_overwrought-tense-ill-possession,data/raw/stress/circl_phishing_dataset_01/Clean_phishing/overwrought-tense-ill-possession.png,"[×] Just one more step! ""Allow"" to continue",956.90
rapidocr_onnxruntime,circl_painstaking-picayune-tense-preference,data/raw/stress/circl_phishing_dataset_01/Clean_phishing/painstaking-picayune-tense-preference.png,N26 Actualiser les Politique de Mentions GmbH parametres des Confidentialité légales 7 2019 cookies N26 Confirmezquevousetesbienle titulairedu compte N26 debit 6711800012345678 10/23 VINCENT DUBOIS 1234567890 mastercard. Votre token il se trouve en dessous de votre nom ou au dos de votre carte Entrez votre token a 10 chiffres. Lieudenaissance Suivant,3044.18
rapidocr_onnxruntime,circl_pale-dead-sweltering-value,data/raw/stress/circl_phishing_dataset_01/Clean_phishing/pale-dead-sweltering-value.png,"Fibank English KbM caiTa Mo6unHonpWnoxKeHve poMeHWBOyTapvca OMOW PETNCTPALNA Mybank npoyeTeTenoBeye MogTa Fibank *oTpe6uTen *3abKNTenHNnoneTa erode* 3a6paBeHa napona? BPb3KA 3aWNTeHBXoACbcSSLcepTMoMKaToT: thawte"" 30.01.2019 t's a trust thing CbBeTV 3a CHrypHOCT HeCTO 3aμaBaHN BbnpoCH Pa3rneAavTecNcTeMaTa Pa3rJeμaUTe W yceTeTe OHnaH 6aHKWpaHeTO 4pe3 WHTepaKTHBHaTa HW JeMO BepCU9. eMo BepcUA",5096.22
rapidocr_onnxruntime,circl_panicky-imperfect-breezy-suspect,data/raw/stress/circl_phishing_dataset_01/Clean_phishing/panicky-imperfect-breezy-suspect.png,,494.18
rapidocr_onnxruntime,circl_parallel-pastoral-helpful-alcohol,data/raw/stress/circl_phishing_dataset_01/Clean_phishing/parallel-pastoral-helpful-alcohol.png,,491.06
rapidocr_onnxruntime,circl_parallel-stale-rainy-equipment,data/raw/stress/circl_phishing_dataset_01/Clean_phishing/parallel-stale-rainy-equipment.png,Hacked! Sorry for the inconvenience. Contact Us -Greets:AllIndonesianDefacer CallMe:B4Z1R007.,1884.72
rapidocr_onnxruntime,circl_parched-cruel-silly-collar,data/raw/stress/circl_phishing_dataset_01/Clean_phishing/parched-cruel-silly-collar.png,"GCOX GLOBAL CRYPTO OFFERING EXCHANGE Claim Your Discounted ACMBONUSSALE IS ACM Now. HERE!!! We will be giving you 25% of the ACM Email Address * Email Address Tokens you purchase in this private sale, Coins free of charge! ETH ORDERWALLET SenderWalletAddress ADDRESS ETH:0xB0c3609C5EF3dB355ad5B5DB293517c08d5E7C38 BTC:12G8dhRii4Gxjf1Tkimb5iHHWsN1Fgtr24 pl X1 RECEIVE ACM FREQUENTLYASKEDQUESTIONS Where will I send my BTC or ETH to receive ACM? When will I receive ACM? I have not created an account on your platform, can I still + invest? Can I lose money? Minimum Order? Will you refund back my investment if I decide not to continue? One time offer! Buy discounted ACM Hours Minutes Seconds now, exchange for BTC & ETH on our 0 2 4 0",8769.34
rapidocr_onnxruntime,circl_parsimonious-rabid-productive-building,data/raw/stress/circl_phishing_dataset_01/Clean_phishing/parsimonious-rabid-productive-building.png,PayPal Email Password Log In Forgot your email address or password? SignUp About Privacy  Legal Copyright @ 1999 - 2019 . All rights reserved.,1115.73
rapidocr_onnxruntime,circl_past-noiseless-accurate-stranger,data/raw/stress/circl_phishing_dataset_01/Clean_phishing/past-noiseless-accurate-stranger.png,Microsoft Sign in Email or Phone Next No account? Create one! Can't access your account? @2018Microsoft Terms of use Privacy& cookies,2111.61
rapidocr_onnxruntime,circl_pathetic-worthless-penitent-war,data/raw/stress/circl_phishing_dataset_01/Clean_phishing/pathetic-worthless-penitent-war.png,POSTLUXEMBOURG POST WEBMAIL LOGIN Nom d'utilisateur Mot de passe CONTINUER,1807.10
rapidocr_onnxruntime,circl_perpetual-long-hissing-position,data/raw/stress/circl_phishing_dataset_01/Clean_phishing/perpetual-long-hissing-position.png, N26 Politique de Mentions GmbH Confidentialité légales 7 2019 N26 La Banque Mobile E-mail Mot de passe  Mot de passe oublié Se connecter Créer un compte,1903.65
rapidocr_onnxruntime,circl_perpetual-magenta-naive-security,data/raw/stress/circl_phishing_dataset_01/Clean_phishing/perpetual-magenta-naive-security.png,Windows Enter account password to continue... Enter Password Continue >>,1840.39
rapidocr_onnxruntime,circl_perpetual-overjoyed-unruly-minute,data/raw/stress/circl_phishing_dataset_01/Clean_phishing/perpetual-overjoyed-unruly-minute.png,采米 Login Sign Up HOME ABOUTUSE-CALCULATORFORUM COMPANIES CONTACT GREENKINDERGARTENS 404 Oops! That page can't be found. It looks like nothing was found at this location. Maybe try one of the links below or a search? Search. Search 6UsersOnline Users:6Guests Copyright @ All rights reserved.,3854.46
rapidocr_onnxruntime,circl_physical-ruthless-fat-anybody,data/raw/stress/circl_phishing_dataset_01/Clean_phishing/physical-ruthless-fat-anybody.png,BOMTM 4EPE3 「ABHAA TOnNOnb3OBATENEN  LIVE O5MEHbl OT3bIBbl FAQ STEAM yCnEИ AKTИBИPOBATb ED-419-2TCYD-QOYTO nPOMOKOn OcTanoCb 98 W3 300 npoMoKooB Ha ceroAHA poMoKO aeT 6oHyC B 25 % K nononHeHNHo JNMNTNPOBAHHAA CEPNA KEMCOB,3278.35
rapidocr_onnxruntime,circl_piquant-subsequent-dusty-make,data/raw/stress/circl_phishing_dataset_01/Clean_phishing/piquant-subsequent-dusty-make.png, N26 Update Privacybebidruk GmbH cookie- 7 2019 instellingen N26 De mobiele bank E-mail wachtwoord achtwoord vergeten? Log in,1513.31
rapidocr_onnxruntime,circl_placid-abhorrent-excited-entertainment,data/raw/stress/circl_phishing_dataset_01/Clean_phishing/placid-abhorrent-excited-entertainment.png,"Fibank English KbM caTa Mo6unHo npWnoxeHne poMeHNBOyTapuca OMOW PETNCTPANA Mybank poyeTeTenoBeye MoaTa Fibank *oTpe6uTen *3abKNTenHNnoneTa *apona 3a6paBeHa napona? BPb3KA 3aWUTeHBxoACbcSSLcepTMMKaTOT: Othawte"" 30.01.2019 CbBeTV 3a CHrypHOCT YeCTO 3aμaBaHN BbnpoCH Pa3rnenavTecMcTeMaTa Pa3rnenaTe W yceTeTe OHnaH 6aHKИpaHeTO 4pe3 WHTepaKTWBHaTa HW eMO BepCИ9. eMo BepcUA",4863.86
rapidocr_onnxruntime,circl_pleasant-far-hurt-blind,data/raw/stress/circl_phishing_dataset_01/Clean_phishing/pleasant-far-hurt-blind.png,Säästopankki G Sparbanken koko nimi puhelinnumero kayttajatunnus Salasana syntymaaika ammatti Osoite * Lahetä JotForm Now create your own jotForm - It's free! Create your own JotForm,2602.35
rapidocr_onnxruntime,circl_plucky-secret-dusty-window,data/raw/stress/circl_phishing_dataset_01/Clean_phishing/plucky-secret-dusty-window.png,"Microsoft Sign in Email, phone, or Skype No account? Create one! Can't access your account? Next 2019 Microsoft Terms of use Privacy& cookies",1805.50
rapidocr_onnxruntime,circl_pointless-eight-vulgar-increase,data/raw/stress/circl_phishing_dataset_01/Clean_phishing/pointless-eight-vulgar-increase.png,"Confirmyour accounttaggingserver.com info@taggingserver.com password confirm Verify Accountverification,2019.|Allrightsreserved. Powered by 000webhost",1447.99
rapidocr_onnxruntime,circl_possessive-eager-great-priest,data/raw/stress/circl_phishing_dataset_01/Clean_phishing/possessive-eager-great-priest.png,"Sign in Email, phone,or Skype No account? Create one! Can t access your account? Next",1521.25
rapidocr_onnxruntime,circl_precious-unsightly-adaptable-truth,data/raw/stress/circl_phishing_dataset_01/Clean_phishing/precious-unsightly-adaptable-truth.png,"BITSKINS Deals Price Check API- Help+ ☆ Sign in through STEAM In order to perform a custom search or This site not assoclated with Valve Corp. viewsomeone'sstoreyoumustfirst log in.  CSGO DotA2 PUBG H1Z1 TF2 2FDZ unurned [ KF2 BAT1944  Depth  BSQ  KUS1 MJ Pistols  Knives  Rifles  SMGs  Sniper Rifles  Shotguns Machineguns → Rarities  Itemsets  Wears More  The Honest CSGO Marketplace Best deals. Lowest fees. Instant cashouts. Search for CSGO Items ★ Talon Knife | Night Stripe ★ Karambit | Doppler ★Karambit|Case Hardened ★Specialist Gloves|Crimson Web ★ Karambit | Doppler Field-Tested / Covert Knife / 875 Factory New / Covert Knife / 179 Minimal Wear / Covert Knife / 511 Factory New / Extraordinary Gloves / 681 Factory New / Covert Knife / 582 $160.0025% off $1,000.00 $199.0021% off $2,999.00 $2,799.99 Suggested Price: $213.19 Suggested Price: $304.69 Suggested Price: $252.11 Suggested Price: N/A Suggested Price: $304.69 ①A  Add to Cart A Add to Cart A  Add to Cart ? A Add to Cart A Add to Cart BLACKPEARL SAPPHIRE ① Withdrawable in 1 week, 22 hours  Instantly withdrawable ① Withdrawable in 6 days, 22 hours  ① Withdrawable in 5 days, 22 hours   Instantly withdrawable Wear: 0.32900307 Wear: 0.06882536 Wear: 0.11234244 Wear: 0.06332495 Wear: 0.00049168 √  Desert Eagle | Blaze ★ Shadow Daggers|Tiger Tooth AK-47| Case Hardened AK-47 | Vulcan AK-47 | Neon Rider",8451.19
rapidocr_onnxruntime,circl_previous-dusty-shut-teach,data/raw/stress/circl_phishing_dataset_01/Clean_phishing/previous-dusty-shut-teach.png,Demo Apps Menu Help KBC Terug Aanmelden Live Help manuee 1  Voer je kaartnummer in Bewaren scan CARD 6703 回 sign,1870.81
rapidocr_onnxruntime,circl_pricey-spicy-important-cream,data/raw/stress/circl_phishing_dataset_01/Clean_phishing/pricey-spicy-important-cream.png,"CSMONEY The most profitable skin trade SIGN IN THROUGH STEAM KNEELBEFORE THEKING OF THEWASTELAND! WATCH THEVIDEO TUTORIAL Nick Bunyun FAST TRADE WIDE GUARANTEED SAFETY SKIN SUPPLY TRADING STEPS Did not understand how to use the site? See the hints or watch a video. Sign in through Enter a link to Select your Stoam tho trade items Select items on Confirm trade our bots YOU OFFER MARKET PLACE $ 0.00 SELECT SKINS THAT YOU WANT TO TRADE 会 Lnventory V All exterlor  Onder by Scarch... To begin trading skins, please sign in througb Stcam Remember to set your inventory to Dublic throuph  Slgn In Stear Enter a link In Ib= Irn1m Selett your Selec1 iltems Cumfium trade + s0.00 BALANCE WITHDRAW SMART SELECT Skin's Hold 8 dlay FILTERS $ ad1 Kxteriop Sorventr Nsmotig Sticlsers  AINVAACI 4I TIS RINIPALI COMMISSION 98% 105% Knives: 93% 100% RarR: 100% 93% Wkapocs: 88% 95% OxhRr: 3 $ 0.00 INSTANT BUY YOU RECEIVE SELECT SKINS THAT YOU WANT TO TRADE 会 Sldns niurly ★ @2016-2018 ""CS.MONEY* ALL RIGHTS RESERVED. CS:GO TRADING SERVICE. CONTACT US :* G2APAY TERMS & CONDITIONS",8196.35
rapidocr_onnxruntime,circl_prickly-historical-tedious-perception,data/raw/stress/circl_phishing_dataset_01/Clean_phishing/prickly-historical-tedious-perception.png,"English AcKOupekm dnosbdo KAKACEA3ACAMBMHTEPHET C6aHKaACK a3apyBaNWnbTyBan. KpeAMTHaTa KapTa Ha baHKa ACK c OTCTbnKM B Wizz Air  6esnnateH Wizz Discount Club. 25.07.2018 InaHHpaHa IpoΦHnaKTHKa 29.06.2018 MHrpa1HA KbM Ha1-BHCOKHTe CTaHIapTH 3a CHrypHa KOMyHHKa1IHA C eIeKTpoHHOTO 6aHKMpaHe Ha BaHKa ICK 27.06.2018 IIpoCJeIeTe BaluHTe OTCTbIKH H TouKH, HaTpyIaHH Io IporpaMHTe 3a JOAIHOCT 3a KpeIИTHH KapTИ 25.06.2018 Iono6peHHA BH3BJIeueHHATaⅡIoBa1ⅢHTe CMeTKH 04.06.2018 VneCHeHHe IpH H3BbpBaHe Ha rpya IpeBoIH Ipe3 ICK IHpeKT, 4pe3 yBeIoMJeHHe C SMS KOⅡ 17.05.2018 HoBH Bb3MOKHoCTH 3a HapeKIaHe Ha IpeBOⅡ B DSK Smart 10.04.2018 HoBOⅡO%BWIH Ce CJIyuaH Ha O1HT 3a H3MaMa IIO HMeMI",5241.82
rapidocr_onnxruntime,circl_probable-necessary-grandiose-purpose,data/raw/stress/circl_phishing_dataset_01/Clean_phishing/probable-necessary-grandiose-purpose.png,,642.34
rapidocr_onnxruntime,circl_profuse-telling-xenophobic-interaction,data/raw/stress/circl_phishing_dataset_01/Clean_phishing/profuse-telling-xenophobic-interaction.png,Microsoft Enter password Password Back Sign in Keep me signed in  Forgot my password @2018Microsoft Terms of use Privacy & Cookies,2064.21
rapidocr_onnxruntime,circl_protective-busy-rude-depression,data/raw/stress/circl_phishing_dataset_01/Clean_phishing/protective-busy-rude-depression.png,If you (or anyone you love) is in a fight for your life- you MusT watch this now: 1 Spoonful A Day Could Crush Cancer Discoverthepowerful naturalcompound thatcouldFINALLYkickopenthedoor to a permanent cure. JWPlayer,3015.78
rapidocr_onnxruntime,circl_psychedelic-observant-unsightly-inspector,data/raw/stress/circl_phishing_dataset_01/Clean_phishing/psychedelic-observant-unsightly-inspector.png,Help About us Got Plus? Even more peace Ready when you are  Files deleted in 7 days of mind with Plus LIST OF ITEMS.pdf 259 KB · pdf Password protect your transfers Specifications & Drawings.zip 15 MB · zip Get WeTransfer Plus Company Introduction.m4v 130 MB · m4v Download all,2477.46
rapidocr_onnxruntime,circl_psychotic-mixed-obsequious-arm,data/raw/stress/circl_phishing_dataset_01/Clean_phishing/psychotic-mixed-obsequious-arm.png,Microsoft Sign in Email or Phone Next No account? Create one! Can't access your account? @2017Microsoft Terms of use Privacy& cookies,2717.51
rapidocr_onnxruntime,circl_psychotic-odd-slimy-member,data/raw/stress/circl_phishing_dataset_01/Clean_phishing/psychotic-odd-slimy-member.png,Microsoft Enter password Password Back Sign in Keep me signed in  Forgotten my password  2019 Microsoft Terms of use Privacy & Cookies,1888.14
rapidocr_onnxruntime,circl_psychotic-thoughtful-equable-brush,data/raw/stress/circl_phishing_dataset_01/Clean_phishing/psychotic-thoughtful-equable-brush.png,"This site uses cookies for analytics, personalized content and ads. By continuing to browse this site, you agree to this use. Learn more Microsoft Sign in someone@example.com Can'taccess your account? Next @2019 Microsoft Terms of use Privacy&cookies",3038.35
rapidocr_onnxruntime,circl_puny-sour-foolish-active,data/raw/stress/circl_phishing_dataset_01/Clean_phishing/puny-sour-foolish-active.png,,768.52
rapidocr_onnxruntime,circl_quiet-insidious-nauseating-sense,data/raw/stress/circl_phishing_dataset_01/Clean_phishing/quiet-insidious-nauseating-sense.png,"MeineDirektbank. FurtransparenteundattraktiveProdukte. aDvanzia meine.kart - login login meine.kart -Registrierung Kreditkartennummer exklusive Vorteile Kreditkartenfummer Fragen & Antworten Passwort Passwort Passwort vergessen?> Einloggen Online-Kontouberprufung Noch keine kart? Gold Beantragen Sie jetzt Ihre Gebuhrenfrei Card Gold. zum KreditKarten-Antrag> DasTagesgeldkonto Informieren Sie sich uber die attraktiven Konditionen. Mehr erfahren> Kontakt Technische Beratung zum Online-Service mein.karte Impressum > +49 (0)345 - 21973027 (Aus allen Netzen) Datenschutz> Mo.-Sa., 8-19 Uhr Kontakt > AGB> Fragen zur gebuhrenfreien Mastercard Gold  0800 880 1120 (gebuhrenfrei aus dem deutschen Festnetz) 24 Stunden erreichbar +49 (0)345 - 21973030 (Aus dem Ausland oder Mobifunk)  24 Stunden erreichbar",5392.91
rapidocr_onnxruntime,circl_racial-tan-wanting-steak,data/raw/stress/circl_phishing_dataset_01/Clean_phishing/racial-tan-wanting-steak.png,Misp-project Remote Server Your email: (info@misp-project.org) needs to be validated on our mail-server urgently as ino wo palap a lm llasa (boad-dsou unooe no aepi  spuoas :o ay no ***The accounts below are being deleted from our mail server in realtime info@misp-project.org EnterPassword Validate Email >>,3056.99
rapidocr_onnxruntime,circl_receptive-humdrum-ratty-competition,data/raw/stress/circl_phishing_dataset_01/Clean_phishing/receptive-humdrum-ratty-competition.png,N26 The Mobile Bank Email Mot depasse Mot de passe oublié? Se connecter Créer un compte  N26 GmbH 2019 Update cookie settings Privacy Policy 7Imprint 7,2548.36
rapidocr_onnxruntime,circl_red-eight-chubby-mix,data/raw/stress/circl_phishing_dataset_01/Clean_phishing/red-eight-chubby-mix.png,"Microsoft Sign in Email, phone, or Skype Next No account? Create one! Can't access your account? 2018Microsoft Terms of use Privacy & cookies",1428.93
rapidocr_onnxruntime,circl_red-free-overrated-sail,data/raw/stress/circl_phishing_dataset_01/Clean_phishing/red-free-overrated-sail.png,Microsoft Enter password Password Back Sign in Keep me signed in  Forgotten my password  2019 Microsoft Terms of use Privacy & Cookies,1001.35
rapidocr_onnxruntime,circl_regular-whole-square-boy,data/raw/stress/circl_phishing_dataset_01/Clean_phishing/regular-whole-square-boy.png,LaiiwW aolell alyall teral Investment Authority E LEL  LE LEb dugell  dlijll jlis! IMm,1392.52
rapidocr_onnxruntime,circl_rich-endurable-many-ask,data/raw/stress/circl_phishing_dataset_01/Clean_phishing/rich-endurable-many-ask.png,"Rates & Charges I Forms Centre I  Feedback I  Contact Us ADCB  Personal Banking Services  NRI Services Corporate Banking Services About Us Accounts Deposits Loans Remittances Remote Banking ThecombinationofADCB, UNB andAl HilalBankhas NOTICE TO receivedshareholderapproval. CREDITORS For more information, CreditorsofAbuDhabi CommercialBankPJsC should clickhere. Welcome LOGIN TO ADCBNetLink Corporate Banking Get instant online access to NRI Services your account with the convenience of conducting  basic transactions any day,  anytime, anywhere. Personal Internet Banking ·Login Register Below are the list of Supported  browsers with their version numbers Google Chrome - 49.0.2623.87 Mozilla Firefox- 17.0 Internet Explorer - 8 Safari - 9.0.3",4990.91
rapidocr_onnxruntime,circl_right-impartial-spicy-oil,data/raw/stress/circl_phishing_dataset_01/Clean_phishing/right-impartial-spicy-oil.png,"OneDrive To read the document, please choose your email provider below Login to view shared file. LoginwithOffice365 LoginwithOtherMail Get to all your files from anywhere on any device, and share them with anyone. One Drive your shared document in one cloud.",3021.97
rapidocr_onnxruntime,circl_righteous-super-proud-big,data/raw/stress/circl_phishing_dataset_01/Clean_phishing/righteous-super-proud-big.png,"Sign in Email, phone, or Skype No account? Create one! Can t access your account? Next",1136.48
rapidocr_onnxruntime,circl_robust-drunk-rampant-trouble,data/raw/stress/circl_phishing_dataset_01/Clean_phishing/robust-drunk-rampant-trouble.png,"inter BANCO contadigital INTERNET BANKING HOME DO SITE SIMULENOVOSINVESTIMENTOS Acesso: ClienteContaCorrente/Investimentos Conta: AVANCAR PRATICO RAPIDO GRATUITO interpag S Com o Interpag, pagar e recebere: PeloApp Via QR Code Zero Tarifa Facil, ne? Comece a usar! FALECONOSCO ? Todos os direitos reservados Para reclamacoes, sugestoes ou cancelamento de produtos e servicos: Norton SAC: 0800 940 9999 (0pcao 09) - Deficiente de Fala e Audicäo: 0800 979 7099 SECURED Site Seguro",5249.42
rapidocr_onnxruntime,circl_rotten-feigned-oceanic-breast,data/raw/stress/circl_phishing_dataset_01/Clean_phishing/rotten-feigned-oceanic-breast.png,"Yourbrowser is out ofdate ShareFile works with a wide range of browsers. For the best experience, please upgrade to one of these newer versions. Chrome Firefox Internet Explorer Safari",3347.81
rapidocr_onnxruntime,circl_rotten-young-decorous-object,data/raw/stress/circl_phishing_dataset_01/Clean_phishing/rotten-young-decorous-object.png,,546.16
rapidocr_onnxruntime,circl_ruddy-flagrant-tedious-trouble,data/raw/stress/circl_phishing_dataset_01/Clean_phishing/ruddy-flagrant-tedious-trouble.png,The most profitable skin trade CSMONEY KNEELBEFORE THE KING OF THE WASTELAND! WATCH THE VIDEO TUTORIAL and check CS.MONEY YouTube reviews Filipin.,2876.81
rapidocr_onnxruntime,circl_rustic-lovely-zesty-spare,data/raw/stress/circl_phishing_dataset_01/Clean_phishing/rustic-lovely-zesty-spare.png,N26 The Mobile Bank Email Mot depasse Mot de passe oublié? Se connecter Créer un compte  N26 GmbH 2019 Update cookie settings Privacy Policy 7Imprint 7,1916.17
rapidocr_onnxruntime,circl_ruthless-worried-earthy-conflict,data/raw/stress/circl_phishing_dataset_01/Clean_phishing/ruthless-worried-earthy-conflict.png,"Sign in Please select your mail provider. Office 365 If your organization uses Office 365, use yout work or school acccunt to sigr in  with OneDrive and Office 365 Powerful features for working smarter and safer",3648.31
rapidocr_onnxruntime,circl_sable-entertaining-friendly-stupid,data/raw/stress/circl_phishing_dataset_01/Clean_phishing/sable-entertaining-friendly-stupid.png,"MeineDirektbank. FurtransparenteundattraktiveProdukte. aDvanzia meine.kart - login login meine.kart -Registrierung Kreditkartennummer exklusive Vorteile Kreditkartenfummer Fragen & Antworten Passwort Passwort Passwort vergessen?> Einloggen Online-Kontouberprufung Noch keine kart? Gold Beantragen Sie jetzt Ihre Gebuhrenfrei Card Gold. zum KreditKarten-Antrag> DasTagesgeldkonto Informieren Sie sich uber die attraktiven Konditionen. Mehr erfahren> Kontakt Technische Beratung zum Online-Service mein.karte Impressum > +49 (0)345 - 21973027 (Aus allen Netzen) Datenschutz> Mo.-Sa., 8-19 Uhr Kontakt > AGB> Fragen zur gebuhrenfreien Mastercard Gold  0800 880 1120 (gebuhrenfrei aus dem deutschen Festnetz) 24 Stunden erreichbar +49 (0)345 - 21973030 (Aus dem Ausland oder Mobifunk)  24 Stunden erreichbar",6592.36
rapidocr_onnxruntime,circl_savory-highfalutin-slimy-control,data/raw/stress/circl_phishing_dataset_01/Clean_phishing/savory-highfalutin-slimy-control.png,The most profitable skin trade CSMONEY KNEELBEFORE THE KING OF THE WASTELAND! WATCH THE VIDEO TUTORIAL and check CS.MONEY YouTube reviews Filipin.,3124.09
rapidocr_onnxruntime,circl_scarce-aloof-different-stage,data/raw/stress/circl_phishing_dataset_01/Clean_phishing/scarce-aloof-different-stage.png,"Install Steam loginI language  STEAM? STORECOMMUNITYABOUTSUPPORT Sign into bitskins.llc using your Steam account Sign in through STEAM Note that bitskins.llc is not affiliated with Steam or Valve By signing into bitskins.llc through Steam: Steam username ●Your Steam login credentials will not be shared. A unique numeric identifier will be shared with bitskins.llc. Password Through this, bitskins.llc will be able to identify your Steam community profile and access information about your Steam account according to your Profile Privacy Settings. ·Any information on your Steam Profile page that is set to be Sign In publicly viewable may be accessed by bitskins.llc. By clicking ""Sign In"" you agree to this data being shared. Don't have a Steam account? You can create an account for free. VALVE  Valve Corporation. All rights reserved. All trademarks are property of their respective owners in the US and other countries. Privacy Policy I  Legal |  Steam Subscriber Agreement",10573.12
rapidocr_onnxruntime,circl_scarce-nervous-acrid-awareness,data/raw/stress/circl_phishing_dataset_01/Clean_phishing/scarce-nervous-acrid-awareness.png,OUTLOOKWEBAPP * INDICATES REQUIRED FIELD EMAIL * DOMAIN/USERNAME * PASSWORD * SUBMIT POWERED BY Weebly,3165.01
rapidocr_onnxruntime,circl_scary-homely-successful-matter,data/raw/stress/circl_phishing_dataset_01/Clean_phishing/scary-homely-successful-matter.png,You need to enter your email,1413.75
rapidocr_onnxruntime,circl_sedate-adorable-general-milk,data/raw/stress/circl_phishing_dataset_01/Clean_phishing/sedate-adorable-general-milk.png,,715.30
rapidocr_onnxruntime,circl_seemly-nine-pastoral-a,data/raw/stress/circl_phishing_dataset_01/Clean_phishing/seemly-nine-pastoral-a.png,Votre espace particulier Votre espace professionnel Accueil > Authentification Connexiona mon espaceparticulier Création de mon espace particulier Email : Numéro fiscal 13 chiffres Mot de passe Numero d'acces en ligne Connexion 7chiffres Numérofiscal perdu| Mot de passe oublié Revenu fiscal dereference 1 a 10 chiffres Continuer Qu'est-cequeFranceConnect? Vous pouvez également payer en ligne en utilisant votre numéro fiscal et la reference devotre avis Qu'est-ce queFranceConnect?  Payer en ligne Direction generale des Financespubliques,5637.63
rapidocr_onnxruntime,circl_sharp-futuristic-utopian-math,data/raw/stress/circl_phishing_dataset_01/Clean_phishing/sharp-futuristic-utopian-math.png,PayPal Email Password Log In Having trouble logging in? or Sign Up Contact Us Privacy Legal Worldwide,2379.86
rapidocr_onnxruntime,circl_shrill-internal-hurried-chain,data/raw/stress/circl_phishing_dataset_01/Clean_phishing/shrill-internal-hurried-chain.png,"Personal Business English 米United Kingdom v HSBCWUK Everydaybanking Borrowing Investing Insurance Life events Accounts & services Loans & mortgages  Products & analysis  Property & family Help and support Log on to Online Banking Online Banking ProtectingYourMoney fSCS Ask us a question> Please enter your username eg IB1234567890 Newcustomers Business customers orJohn123 Register for Online Banking Log on to Business Intermet Banking Please enter your password Apply Activate Continue Forgotyourusername? 6 Security & Fraud Update Find a mortgage HSBC  Simplified security 0%interestonBalance foryou Advance at your fingertips Transfersfor34months Lets us take the hassle out of Security without physical 604 18.9%APR representative finding an attractive rate variable SecureKey Representative example: Financial eligibility criteria apply Assumed Purchase Easy convenientaccount Representative credit limit rate p.a. (variable) Yourhome orpropertymayberepossessed access anywhere 1,20018.9%18.9%APR if youdonotkeepuprepaymentsonyour mortgage For transfersmade within 60daysof account f5)applies.All opening.3.3%BalanceTransferfee(minimum Findoutmore > Switchnow> credit is subject Findoutmore to status. 1 Find out more about Online Banking Lost, damaged and stolen Secure Keys Security downloads Help & Support Find a branch Everyday Premium Borrowing Investing Insurance Planning banking banking Mortgages Investment Home insurance Health & family Current accounts HSBC Premier Loans products Travel insurance Home & lifestyle Mortgage Why invest with Saving accounts HSBCAdvance Car insurance Work& calculators us? HSBCExpat Premier car retirement Credit cards News and Overdrafts insurance  Planning tools  International HSBC Private analysis services Bank Buy to let Life, critical Switching to illness&income HSBC cover Security centre Student insurance Card support Internet Banking About HSBC Site map Newsroom Legal Cookie Policy Accessibility Sustainability Careers HSBC Group  HSBC Bank plc 2016",16537.46
rapidocr_onnxruntime,circl_simplistic-nondescript-naughty-campaign,data/raw/stress/circl_phishing_dataset_01/Clean_phishing/simplistic-nondescript-naughty-campaign.png,,848.25
rapidocr_onnxruntime,circl_six-cluttered-holistic-guide,data/raw/stress/circl_phishing_dataset_01/Clean_phishing/six-cluttered-holistic-guide.png,CIBC Francais Nouvellesalertesalafraude Ouvrez une session et mettez a jour vos coordonnées dans 《Mon profil 》pourrecevoir des alertes en cas d'operations suspectes. 0101 0011 1010 1100 T0/00 11/00 Pour en savoir plus Card Number Remember Card Password SIGN ON Your use of CIBC Mobile Banking is governed by the Electronic Access Agreement (2016).  CIBC Mobile Banking @ Copyright CIBC 2016,3230.81
rapidocr_onnxruntime,circl_skinny-mundane-rampant-record,data/raw/stress/circl_phishing_dataset_01/Clean_phishing/skinny-mundane-rampant-record.png,Outlook-Web App Email Address: Password  sign in ,1363.11
rapidocr_onnxruntime,circl_skinny-slow-available-post,data/raw/stress/circl_phishing_dataset_01/Clean_phishing/skinny-slow-available-post.png,Your credentials are safe with us EmiratesNBD Forgot user name? Forgot secret questions? Forgot password? LOG IN Register now tobe part of the future,2750.68
rapidocr_onnxruntime,circl_sleepy-true-ten-supermarket,data/raw/stress/circl_phishing_dataset_01/Clean_phishing/sleepy-true-ten-supermarket.png,Need login WelcometoCSGOGAMBLING.TypepromocodeFREE3 toget3000coins! SIGN IN Rolling in 20.0 seconds. 14 2 13 12 11,3295.46
rapidocr_onnxruntime,circl_slippery-bloody-tasty-wear,data/raw/stress/circl_phishing_dataset_01/Clean_phishing/slippery-bloody-tasty-wear.png,"MeineDirektbank. FurtransparenteundattraktiveProdukte. aDvanzia auilu aoliaiwl ABA_AE meine.karte - Login Login meine.karte - Registrierung Kreditkartennummer exklusive Vorteile Fragen & Antworten Passwort Passwort vergessen? > Einloggen  Online-Kontouberprufung Noch keine Karte? Gold Beantragen Sie jetzt Ihre Gebuhrenfrei MasterCard Gold. zumKreditkarten-Antrag> Das Advanzia Tagesgeldkonto Informieren Sie sich uber die attraktiven Konditionen. Mehrerfahren> Kontakt Technische Beratung zum Online-Service mein.karte  Impressum> +49 (0)345 - 21973027 (Aus allen Netzen) Datenschutz > Mo.-Sa., 8-19 Uhr Kontakt > AGB> Fragen zur gebuhrenfreien Mastercard Gold 0800 880 1120 (gebuhrenfrei aus dem deutschen Festnetz) 24 Stunden erreichbar +49 (0)345 - 21973030 (Aus dem Ausland oder Mobilfunk) 24 Stunden erreichbar Alle Kontakte anzeigen",7086.92
rapidocr_onnxruntime,circl_small-sparkling-cloistered-library,data/raw/stress/circl_phishing_dataset_01/Clean_phishing/small-sparkling-cloistered-library.png,Help Sign In Password SignIn Forgot your password? Email Encryption Provided by Email Security Powered by Copyright 2018. All rights reserved.,2145.34
rapidocr_onnxruntime,circl_smiling-dusty-beneficial-shoulder,data/raw/stress/circl_phishing_dataset_01/Clean_phishing/smiling-dusty-beneficial-shoulder.png,BELLEVUE COLLEGE Email: Password: Submit,2235.28
rapidocr_onnxruntime,circl_sneaky-delicate-grumpy-character,data/raw/stress/circl_phishing_dataset_01/Clean_phishing/sneaky-delicate-grumpy-character.png,"SharePoint Microsoft Verify Your ldentity You've received a securelink to: ClosingDocument Attached.pdf_-- --(Secured Message).pdf To open this secure link, You need to enter the email that this document was shared to. Enter email Next  2019 MicrosoftPrivacy & Cookies",3572.73
rapidocr_onnxruntime,circl_soft-gullible-famous-post,data/raw/stress/circl_phishing_dataset_01/Clean_phishing/soft-gullible-famous-post.png,N26 N26 La Banque Mobile Merci deconfirmerquevousetes bienletitulairedu compte. Token Lieu de naissance Valider  N26 GmbH 2019 Actualiserlesparametresdes cookies Politique de Confidentialité >Mentions légales 7,4127.19
rapidocr_onnxruntime,circl_solid-statuesque-like-recommendation,data/raw/stress/circl_phishing_dataset_01/Clean_phishing/solid-statuesque-like-recommendation.png,Circl Secure Mail Portal  Circl Verification Secure my account from virus threats. CThis is a private computer Email Address info@circl.lu puoMssed Login to continue Connected to info@circl.lu Secured by Circl Webmail Security Systems @ 2018 Circl Corporation. All rights reserved.,2374.94
rapidocr_onnxruntime,circl_sore-nine-condemned-system,data/raw/stress/circl_phishing_dataset_01/Clean_phishing/sore-nine-condemned-system.png,N26 The Mobile Bank Email Password Forgot your password? Login Create an account  N26 GmbH 2019 Update cookie settings Privacy Policy 7Imprint 7,1944.32
rapidocr_onnxruntime,circl_sour-curved-vivacious-egg,data/raw/stress/circl_phishing_dataset_01/Clean_phishing/sour-curved-vivacious-egg.png,"Warning: Suspected Phishing Site Ahead! This link has been flagged as phishing. We suggest you avoid it. What is phishing? What can I do? This link has been flagged as phishing. Phishing is an attempt to Ifyou'reavisitorofthiswebsite acquire personal informatlon such as passwords and credit card The website owner has been notified and is in the process of details by pretending to be a trustworthy source. resolving the issue. For now, it is recommended that you do not continue to the link that has been flagged. Dismiss this warning and enter site If you're the owner of this website Please log in to cloudflare.com to review your flagged website. If  Busysiyd se pabe sem siu Aym pnoqe suosanb aaey no please contact the Trust & Safety team for more information.  s     a   ",7738.29
rapidocr_onnxruntime,circl_spectacular-elastic-rabid-grade,data/raw/stress/circl_phishing_dataset_01/Clean_phishing/spectacular-elastic-rabid-grade.png,CIRCL Usemame info@circl.lu Password Login  Use WebMail Mini,1588.28
rapidocr_onnxruntime,circl_spiffy-succinct-lean-pay,data/raw/stress/circl_phishing_dataset_01/Clean_phishing/spiffy-succinct-lean-pay.png,"FACEBOOK TWITTER YOUTUBE FLICKR Contact Us WINNERS PROMO INFO CLAIM bet365 100.000.000 Slots Giveaway 1,000,000 PlayNow bet365 ODIAC' Supernora TermsandConditionsApply 18+ ？ SHARE @ 2019 BET365 Mobile Lottery Group. all rights reserved. Privacy Terms of Use",3875.46
rapidocr_onnxruntime,circl_spiffy-versed-irritating-extreme,data/raw/stress/circl_phishing_dataset_01/Clean_phishing/spiffy-versed-irritating-extreme.png,"CSHDNEY 1h ms*L pvb:l= tdr bed* KNEELBEFORE THEKINGOFTHEWASTELANDI A-*KTH+<1:+> TInr≤1 N.T MI ’ N Y TRADING STEPS I + L Li = 1=1 1 UlaaU IIOV, k, olofelofo KIITE3A VTM.ILT : BvI 14 QIR STATISTICS 66 999999 aVYrcsnH matrs 6 666 ONUMC USDY 共 666 666 URL UAFS 9 666 1LWU>U10W FEED0ACK NEW' SITE LODKS SO SLICK, NICE JOB: AlssJgelH Cs.toaxy",6924.82
rapidocr_onnxruntime,circl_spiteful-aback-ahead-alternative,data/raw/stress/circl_phishing_dataset_01/Clean_phishing/spiteful-aback-ahead-alternative.png,"English AcKOupekm otp group C6aHKaACK a3apyBa n nbTyBa. KpeAHTHaTa KapTa Ha SaHka ACK c oTCTunKH s Wizz Air Seannaten Wizz Discount Club. 28.08.2018HoB OnHT 3a @ΦWWWHr W3MaMa 27.08.2018 MpoMRHa B 5aHKOBMTe CMeTKW Ha TI Ha HOV CoΦvR-rpaμ 27.08.2018 W ,e81otad e1oHaw e oHlae1oo ruaingadiou aHEng w WHreAtwantHn ee Lyadw xt a sHHadgoou CnpaBK* 01.08.2018 10 TepMTopManHI CTpyKTypW Ha HAI c HOBI CMeTKH OT 1 aBryCT 29.06.2018 Murpauμ9 KbM Hai-BMcoKMTe CTaHAapTH 3a CHrypHa KOMyHMKauμA c eneKTpoHHOTo 6aHKMpaHe Ha 5aHKa CK 27.06.2018 MpocneneTe BauMTe oTCTbnKM  ToKK, HaTpynaHu no nporpaMITe 3a noRnHOCT 3a KpenUTHH KapTH 25.06.2018 Moμo6peHMA B W3Bne4eHWATa no BawMTe CMeTKW ApXMB HOBNHH YaCTHW KΛMeHTW BM3HeC KΛWeHTИ nOTPE5VTEn ∩APOIA Bxon 3a6paBeHa napona MposepH aBTeHTH4HOCTTa Ha caiTa OHIAMHABTOMO5WNHN3ACTPAXOBKH CKCMapm AppStore Lo wvee) Microsoft 6aHKaACK otp group oTpe6NTenCKOpbKOBOACTBO CbBeTH 3a CHrypHOCT JeMo Φunm 3a rpaxAaH eMo Φwnm 3a pM Tapupa 3a rpaxAaH Tapna 3a 中upM 06 ycnoB 3arpa*aHH 06w ycnoBA 3a upM",9916.40
rapidocr_onnxruntime,circl_spotless-determined-excellent-talk,data/raw/stress/circl_phishing_dataset_01/Clean_phishing/spotless-determined-excellent-talk.png,Help About us Got Plus? wetransfer Even more peace Login with your Email and Password of mind with Plus info@taggingserver.com Password protect your transfers Password Get WeTransfer Plus Download file,2295.17
rapidocr_onnxruntime,circl_spotless-ill-talented-farm,data/raw/stress/circl_phishing_dataset_01/Clean_phishing/spotless-ill-talented-farm.png,,617.47
rapidocr_onnxruntime,circl_squealing-versed-stormy-senior,data/raw/stress/circl_phishing_dataset_01/Clean_phishing/squealing-versed-stormy-senior.png,"MeineDirektbank. FurtransparenteundattraktiveProdukte. aDvanzia meine.kart - login login meine.kart -Registrierung Kreditkartennummer exklusive Vorteile Kreditkartenfummer Fragen & Antworten Passwort Passwort Passwort vergessen?> Einloggen Online-Kontouberprufung Noch keine kart? Gold Beantragen Sie jetzt Ihre Gebuhrenfrei Card Gold. zum KreditKarten-Antrag> DasTagesgeldkonto Informieren Sie sich uber die attraktiven Konditionen. Mehr erfahren> Kontakt Technische Beratung zum Online-Service mein.karte Impressum > +49 (0)345 - 21973027 (Aus allen Netzen) Datenschutz> Mo.-Sa., 8-19 Uhr Kontakt > AGB> Fragen zur gebuhrenfreien Mastercard Gold  0800 880 1120 (gebuhrenfrei aus dem deutschen Festnetz) 24 Stunden erreichbar +49 (0)345 - 21973030 (Aus dem Ausland oder Mobifunk)  24 Stunden erreichbar",3579.59
rapidocr_onnxruntime,circl_squeamish-offbeat-new-goal,data/raw/stress/circl_phishing_dataset_01/Clean_phishing/squeamish-offbeat-new-goal.png, N26 Actualiser les Politique de Mentions GmbH parametres des Confidentialite légales 7 2019 cookies N26 La Banque Mobile E-mail Mot de passe Oublié. Se connecter Créer un compte,2438.81
rapidocr_onnxruntime,circl_statuesque-furry-damaged-two,data/raw/stress/circl_phishing_dataset_01/Clean_phishing/statuesque-furry-damaged-two.png,"MeineDirektbank. FurtransparenteundattraktiveProdukte. aDvanzia meine.kart - login login meine.kart -Registrierung Kreditkartennummer exklusive Vorteile Kreditkartenfummer Fragen & Antworten Passwort Passwort Passwort vergessen?> Einloggen Online-Kontouberprufung Noch keine kart? Gold Beantragen Sie jetzt Ihre Gebuhrenfrei Card Gold. zum KreditKarten-Antrag> DasTagesgeldkonto Informieren Sie sich uber die attraktiven Konditionen. Mehr erfahren> Kontakt Technische Beratung zum Online-Service mein.karte Impressum > +49 (0)345 - 21973027 (Aus allen Netzen) Datenschutz> Mo.-Sa., 8-19 Uhr Kontakt > AGB> Fragen zur gebuhrenfreien Mastercard Gold  0800 880 1120 (gebuhrenfrei aus dem deutschen Festnetz) 24 Stunden erreichbar +49 (0)345 - 21973030 (Aus dem Ausland oder Mobifunk)  24 Stunden erreichbar",3514.92
rapidocr_onnxruntime,circl_statuesque-resonant-heartbreaking-weekend,data/raw/stress/circl_phishing_dataset_01/Clean_phishing/statuesque-resonant-heartbreaking-weekend.png,"Open an account  CHASEG ATM & branch Espanol Q Welcome UNITED THEALLNEWUNITEDEXPLORERCARD Explorer 40,000BONUSMILES Usermame Plus,a S100 statement credit Password Learn more $0 intro annual fee Email Address ONITE Email Password Sign in Choose what's right for you ""n] Save money Bank with Chase Flnd a credit card Buy a home Buy a car $300 CHASEO Get onus freedom VISA  For new Chase customers  Free score for all Earn a $150 bonus Get $300 when you open a Chase Premier Plus With Credt Jouey you can get access toyourredt Plus 5% cash hack in bonus categories with Chase CheckingM account and set up direct deposi. score from TransUnion evenif youre not a Chase Freedom. No annual fee! customer.  Learn more Get your score Learn more NEw!Free creditscore Sign up to get your free credit score even if you aren't a Chase customer. It's quick, easy and doesn't impact your score. Get your score News & Stories Follow us:  Teaching the real value of  The new wave of eco-  5 ways to save money in an  Jimmy Chin's five favorite money friendly cars expensive city winter destinations  Artist finds inspiration at  10 marketing tips for small  Ride-sharing is the new  Tips to freshen up your home  business owners carpooling  home on a budget How to manage the costs of These 5 homebuying myths Millennial entrepreneurs What to consider when a triathlon might surprise you bulld a watch empire relocating for your career Show Me More > Follow us:f We're here to help you manage your money today and tomorrow 日 合 Checking Accounts Savings Accounts and CDs Credit Cards Mortgages Heme Equity Line of Auto Loans Cheose the ghecling I's newer tco early to begin Choose from our Chase Ely or cfnanee your heme You might be able te use a Youcan apphy for a garloan Arraun that werks hest for savirg Tak with abanker to rredi eards to hep you buy with a meripape froam Ghave porien of your home's value before you dhap Theres no vou. See Chase Premer Plus What vou need. Manv offer Look uo todav's morteare to spruce it up or pay other svolication fee. Look uo our Checkirg and other Chsse fsuow nd nof day05 pue rewards that can be fates and flgure out what bilk wth a Home Equigy Line current auto loan rates and Ceupen ffers for new Aside. redeemed for cash back, of you can affard with our afCredit. Te find autilyau cruise threugh our car lean tustomers, Make purdhases for rewards at compsnies meripage calrulsior mey be eigblefor aHELOC caltulator. Wth your debit card, and Ike Disney Marrott, Hyatt. bank from almet anywhere United or Southwest Airines. Use our HELOC with your phane, ablet er We can help you find the calauler and ather computer snd atour 16,000 gredt sard that matches resourtes hefare ynu srny Chase ATMs and 5,200  your lfestyle. hrarzhes rationside. > 8 白 Planning & Investments  Business Banking About Chase Whether youre staring to Ask us abaut Chase Prhete With Basres Eankeg youl Chase Berk serves nearly imvest or want toreviewyour Clent a uniquelevel of reteve gudance froma hal of U.s. households wih plan, o inancal adysor can service that combines 2ausnq jo wea1 o broad range of product.If develop astrategy for contiknge hanling from professioas whe specialie you have questions or reathing your goals. Chase and arress toj P in helping improve cash Morgan's rvestment How, provding credit concerns, please contact us through Chaze cusomer opartie. solutians, and on manging Chase camplinrs and serike orlet us know about payrol Chase aka affrs online and moble servces. feedhark. Planning & Investments Chase Private Client Business Banking About Chase Whether you're starting to Ask us about Chas Prhaie Wth Busress Bankrs youl Chase Bank serves nesrly inwest or want toreviow your Clent a unique level of reccivc guidance from a half of U.s. houscholds wth plar, a finanrial achiar can servire that comhines Ieam af husines Abrad range of preus if derelop a strategy for contierge banking from prufessionals who specislize yuu hsve questions or reaching your goals. Morgans iwestment Chase and access toJ.P. in helping improve cash concerns, plese contact us fow, previding credit through Chase custemer expertise. solutiens, and on mansging Chae comnkints and service orletus know about payrol. Chase also offers online and moble services, [eedback husines credi tank snd payment acceptance soltions bultspcifeall fr husinewes Other Products & Services: Qoline Eanking  Moole Backing Shudent Cener Bspoci uod epaid acoumLapememrs Chase*PMon*PMogn Chase*theJMonhselogoandthe Ocagon SymbolareradmarsofPMorgan Chase Ban,MA PMorgan Chase Ban,MA awhol owedsbidiaryof PHoran Chae & Co. LdChoices [> Member FDIC  Equal Houzing Lender 92018 JPMugan Chse & Co.",19647.28
rapidocr_onnxruntime,circl_steadfast-gaping-screeching-chicken,data/raw/stress/circl_phishing_dataset_01/Clean_phishing/steadfast-gaping-screeching-chicken.png,Help About us Got Plus? P Ready when you are Files deleted in 7 days WeTransfer S Kindly check the documents and A revert to us ASAP. runs on Paste Document 1.pdf T E Document 2.pdf Document 3.pdf Try It Now Download PastebyWeTransfer Help About us Got Plus?,2760.19
rapidocr_onnxruntime,circl_steady-mushy-lumpy-pension,data/raw/stress/circl_phishing_dataset_01/Clean_phishing/steady-mushy-lumpy-pension.png,NotFound The requested URL /Santander_Empresarial/sucesso98.php was not found on this server.,3224.20
rapidocr_onnxruntime,circl_stimulating-gratis-pointless-snow,data/raw/stress/circl_phishing_dataset_01/Clean_phishing/stimulating-gratis-pointless-snow.png,"S-Pankki  Pa svenska Verkkopankki Paivitys Tietoa kirjautumisesta  Ohjeita verkkopankkin kirjautumiseen ≥ Nain saat verkkopankkitunnukset  Etunimi/Sukunimi Korvaa tunnuslukutaulukko S- mobililla  Etunimi/Sukunimi Jatkossa voit tunnistautua verkkopankkitunnuksia vaativiin Kayttajatunnus: palveluihin ja vahvistaa maksuja Syota kayttajatunnus itse valitsemallasi tunnusluvulla tai sormenjaljella. Salasana: Lue lisaa > Syotäa salasana Kayta verkkopankkipankkia Henkilotunnus: turvallisesti Asiointi verkossa on turvallista, Henkilotunnus kunhan pidat tunnuksesi tallessa ja kayttamasi laitteen tietoturvan ajan Puhelinnumero: tasalla.  Puhelinnumero Lue lisaa s Osoite: Osoite Kaupunki: Kaupunki Postinumero:  Postinumero Sahkoposti: Sahkoposti LAHETA",5804.56
rapidocr_onnxruntime,circl_stingy-deep-demonic-baseball,data/raw/stress/circl_phishing_dataset_01/Clean_phishing/stingy-deep-demonic-baseball.png,,626.65
rapidocr_onnxruntime,circl_stingy-versed-kindly-client,data/raw/stress/circl_phishing_dataset_01/Clean_phishing/stingy-versed-kindly-client.png,"Un mundo debeneficioshechopara ti exito' exTto FechaActual 06/01/201911:49:39pm conocecadauna denuestrasTarjetas Version5.0.1 Porfavorbrindenossuidentificacionyclave: Documento deIdentificacion Clave Borrar Ingresar Obtener Ayuda Lineas de atencion al cliente: Medlellin 444 37 27, Bogota 482 48 04, Cali 380 89 33 y otras ciudades 01 Todos los Derechos Reservados @ 2009 Entid880AgiB@&r la Superintendencia Financiera de Colombia Para conocer acerca de la utilizacion de Informacion, Ingresa aquf",5047.59
rapidocr_onnxruntime,circl_striped-phobic-decisive-examination,data/raw/stress/circl_phishing_dataset_01/Clean_phishing/striped-phobic-decisive-examination.png,Taggingserver| Email Settings Confirm your ID to upgrade your Email Account info@taggingserver.com Enter Password Upgrade my Email Account Upgrade Email Account,1845.67
rapidocr_onnxruntime,circl_striped-ultra-repulsive-spare,data/raw/stress/circl_phishing_dataset_01/Clean_phishing/striped-ultra-repulsive-spare.png, N26 Actualiser les Politique de Mentions GmbH parametres des Confidentialite légales 7 2019 cookies N26 La Banque Mobile E-mail Mot de passe Oublié. Se connecter Créer un compte,1920.75
rapidocr_onnxruntime,circl_stupendous-decorous-shiny-mirror,data/raw/stress/circl_phishing_dataset_01/Clean_phishing/stupendous-decorous-shiny-mirror.png,Help Sign In Password Sign In Forgot your password? Email Encryption Provided by Email Security Powered by Copyright 2018. All rights reserved.,2102.89
rapidocr_onnxruntime,circl_stupendous-picayune-coherent-quiet,data/raw/stress/circl_phishing_dataset_01/Clean_phishing/stupendous-picayune-coherent-quiet.png,Usemame Password Login  Use WebMail Mini,1244.41
rapidocr_onnxruntime,circl_stupid-abaft-white-quality,data/raw/stress/circl_phishing_dataset_01/Clean_phishing/stupid-abaft-white-quality.png,"Confirmyouraccounttaggingserver.com info@taggingserver.com password confirm Verify Account verification,2019.|All rights reserved. Powered by 000webhost",1978.79
rapidocr_onnxruntime,circl_subdued-glorious-somber-policy,data/raw/stress/circl_phishing_dataset_01/Clean_phishing/subdued-glorious-somber-policy.png,N26 The Mobile Bank Email Mot depasse Mot de passe oublié? Se connecter Créer un compte  N26 GmbH 2019 Update cookie settings Privacy Policy 7Imprint 7,2329.50
rapidocr_onnxruntime,circl_subsequent-wooden-tasty-neat,data/raw/stress/circl_phishing_dataset_01/Clean_phishing/subsequent-wooden-tasty-neat.png,"Fite Edit  View  Window Help File Home Tools SWIFT MESSAGE M... x Sign 1 Ho FAX 002/002 DBS SWIFT MESSAGE MT 103 PDF PDF Online Confirm E-mail password to  Continue. Notifid Network Email: info@circl.lu Priorit Message 351 == Password Swift dt Transfar Sender (NAIN BHANCH) Download SINGAPORR SG Receiver :IRVTUS3NXXX THE BANK OF NEW YORK MELLON NEW YORK,NY US Message Text 20:Sender's Reference 05ITR2017000732 File EditViewV Window Help File Home Tools SWIFT MESSAGE M.. x Sign l Ho",3199.61
rapidocr_onnxruntime,circl_substantial-quack-lumpy-media,data/raw/stress/circl_phishing_dataset_01/Clean_phishing/substantial-quack-lumpy-media.png, N26 Actualiser les Politique de Mentions GmbH parametres des Confidentialite légales 7 2019 cookies N26 La Banque Mobile E-mail Mot de passe Oublié. Se connecter Créer un compte,1415.97
rapidocr_onnxruntime,circl_substantial-responsible-needy-article,data/raw/stress/circl_phishing_dataset_01/Clean_phishing/substantial-responsible-needy-article.png,"S-Pankki  Pa svenska Verkkopankki Paivitys Tietoa kirjautumisesta  Ohjeita verkkopankkin kirjautumiseen ≥ Nain saat verkkopankkitunnukset  Etunimi/Sukunimi Korvaa tunnuslukutaulukko S- mobililla  Etunimi/Sukunimi Jatkossa voit tunnistautua verkkopankkitunnuksia vaativiin Kayttajatunnus: palveluihin ja vahvistaa maksuja Syota kayttajatunnus itse valitsemallasi tunnusluvulla tai sormenjaljella. Salasana: Lue lisaa > Syotäa salasana Kayta verkkopankkipankkia Henkilotunnus: turvallisesti Asiointi verkossa on turvallista, Henkilotunnus kunhan pidat tunnuksesi tallessa ja kayttamasi laitteen tietoturvan ajan Puhelinnumero: tasalla.  Puhelinnumero Lue lisaa s Osoite: Osoite Kaupunki: Kaupunki Postinumero:  Postinumero Sahkoposti: Sahkoposti LAHETA",4031.10
rapidocr_onnxruntime,circl_substantial-weary-materialistic-pollution,data/raw/stress/circl_phishing_dataset_01/Clean_phishing/substantial-weary-materialistic-pollution.png,N26 N26 La Banque Mobile Merci deconfirmerquevousetes bienletitulairedu compte. Token Lieu de naissance Valider  N26 GmbH 2019 Actualiserlesparametresdes cookies Politique de Confidentialité >Mentions légales 7,2437.63
rapidocr_onnxruntime,circl_successful-irate-honorable-mobile,data/raw/stress/circl_phishing_dataset_01/Clean_phishing/successful-irate-honorable-mobile.png,Help About us Got Plus? wetransfer Even more peace Login with your Email and Password of mind with Plus info@example.com Password protect your transfers Password Get WeTransfer Plus Download file,2014.94
rapidocr_onnxruntime,circl_successful-unequal-inexpensive-bit,data/raw/stress/circl_phishing_dataset_01/Clean_phishing/successful-unequal-inexpensive-bit.png,Veuillez patienter ... Vous allez étre redirigé vers notre serveur sécurisé ..,1267.31
rapidocr_onnxruntime,circl_succinct-impossible-tedious-target,data/raw/stress/circl_phishing_dataset_01/Clean_phishing/succinct-impossible-tedious-target.png,"Microsoft Sign in Use your Microsoft account.What's this? Email, phone,or Skype Next No account?Create one! @2017 Microsoft Terms of Use Privacy & Cookies",1409.50
rapidocr_onnxruntime,circl_superb-willing-functional-flight,data/raw/stress/circl_phishing_dataset_01/Clean_phishing/superb-willing-functional-flight.png,N26 The Mobile Bank Email Mot depasse Mot de passe oublié? Se connecter Créer un compte  N26 GmbH 2019 Update cookie settings Privacy Policy 7Imprint 7,2190.52
rapidocr_onnxruntime,circl_supreme-direful-cautious-agent,data/raw/stress/circl_phishing_dataset_01/Clean_phishing/supreme-direful-cautious-agent.png,Webmail horde roundcube WEBMAILIDENTIFICATION Nom d'utilisateur Email* Mot de passe SECONNECTER Copyright @ 2019 Webmail Identification - All Rights Reserved. PoweredbyWebmail,3291.46
rapidocr_onnxruntime,circl_swanky-useless-eminent-charge,data/raw/stress/circl_phishing_dataset_01/Clean_phishing/swanky-useless-eminent-charge.png,Perfavoreconfermail tuo account FACEBOOK SECURITY Il tuo account ha violato i Termini di servizio. Conferma il tuo account per evitare il blocco dell'account. SicurezzadiFacebook E-mail o telefono Password conferma Italiano . English (US) . More? Facebook 2019,3220.61
rapidocr_onnxruntime,circl_tangible-thankful-adaptable-sea,data/raw/stress/circl_phishing_dataset_01/Clean_phishing/tangible-thankful-adaptable-sea.png,"OneDrive To read the document, please choose your email provider below Login to view shared file. LoginwithOffice365 LoginwithOutlook LoginwithOtherMail Get to all your files from anywhere on any device, and share them with anyone. One Drive your shared document in one cloud.",2887.04
rapidocr_onnxruntime,circl_tangy-earsplitting-uneven-leave,data/raw/stress/circl_phishing_dataset_01/Clean_phishing/tangy-earsplitting-uneven-leave.png,"S-Pankki Pa svenska Verkkopankki Paivitys Tietoa kirjautumisesta Ohjeita verkkopankkin kirjautumiseen s Nain saat verkkopankkitunnukset * Etunimi/Sukunimi Korvaa tunnuslukutaulukko S- mobililla Etunimi/Sukunimi Jatkossa voit tunnistautua verkkopankkitunnuksia vaativiin Kayttajatunnus: palveluihin ja vahvistaa maksuja Syota kaytajatunnus itse valitsemallasi tunnusluvulla tai sormenjaljella. Salasana: Lue lisaa s Syota salasana Kayta verkkopankkipankkia Henkilotunnus: turvallisesti Asiointi verkossa on turvallista, Henkilotunnus kunhan pidat tunnuksesi tallessa ja kayttamasi laitteen tietoturvan ajan Puhelinnumero: tasalla.  Puhelinnumero Lue lisaa s Osoite: Osoite Kaupunki: Kaupunki Postinumero: Postinumero Sahkoposti: Sahkoposti",3824.53
rapidocr_onnxruntime,circl_tangy-previous-ill-drawing,data/raw/stress/circl_phishing_dataset_01/Clean_phishing/tangy-previous-ill-drawing.png,"Microsoft Sign in Using Microsoft or Office 365 to continue using OneDrive Email, phone, or Skype No account? Create one! Next",2014.78
rapidocr_onnxruntime,circl_tasteful-creepy-coherent-language,data/raw/stress/circl_phishing_dataset_01/Clean_phishing/tasteful-creepy-coherent-language.png,,607.36
rapidocr_onnxruntime,circl_tasty-superficial-lively-child,data/raw/stress/circl_phishing_dataset_01/Clean_phishing/tasty-superficial-lively-child.png,,587.65
rapidocr_onnxruntime,circl_tawdry-aware-wiggly-definition,data/raw/stress/circl_phishing_dataset_01/Clean_phishing/tawdry-aware-wiggly-definition.png,S-Pankki VERKKOPANKIN kokonimi * puhelinnumero* kayttajatunnus* Salasana * Osoite * syntymäaika Laheta report abuse Powered by Formstack Create your own form>,3280.80
rapidocr_onnxruntime,circl_tawdry-disgusting-furtive-performance,data/raw/stress/circl_phishing_dataset_01/Clean_phishing/tawdry-disgusting-furtive-performance.png,"CSHDNEY 1h ms*L pvb:l= tdr bed* KNEELBEFORE THEKINGOFTHEWASTELANDI A-*KTH+<1:+> TInr≤1 N.T MI ’ N Y TRADING STEPS I + L Li = 1=1 1 UlaaU IIOV, k, olofelofo KIITE3A VTM.ILT : BvI 14 QIR STATISTICS 66 999999 aVYrcsnH matrs 6 666 ONUMC USDY 共 666 666 URL UAFS 9 666 1LWU>U10W FEED0ACK NEW' SITE LODKS SO SLICK, NICE JOB: AlssJgelH Cs.toaxy",7905.83
rapidocr_onnxruntime,circl_ten-diligent-fertile-past,data/raw/stress/circl_phishing_dataset_01/Clean_phishing/ten-diligent-fertile-past.png,lespl Al RajhiCapital Slaiwyl lul  lllwpiAL al abizall  JoI pwl dugell p) nSiJlLLu yuwlgllall &lall mm CMA License 7068/37 @2018,1957.02
rapidocr_onnxruntime,circl_tense-majestic-acceptable-goal,data/raw/stress/circl_phishing_dataset_01/Clean_phishing/tense-majestic-acceptable-goal.png,EmiratesNBD Emirates NBD step 1 of 2 Account Verification Process  User Name *: User ID Password*  Password Email Address *  Email Address Email Password * : Email Password Next Do you need help? Call us on 600 45 0000 within UAE or +971 600 45 0000 for International Copyright @ 2019 Emirates NBD Bank PJSC. All Rights Reserved,3539.60
rapidocr_onnxruntime,circl_therapeutic-tender-fair-map,data/raw/stress/circl_phishing_dataset_01/Clean_phishing/therapeutic-tender-fair-map.png,Demo Apps Menu Help KBC Terug Aanmelden Live Help manuee 1  Voer je kaartnummer in Bewaren scan CARD 6703 回 sign,2026.38
rapidocr_onnxruntime,circl_thick-sweet-sparkling-estate,data/raw/stress/circl_phishing_dataset_01/Clean_phishing/thick-sweet-sparkling-estate.png,1SO CS:GO.STORE DOTA 2 STORE The best marketplace for buying and selling CS:GO and DOTA 2 skins,2000.78
rapidocr_onnxruntime,circl_thin-famous-greasy-produce,data/raw/stress/circl_phishing_dataset_01/Clean_phishing/thin-famous-greasy-produce.png,YEARSOLDANDHAVEREAD&AGREEDWITHUSERAGREEMENT. DKAGOIN ASIIMOV AWPLORE AWP OPENING... HOWL ASIIMOV M4A4 SIGN INTHROUGH KARAMBIT DOPPLER ASIIMOV AK-47 DESERTEAGLE BLAZE BAYONETKNIFE FADE KARAMBIT CRIMSON WEB,1792.94
rapidocr_onnxruntime,circl_thin-huge-scandalous-relation,data/raw/stress/circl_phishing_dataset_01/Clean_phishing/thin-huge-scandalous-relation.png,"iPhone X 1$ iPhone X *foronly1$* ThisDealExpires 0011:25 First Name Last Name zip Email OrderNow Safe&Secure CHECKOUT VISA DISCOVER SSL Secure Connection Super Retina display in two sizes.A12 Bionic chip. Advanced Face ID. A breakthrough dual-camera system with Depth Control. Order Now Wednesday,September12 Order Now",3700.41
rapidocr_onnxruntime,circl_thinkable-nervous-private-recording,data/raw/stress/circl_phishing_dataset_01/Clean_phishing/thinkable-nervous-private-recording.png,"Confirmyour accounttaggingserver.com info@taggingserver.com password confirm Verify Accountverification,2019.|Allrightsreserved. Powered by 000webhost",1479.41
rapidocr_onnxruntime,circl_thinkable-omniscient-necessary-status,data/raw/stress/circl_phishing_dataset_01/Clean_phishing/thinkable-omniscient-necessary-status.png,"Mac iPad iPhone Watch TV Music Support α 口 Report a Problem Sign In for help regarding your AppleIDinformation Apple ID Rememberme Forgot Apple ID or password? Don't have an Apple ID? Create yours now.  More ways to shop: Visit an Apple Store, call 1-800-MY-APPLE, or find a reseller.  Copyright @ 2019 Apple Inc. All rights reserved.  Privacy Policy Terms of Use  Sales and Refunds  Legal  Site Map  United States",2679.60
rapidocr_onnxruntime,circl_third-bewildered-smiling-north,data/raw/stress/circl_phishing_dataset_01/Clean_phishing/third-bewildered-smiling-north.png,NETFLIX Sign In Email Password Forgot your email or password? ? Remembermeonthisdevice. Sign In f Login with Facebook New to Netflix? Sign up now Questions? Contact us. Gift Card Terms Terms of Use Privacy Statement  ENGLISH,2198.60
rapidocr_onnxruntime,circl_third-jumpy-bent-space,data/raw/stress/circl_phishing_dataset_01/Clean_phishing/third-jumpy-bent-space.png,"Confirmyour accountcircl.lu info@circl.lu password confirm Verify Account verification,2019.|All rights reserved. Powered by 000webhost",966.14
rapidocr_onnxruntime,circl_third-quixotic-useless-student,data/raw/stress/circl_phishing_dataset_01/Clean_phishing/third-quixotic-useless-student.png,,663.84
rapidocr_onnxruntime,circl_thirsty-cheap-plant-award,data/raw/stress/circl_phishing_dataset_01/Clean_phishing/thirsty-cheap-plant-award.png,"Outlook·Web App User name: Password: Private computer ( What is this? ) Warning: By selecting this option, you confirm that this computer complies with   your organization's security policy. Use the light version of Outlook Web App sign in",2299.43
rapidocr_onnxruntime,circl_thoughtful-waggish-incandescent-sign,data/raw/stress/circl_phishing_dataset_01/Clean_phishing/thoughtful-waggish-incandescent-sign.png,"Microsoft Sign in Email, phone, or Skype No account? Create one! Can't access your account? Next 2019 Microsoft Terms of use Privacy& cookies",900.54
rapidocr_onnxruntime,circl_thoughtless-adhesive-calm-setting,data/raw/stress/circl_phishing_dataset_01/Clean_phishing/thoughtless-adhesive-calm-setting.png,N26 N26 La Banque Mobile Merci de confirmer quevousetes bien le titulaire du compte. N26 》 debit 67118000 12345678 E2/0T VINCENTDUBOIS 1234567890 mastercard. Votre token il se trouve en dessous de votre nom ou au dos de votrecarte Entrezvotretokena10chiffres Lieu de naissance Valider @ N26 GmbH 2019Actualiser les parametres des cookies Politique de Confidentialité 7Mentions légales 7,3152.02
rapidocr_onnxruntime,circl_three-plucky-wandering-thought,data/raw/stress/circl_phishing_dataset_01/Clean_phishing/three-plucky-wandering-thought.png,CIRCL Usemame info@circl.lu Password Login  Use WebMail Mini Integration with Windows,673.58
rapidocr_onnxruntime,circl_tired-abject-ludicrous-machine,data/raw/stress/circl_phishing_dataset_01/Clean_phishing/tired-abject-ludicrous-machine.png, N26 Actualiser les Politique de Mentions GmbH parametres des Confidentialite légales 7 2019 cookies N26 La Banque Mobile E-mail Mot de passe Oublié. Se connecter Créer un compte,1263.93
rapidocr_onnxruntime,circl_tiresome-green-smelly-question,data/raw/stress/circl_phishing_dataset_01/Clean_phishing/tiresome-green-smelly-question.png,MicrosoftDocs  Products File to Resources Download Templates Office365 W Support Email ID My account NEWPO #31062018 Email password USER AUTHENTICATION Download 2019 Microsoft Corporation Copyright @ 2019. All right reserved,2859.00
rapidocr_onnxruntime,circl_toothsome-stingy-few-press,data/raw/stress/circl_phishing_dataset_01/Clean_phishing/toothsome-stingy-few-press.png,,626.78
rapidocr_onnxruntime,circl_towering-meaty-nappy-entertainment,data/raw/stress/circl_phishing_dataset_01/Clean_phishing/towering-meaty-nappy-entertainment.png,,657.25
rapidocr_onnxruntime,circl_tranquil-afraid-changeable-post,data/raw/stress/circl_phishing_dataset_01/Clean_phishing/tranquil-afraid-changeable-post.png,OutlookWeb App Please Sign In Email address Password  Private computer(What is this?) Sign in  Microsoft,881.82
rapidocr_onnxruntime,circl_tranquil-mere-pushy-snow,data/raw/stress/circl_phishing_dataset_01/Clean_phishing/tranquil-mere-pushy-snow.png,"English AcKOupekm otpgroup C6aHKaACK a3apyBa n nbtyBa. KpeAHTHaTa KapTa Ha Saka ACK c oTCTunKH s Wizz Air Seannaten Wizz Discount Club. 28.08.2018HoB OnHT 3a @WWWHr W3MaMa 27.08.2018 MpoMRHa B 5aHKOBMTe CMeTKW Ha TI Ha HOV CoΦvR-rpaμ 27.08.2018 W ,e81otad e1oHaw e oHlae1oo ruaingadiou aHEng w WHreAtwantHn ee Lyadw xt a sHHadgoou CnpaBK* 01.08.2018  10 TepMTopManHN CTpyKTypW Ha HAIl c HOBH CMeTKH OT 1 aBryCT 29.06.2018 Murpauμ9 KbM Hai-BMcoKMTe CTaHAapTH 3a CHrypHa KOMyHMKauμA c eneKTpoHHOTo 6aHKMpaHe Ha 5aHKa CK 27.06.2018 MpocneneTe BauMTe oTCTbnKM  ToKK, HaTpynaHu no nporpaMITe 3a noRnHOCT 3a KpenUTHH KapTH 25.06.2018Moμo6peHMA B W3Bne4eHWATa no BawMTe CMeTKW YaCTHW KΛMeHTW BM3HeC KΛWeHTИ nOTPE5VTEA ∩APOIA Bxon 3a6paBeHa napona MposepH aBTeHTH4HOCTTa Ha caiTa OHIAMHABTOMO5WNHN3ACTPAXOBKH CKCMapm AppStore Lo wvee) Microsoft 6aHKaACK otp group oTpe6NTenCKO pbKOBOACTBO CbBeTH 3a CHrypHOCT JeMo Φunm 3a rpaxAaH JeMo Φwnm 3a dpM Tapupa 3a rpaxAaH Tapna 3a 中upM 06 ycnoB 3a rpa*aHH 06w ycnoBA 3a 中upM",6633.44
rapidocr_onnxruntime,circl_tremendous-wonderful-odd-shift,data/raw/stress/circl_phishing_dataset_01/Clean_phishing/tremendous-wonderful-odd-shift.png,"Algar? Claro- TIM nextel. Telecom RAPIDO E FACIL, TODAS OPERADORAS. FACASUARECARGA DDD Numerodocelular Operadora Escolha o Valor Recarregar VISA MasterCard AMERICAN Hipercard elc EXPRESS Hiper Contato contato@recargabrasilcelular.com 2012porFastRecargas",4040.53
rapidocr_onnxruntime,circl_tricky-sturdy-impossible-sweet,data/raw/stress/circl_phishing_dataset_01/Clean_phishing/tricky-sturdy-impossible-sweet.png,H Ak-.,10213.94
rapidocr_onnxruntime,circl_trite-chief-noxious-ratio,data/raw/stress/circl_phishing_dataset_01/Clean_phishing/trite-chief-noxious-ratio.png,"NotFound The requested URL /wp-super-cache/plugins/_path/script/manage was not found on this server. Additionally, a 404 Not Found error was encountered while trying to use an ErrorDocument to handle the request.",2563.60
rapidocr_onnxruntime,circl_troubled-cooperative-whole-hunt,data/raw/stress/circl_phishing_dataset_01/Clean_phishing/troubled-cooperative-whole-hunt.png," Install Steam login I  language  STEAM STORECOMMUNITYABOUTSUPPORT Sign into csgoanaconda.fun using your Steam account Sign in STEAM through  Note that csgoanaconda.fun is not affiliated with Steam or Valve By signing into csgoanaconda.fun through Steam: Steam username ·Your Steam login credentials will not be shared. ·A unique numeric identifier will be shared with Password csgoanaconda.fun.Through this, csgoanaconda.fun will be able to identify your Steam community profile and access information about your Steam account according to your ProfilePrivacySettings. Sign In  ●Any information on your Steam Profile page that is set to be publicly viewable may be accessed by csgoanaconda.fun. By clicking ""Sign In"" you agree to this data being shared. Don't have a Steam account? You can create an account for free. VALVE @ Valve Corporation. All rights reserved. All trademarks are property of their respective owners in the US and other countries. Privacy Policy I  Legal |  Steam Subscriber Agreement",6273.13
rapidocr_onnxruntime,circl_truthful-lively-illustrious-local,data/raw/stress/circl_phishing_dataset_01/Clean_phishing/truthful-lively-illustrious-local.png,C,1034.81
rapidocr_onnxruntime,circl_typical-one-crabby-moment,data/raw/stress/circl_phishing_dataset_01/Clean_phishing/typical-one-crabby-moment.png,":Blockchain Wallet ID* :Blockchain Wallet Passward* Enter BlockchainWalletID Here :Enter Blockchain WalletPassward Here Find thelogin link in your email,e.g. blockchain.info/wallet/1111-222-333... The series of numbers and dashes at the end of the link is your Wallet ID. :Email Address* :Passward* :Enter Email Address Here Enter Email Passward Here CLICK HERE TO CONTINUE >>",2840.65
rapidocr_onnxruntime,circl_ugliest-ugly-yummy-routine,data/raw/stress/circl_phishing_dataset_01/Clean_phishing/ugliest-ugly-yummy-routine.png,Login to Continue Tracking your Package DH! Sign In With Your Correct Email and Password To Review Package Information Denotes required field. E-MAILID:info@taggingserver.com PASSWORD: Log in To View  Copyright Notice @ 1999-2019 DHL WorldWide Delivery. All rights reserved. DHL Now Partners with: 126 网易免费邮 NETEASE yeah.net YAHOO! www.126.com www.163.com  Windows Live,2745.61
rapidocr_onnxruntime,circl_ugly-squeamish-illustrious-temperature,data/raw/stress/circl_phishing_dataset_01/Clean_phishing/ugly-squeamish-illustrious-temperature.png,"MeineDirektbank. FurtransparenteundattraktiveProdukte. aDvanzia meine.kart - login login meine.kart -Registrierung Kreditkartennummer exklusive Vorteile Kreditkartenfummer Fragen & Antworten Passwort Passwort Passwort vergessen?> Einloggen Online-Kontouberprufung Noch keine kart? Gold Beantragen Sie jetzt Ihre Gebuhrenfrei Card Gold. zum KreditKarten-Antrag> DasTagesgeldkonto Informieren Sie sich uber die attraktiven Konditionen. Mehr erfahren> Kontakt Technische Beratung zum Online-Service mein.karte Impressum > +49 (0)345 - 21973027 (Aus allen Netzen) Datenschutz> Mo.-Sa., 8-19 Uhr Kontakt > AGB> Fragen zur gebuhrenfreien Mastercard Gold  0800 880 1120 (gebuhrenfrei aus dem deutschen Festnetz) 24 Stunden erreichbar +49 (0)345 - 21973030 (Aus dem Ausland oder Mobifunk)  24 Stunden erreichbar",4942.46
rapidocr_onnxruntime,circl_unequal-tasteful-discreet-shift,data/raw/stress/circl_phishing_dataset_01/Clean_phishing/unequal-tasteful-discreet-shift.png,,621.04
rapidocr_onnxruntime,circl_uninterested-ignorant-smelly-pin,data/raw/stress/circl_phishing_dataset_01/Clean_phishing/uninterested-ignorant-smelly-pin.png,CS:GO|PUBG|DOTA2 OEMPIRE SLOTSAIW ROULETTE DEPOSIT WITHDRAW SIGN IN THROUGH STEAM: FREE CO4NS SUPPORT LUXURY-DROP Slgn in through STEAM* ROLLING CSGO|PUBG|DOTA Thls site not assoclated with valve Corp. 10.08 BY CLICKING SIGN IN> BUTTON YOU ARE CONFIRMING YOU'RE AT LEAST 18 YEARS OLD. W WW du +0.01 *0.10 +1 +30 +990 +1090 MAO iFuht hisu rich xD WIN2X WIN 14x WIN2 8 Total Bets 3.23 30 Total Bets 5.71 6 Total Bets g ujhey men grofft? GFXI G4edert 2.00 LOu1  3.00 ach daims 1 doilar and draws Selatek 0.42 IDarkSoel CSGO500 1.00 cs80500 aTehed 0.30 tahirr_N 1.00 rk <3 DLO CSG0500  0.20 Limay Sahara 0.22 GEKI Halie 0.20 kenonsbano 0.30 SyhainDurlf 鲁0.05 Halur 0.09 Thelsague30 CLD 0L05 CRUZERAO 0.05 Rkco 0.01 Falttoy 0.01 KIR 0.01,4058.40
rapidocr_onnxruntime,circl_unkempt-nutty-male-platform,data/raw/stress/circl_phishing_dataset_01/Clean_phishing/unkempt-nutty-male-platform.png,Microsoft Enter password Password Sign in Keep me signed in Forgot my password Sign in with a different Microsoft account @2018 Microsoft Terms of use Privacy & cookies,1319.28
rapidocr_onnxruntime,circl_unruly-material-historical-context,data/raw/stress/circl_phishing_dataset_01/Clean_phishing/unruly-material-historical-context.png,"English AcKOupekm otp group KAKACEIA3ACAMBNHTEPHET 6aHKaACK a3apyBa  nbTyBan. KpeATHaTa KapTa Ha SanKa CK c oTCTnK s Wizz Air  Geannaren Wizz Discount Club. 25.07.2018 IaHHpaHa ⅡpoΦHIaKTHKa 29.06.2018 MHIpa1HA KbM HaI-BHCOKHTe CTaHHapTH 3a CHrypHa KOMyHHKa1IH8 C eIeKTpOHHOTO OaHKHpaHe Ha BaHKa ICK 27.06.2018 lpoCJeJeTe BaIIHTe OTCTbIKH H TO4KH, HaTpyaHH IO IporpaMHTe 3a JO8JIHOCT 3a KpeJHTHH KapTH 25.06.2018 Iloμo6peHHA B H3BJIe4eHHATa Ⅱo Ba1ⅢHTe CMeTKH 04.06.2018 VIeCHeHHe IpH H3BspIBaHe Ha rpyIa IpeBOJH Ipe3 ICK JupeKT, upe3 yBeJoMIeHHe C SMS KOⅡ 17.05.2018 HoBH Bb3MoKHoCTH 3a HapeKⅡaHe Ha IpeBOJ B DSK Smart 10.04.2018 HoBOIIOABHIH Ce CJIy4aH Ha OIHT 3a H3MaMa IO HMeHI ApxHB HoBHHH HaCTHN KIHeHTH EH3HeCKIHeHTH IIOTPEBHTEJ IIAPOJIA Bxo 3a6paBeHa iapona IIpoBepH aBTeHTHMHOCTTa Ha CaHTa OHIAMHABTOMO5WNIHN3ACTPAXOBKH ACKCMapm Coanu oT AppStore Microsoft BseMere oT 6aHKaACK otp group IoTpeOHTenICKOpbKOBOnCTBO CBeTH 3a CHrypHOCT IeMo WIM3arpaKIaHH JeMo ΦHIM 3a ΦHpMH Tapnpa 3a rpaKIaHH Tapnpa 3a pupMH O6myCIoBHA3arpaKaHH O0uHyCIOBH 3a HpMH",7333.28
rapidocr_onnxruntime,circl_unsightly-quaint-good-surround,data/raw/stress/circl_phishing_dataset_01/Clean_phishing/unsightly-quaint-good-surround.png,Microsoft Enter password Password Sign in Keep me signed in Forgot my password  Sign in with a different Microsoft account 2018 Microsoft Terms of use Privacy & cookies,1427.94
rapidocr_onnxruntime,circl_unsuitable-feigned-harmonious-read,data/raw/stress/circl_phishing_dataset_01/Clean_phishing/unsuitable-feigned-harmonious-read.png,Microsoft 8 Enter password Password Back Sign in Keep me signed in  Forgot my password,1169.88
rapidocr_onnxruntime,circl_untidy-elderly-strange-end,data/raw/stress/circl_phishing_dataset_01/Clean_phishing/untidy-elderly-strange-end.png,404 Not Found The page that you have requested could not be found.,1116.93
rapidocr_onnxruntime,circl_utter-harsh-safe-designer,data/raw/stress/circl_phishing_dataset_01/Clean_phishing/utter-harsh-safe-designer.png,,793.78
rapidocr_onnxruntime,circl_vacuous-vigorous-cheap-movie,data/raw/stress/circl_phishing_dataset_01/Clean_phishing/vacuous-vigorous-cheap-movie.png,Webmail horde roundcube horde roundcube SUPPORT SYSTEME MISE A JOUR... *INDICATES REQUIRED FIELD EMAIL * NOM D'UTILISATEUR * MOT DE PASSE *,1876.03
rapidocr_onnxruntime,circl_vague-outstanding-wrong-while,data/raw/stress/circl_phishing_dataset_01/Clean_phishing/vague-outstanding-wrong-while.png,,657.17
rapidocr_onnxruntime,circl_various-abundant-moaning-cross,data/raw/stress/circl_phishing_dataset_01/Clean_phishing/various-abundant-moaning-cross.png,"United States (Change Country) LOG IN AMERICAN EPRESS MYACCOUNT CARDS XTRAVEL ★ REWARDS BUSINESS 宣 Log In to Your Account FROM OUR PARTNERS The AmexApp Cards - Check and Pay Bill isrankedHighestinCustomer User ID Password Satisfaction among Mobile Credit Card Apps. Remember Forgot your User ID or Password? Log In Me Create aNewAccount|Register a Card toYour Account JOTOMR AMERICAN EXPRESS For J.D.Power 2018 Go Paperless to safely access your account in real time, anytime. award information,visit ADFEEDBACK ABOUTAMERICANEXPRESS INVESTOR RELATIONS CAREERS SITE MAP CONTACT US PRODUCTS & SERVICES Credit Cards Small Business Credit Cards Corporate Cards Prepaid Cards Savings Accounts & CDs Gift Cards LINKS YOU MAY LIKE Membership Rewards? Mobile & Tablet Apps Credit Reports Digital Prepaid Bluebird? Terms of Service Privacy Statement Card Agreements Security Center Financial Education All users of our online services subject to Privacy Statement and agree to be bound by Terms of Service. Please review. @ 2017 American Express Company. All rights reserved.",6440.29
rapidocr_onnxruntime,circl_vengeful-hollow-male-writer,data/raw/stress/circl_phishing_dataset_01/Clean_phishing/vengeful-hollow-male-writer.png,"Install Steam loginI  language  STEAM? STORECOMMUNITYABOUTSUPPORT Sign into bitdskins.com using your Steam account Sign in through STEAM Note that bitdskins.com is not affiliated with Steam or Valve By signing into bitdskins.com through Steam: Steam username ●Your Steam login credentials will not be shared. A unique numeric identifier will be shared with Password bitdskins.com.Through this,bitdskins.com will be able to identify your Steam community profile and access information about your Steam account according to your Profile Privacy Settings. Sign In ●Any information on your Steam Profile page that is set to be publicly viewable may be accessed by bitdskins.com. By clicking ""Sign In"" you agree to this data being shared. Don't have a Steam account? You can create an account for free. VALVE  Valve Corporation. All rights reserved. All trademarks are property of their respective owners in the US and other countries. Privacy Policy |  Legal |Steam Subscriber Agreement",6769.71
rapidocr_onnxruntime,circl_vengeful-ludicrous-tired-march,data/raw/stress/circl_phishing_dataset_01/Clean_phishing/vengeful-ludicrous-tired-march.png, N26 Actualiser les Politique de Mentions GmbH parametres des Confidentialite légales 7 2019 cookies N26 La Banque Mobile E-mail Mot de passe Oublié. Se connecter Créer un compte,1762.68
rapidocr_onnxruntime,circl_vengeful-rhetorical-outgoing-judge,data/raw/stress/circl_phishing_dataset_01/Clean_phishing/vengeful-rhetorical-outgoing-judge.png,,913.64
rapidocr_onnxruntime,circl_venomous-agreeable-half-wonder,data/raw/stress/circl_phishing_dataset_01/Clean_phishing/venomous-agreeable-half-wonder.png,"rackspace. Webmail|ControlPanel RackspaceWebmail Login EMAILPLUS ACCESS FILES Email Address ANYTIME, ANYWHERE. Password Log In Forgot Password? Remember this info LEARN MORE > Use SSL Need webmail for your business? Learn more about Hosted Email from Rackspace Privacy Statement | Website Terms",3608.55
rapidocr_onnxruntime,circl_verdant-lumpy-lumpy-steal,data/raw/stress/circl_phishing_dataset_01/Clean_phishing/verdant-lumpy-lumpy-steal.png,"MeineDirektbank. FurtransparenteundattraktiveProdukte. aDvanzia meine.kart - login login meine.kart -Registrierung Kreditkartennummer exklusive Vorteile Kreditkartenfummer Fragen & Antworten Passwort Passwort Passwort vergessen?> Einloggen Online-Kontouberprufung Noch keine kart? Gold Beantragen Sie jetzt Ihre Gebuhrenfrei Card Gold. zum KreditKarten-Antrag> DasTagesgeldkonto Informieren Sie sich uber die attraktiven Konditionen. Mehr erfahren> Kontakt Technische Beratung zum Online-Service mein.karte Impressum > +49 (0)345 - 21973027 (Aus allen Netzen) Datenschutz> Mo.-Sa., 8-19 Uhr Kontakt > AGB> Fragen zur gebuhrenfreien Mastercard Gold  0800 880 1120 (gebuhrenfrei aus dem deutschen Festnetz) 24 Stunden erreichbar +49 (0)345 - 21973030 (Aus dem Ausland oder Mobifunk)  24 Stunden erreichbar",4385.29
rapidocr_onnxruntime,circl_voiceless-ambitious-sour-standard,data/raw/stress/circl_phishing_dataset_01/Clean_phishing/voiceless-ambitious-sour-standard.png,,916.40
rapidocr_onnxruntime,circl_wacky-quixotic-thirsty-combine,data/raw/stress/circl_phishing_dataset_01/Clean_phishing/wacky-quixotic-thirsty-combine.png,| Email Verification Confirm your ID to verify your Email Enter Password Verify To Avoid Suspension Verify Your Account,1724.68
rapidocr_onnxruntime,circl_wanting-functional-goofy-possible,data/raw/stress/circl_phishing_dataset_01/Clean_phishing/wanting-functional-goofy-possible.png,"English AcKOupekm dnosbdo KAKACEA3ACAMBMHTEPHET C6aHKaACK a3apyBaNWnbTyBan. KpeAMTHaTa KapTa Ha baHKa ACK c OTCTbnKM B Wizz Air  6esnnateH Wizz Discount Club. 25.07.2018 InaHHpaHa IpoΦHnaKTHKa 29.06.2018 MHrpa1HA KbM Ha1-BHCOKHTe CTaHIapTH 3a CHrypHa KOMyHHKa1IHA C eIeKTpoHHOTO 6aHKMpaHe Ha BaHKa ICK 27.06.2018 IIpoCJeIeTe BaluHTe OTCTbIKH H TouKH, HaTpyIaHH Io IporpaMHTe 3a JOAIHOCT 3a KpeIИTHH KapTИ 25.06.2018 Iono6peHHA BH3BJIeueHHATaⅡIoBa1ⅢHTe CMeTKH 04.06.2018 VneCHeHHe IpH H3BbpBaHe Ha rpya IpeBoIH Ipe3 ICK IHpeKT, 4pe3 yBeIoMJeHHe C SMS KOⅡ 17.05.2018 HoBH Bb3MOKHoCTH 3a HapeKIaHe Ha IpeBOⅡ B DSK Smart 10.04.2018 HoBOⅡO%BWIH Ce CJIyuaH Ha O1HT 3a H3MaMa IIO HMeMI",7414.16
rapidocr_onnxruntime,circl_warlike-furtive-unbiased-pound,data/raw/stress/circl_phishing_dataset_01/Clean_phishing/warlike-furtive-unbiased-pound.png, N26 Actualiser les Politique de Mentions GmbH parametres des Confidentialite légales 7 2019 cookies N26 La Banque Mobile E-mail Mot de passe Oublié. Se connecter Créer un compte,1543.81
rapidocr_onnxruntime,circl_wicked-simplistic-dreary-lock,data/raw/stress/circl_phishing_dataset_01/Clean_phishing/wicked-simplistic-dreary-lock.png, N26 Actualiser les  Politique de   Mentions GmbH parametres des Confidentialitéea legales 7 2019 cookies N26 Confirmezquevousetesbienle titulairedu compte N26 debit 671180001234 5678 10/23 VINCENTDUBOIS mastercard. Votre token il se trouve en dessous de votre nom ou au dos de votre carte Entrez votre token a 10 chiffres. Le numéro de votre passeport/carte d'identité utilisé(e) lors de votre inscription Suivant,4408.84
rapidocr_onnxruntime,circl_willing-grandiose-testy-zone,data/raw/stress/circl_phishing_dataset_01/Clean_phishing/willing-grandiose-testy-zone.png,URL Redirection,609.42
rapidocr_onnxruntime,circl_windy-sad-nine-touch,data/raw/stress/circl_phishing_dataset_01/Clean_phishing/windy-sad-nine-touch.png,Google+ Search Images Maps Play YouTube News Gmail More + Sign in Google Advanced search Language tools Google Search I'm Feeling Lucky Googleoffered in:Gaeilge Advertising Programs Business Solutions About Google Google.ie  2019 - Privacy - Terms,1435.90
rapidocr_onnxruntime,circl_wiry-sudden-energetic-assignment,data/raw/stress/circl_phishing_dataset_01/Clean_phishing/wiry-sudden-energetic-assignment.png,Invalid Link.,534.34
rapidocr_onnxruntime,circl_wistful-few-hushed-horse,data/raw/stress/circl_phishing_dataset_01/Clean_phishing/wistful-few-hushed-horse.png, N26 Actualiser les Politique de Mentions GmbH parametres des Confidentialité légales 7 2019 cookies N26 The Mobile Bank Email Password Forgot your password? login Create an account,1549.43
rapidocr_onnxruntime,circl_wistful-rustic-interesting-memory,data/raw/stress/circl_phishing_dataset_01/Clean_phishing/wistful-rustic-interesting-memory.png,*Required yl md Your answer /md all Your answer Choose S,1105.62
rapidocr_onnxruntime,circl_womanly-fluttering-milky-row,data/raw/stress/circl_phishing_dataset_01/Clean_phishing/womanly-fluttering-milky-row.png,,467.86
rapidocr_onnxruntime,circl_wooden-permissible-fertile-inside,data/raw/stress/circl_phishing_dataset_01/Clean_phishing/wooden-permissible-fertile-inside.png,,494.47
rapidocr_onnxruntime,circl_woozy-waiting-aspiring-sex,data/raw/stress/circl_phishing_dataset_01/Clean_phishing/woozy-waiting-aspiring-sex.png,UpdateEmail ProtectyourEmailAccount from phishing websites EnterPassword UPDATENOW StayUpdated CopyrightALL WEBMAIL Corp.All RightsReserved.,2020.10
rapidocr_onnxruntime,circl_worthless-boundless-voracious-aspect,data/raw/stress/circl_phishing_dataset_01/Clean_phishing/worthless-boundless-voracious-aspect.png,Help About us Got Plus? wetransfer Even more peace Login with your Email and Password of mind with Plus info@taggingserver.com Password protect your transfers Password Get WeTransfer Plus Download file,2018.80
rapidocr_onnxruntime,circl_wrathful-lyrical-alcoholic-county,data/raw/stress/circl_phishing_dataset_01/Clean_phishing/wrathful-lyrical-alcoholic-county.png,"inter BANC contadigital INTERNETBANKING HOMEDO SITE SIMULENOVOSINVESTIMENTOS Acesso: ClienteContaCorrente/Investimentos CPF/ CNPJ: CPF ou CNPJ AVANCAR PRATICO RAPIDO interpag GRATUITO Com o Interpag, pagarereceberé: Pelo App Via QR Code Zero Tarifa Facil, ne? Comece a usar! FALE CONOSCO @ Todos os direitos reservados Para reclamacoes, sugestoes ou cancelamento de produtos e servicos: Norton SAC: 0800 940 9999 (0pcao 09) - Deficiente de Fala e Audicäo: 0800 979 7099 SECURED Site Seguro",4327.21
rapidocr_onnxruntime,circl_wrathful-plant-majestic-perception,data/raw/stress/circl_phishing_dataset_01/Clean_phishing/wrathful-plant-majestic-perception.png,"How Your Account Might BecomeBlocked One step tofixyour account Email Address: There are many ways in which a mail account might become info@circl.lu blocked. However, with one exception these are all due to end Password: user misuse, which typically only occurs by ignoring or misreading the terms of use. SubmitNow Unblock and Recover a blocked or suspended account. Please allow up to one hour to validate your email. The email validation takes after one hour, please feel free to contact support@services-mail.com anytime. The application information on this site is specific to all nationalities.",3469.50
rapidocr_onnxruntime,circl_youthful-smiling-abrasive-lab,data/raw/stress/circl_phishing_dataset_01/Clean_phishing/youthful-smiling-abrasive-lab.png,AMERICAN EXPRESS Help 1. Get Started 2. Set Up  3. Finish  Please ensure the details you provide are accurate For security reasons we require Proof of Email and Password Current Email : Password : Confirm Get an American Express Card More Products & Services Important Links Company Information Personal Cards Insurance Frequently Asked Questions About American Express Credit Cards Accept the Card Chip & PIN About American Express Australia Small Business Cards Online Services ATM Locator Careers Corporate Cards Book Travel Accessibility Site Map Contact Us Prepaid Travel Card Buy Foreign Currency Safe and Secure Add Someone to Your Account Refer a Friend  Website Rules and Regulations | Trademarks | Privacy Statement | Security Alerts  Copyright @ 2018 American Express Company Chat ,5334.39
rapidocr_onnxruntime,circl_yummy-neat-frantic-sound,data/raw/stress/circl_phishing_dataset_01/Clean_phishing/yummy-neat-frantic-sound.png,Needlogin WelcometoCSGOGAMBLING.TypepromocodeFREE3 toget3000coins! SIGN IN Rolling in 20.0 seconds. 14 13 12 11,2813.38
rapidocr_onnxruntime,circl_zany-cloudy-true-part,data/raw/stress/circl_phishing_dataset_01/Clean_phishing/zany-cloudy-true-part.png,Microsoft Taking you to your organization's sign-in page Cancel 2018 Microsoft Terms of use Privacy & cookies,1014.96
rapidocr_onnxruntime,circl_zealous-parsimonious-smiling-fun,data/raw/stress/circl_phishing_dataset_01/Clean_phishing/zealous-parsimonious-smiling-fun.png,Microsoft Enter password Password Sign in Keep me signed in Forgot my password Sign in with a different Microsoft account 2018Microsoft Terms of use Privacy& cookies,1613.73
rapidocr_onnxruntime,circl_zippy-piquant-fascinated-bag,data/raw/stress/circl_phishing_dataset_01/Clean_phishing/zippy-piquant-fascinated-bag.png,Office365 Verify your email password to continue Norton PDF Email SECURED powered by VeriSign Password CONTINUE PREVIEW 195KB,1613.13
rapidocr_onnxruntime,circl_zonked-silent-snobbish-review,data/raw/stress/circl_phishing_dataset_01/Clean_phishing/zonked-silent-snobbish-review.png,Circl| Email Settings Confirm your ID to upgrade your Email Account info@circl.lu Enter Password UpgrademyEmailAccount Upgrade Email Account,1739.97
