engine_name,sample_id,image_path,predicted_text,latency_ms
tesseract,phish_iris_alibaba (37),data/raw/stress/phish_iris/subset/phishIRIS_DL_Dataset/train/alibaba/alibaba (37).png,"to Finance Your Purchases Easily CBIR E-mail + Borrow up to US $300,000 within 24 hours y + Apply online without any paper work Password Apply Now > Pe Sign In ~ L ¢ Bin] —2 @ Alibaba.com Site: International - Espafiol - Portugués - Deutsch - Francais - Italiano -Pyccknit - +304 - ARR - 42, 4c! - mes7tna - Turk - Nederlands -tiéng Viét - Indonesia All El NEW ARRIVAL Powered by 72 OOOwebhost",971.82
tesseract,phish_iris_boa (40),data/raw/stress/phish_iris/subset/phishIRIS_DL_Dataset/train/boa/boa (40).png,"Personal = Small Business Wealth Management Businesses & Institutions #@ About Us — Bankof America Locations | Contact Us | Help | En espaol Howcanwehelp your Q Secure Sign-in Cs Banking Credit Cards Loans Investments Leaming @ Sign in Save Online 1D Security & Help 61 Share website feedback Enroll now Information for: Select a state RI co | Advertising Practices Open checking account — Support Pink Meet Connie Planning retirement Get Online, Mobile and _ Leam how HIV-positive é q ATM access, plus Bill ee on eo mothers can aive birth to Fea cane Pay, alerts and more, BY onus ote Bl _Hvstes babies. | ae Get started » Applynow» 3 see her story » = Start planning » NEW 20,000 online bonus points offer Help with your home loan payments Popular links Ditch the restrictions of typical travel rewards _—_—If you're a homeowner struggling with your loan + Schedule an appointment programs. With the BankAmericard Travel Rewards® payments, learn about our home loan assistance credit card, you earn unlimited 1.5 points per $1 programs and the Department of Justice * Open a new account spent on all purchases. There is no annual fee or Settlement» * Get the Mobile Banking blackout dates and your points don’t expire. Learn app NEW more—BankAmericard Travel Rewards” = Order checks + Tell us you're traveling = Update address, phone or email Your news & information Introducing Fingerprint and How connected are we to #1 again: Top honors in Chip cards: How they work Touch ID™ sign-in for our mobile devices? Keynote's 2015 Mobile and how they can help you Mobile Banking Banking Scorecard Learn more about fingerprint Read the 2015 Consumer Mobility Get the #1-rated Mobile Banking sign-in Report to find out app Find out more about chip cards@ Online Banking Service Agreement Locations | Contact Us | Help | Accessible Banking | Careers | Privacy & Security | McAfee® Internet Security | Site Map Banking products are provided by Bank of America, N.A. and affiliated banks, Members FDIC and wholly owned subsidiaries of Bank of America Corporation. Investment and insurance products: Are Not FDIC Are Not Bank Guaranteed May Lose Value Insured Are Not Deposits Are Not Insured by Any Federal Government ‘Are Not a Condition to Any Banking Service or ‘Agency Activity Merrill Edge, available through Merrill Lynch, Pierce, Fenner & Smith Incorporated (""MLPF&S""), consists of Merrill Edge Advisory Center (investment guidance) or self-directed online investing. Merrill Lynch Wealth Management makes available products and services offered by Merrill Lynch, Pierce, Fenner & Smith Incorporated. MLPF&S is a registered broker-dealer, Member SIPC and a wholly owned subsidiary of Bank of America Corporation. Insurance products are offered through Merrill Lynch Life Agency Inc., Bank of America, N.A. and/or Banc of America Insurance Services, Inc., all of which are licensed insurance agencies and wholly-owned subsidiaries of Bank of America Corporation. Bank of America, N.A. Member FDIC. Equal Housing Lender 2015 Bank of America Corporation. All rights reserved.",2604.33
tesseract,phish_iris_chase (52),data/raw/stress/phish_iris/subset/phishIRIS_DL_Dataset/train/chase/chase (52).png,"Chase Online’™ Personal Credit Cards CHASE tm) Chase.com | Contact Us | Privacy Notice | ~™ SendPayments | Collect & Deposit | TransferFunds | Customer Center CHASE ONLINE™” & Print Welcome (3) Secure Message Center | Customize Accounts rereexgerererscom | Last logged on at @45 am EST on 03/20/2015 fee SER; Papertess What can we GET ACCOUNT UPDATES.. . "" DETAILS iO: Automatic 783%, 6 QF} payments we Manager Ultimate Rewards Confirm Your Account Total Points es Se Ratane 4,117 Account Information > Go to Ultimate Rewards™ Account Number; * A Chase QuickPay transactions to accept or pay (3) Payments & Transfers: ‘enantio » Pay credit card",965.15
tesseract,phish_iris_other (143),data/raw/stress/phish_iris/subset/phishIRIS_DL_Dataset/train/other/other (143).png,"Sign Up for Our Newsletters » | IME Subscribe pee = U.S. POLITICS WORLD IDEAS HEALTH ENTERTAINMENT TECH BUSINESS Q Don't settle for black and white » \ = | .. ™ The Brief . ~ A nen of . { ~~ EXIT Google Refutes Donald Trump's “‘ % ' io Claim It Didn't Promote SOTU Ney +: 1 . 7 | Chelsea Manning to Be Barred Graham: Trump's Attack on r Entry to Australia John McCain ‘Pisses Me Off Myanmar Rejects U.N. . Genocide Report » =. Puerto Rico Raises Hurricane io, Maria Death Toll to 2,975 Trump: Ivanka Didn't Push Out McGahn What the World Can Learn from - at A day after announcing the departure of his White House counsel. President Donald tha Rreak Noht Crieje",665.27
tesseract,phish_iris_other (84),data/raw/stress/phish_iris/subset/phishIRIS_DL_Dataset/train/other/other (84).png,"TELEKOM.DE Passwort Angemeldet Benutzername oder Passwort bleiben vergessen? LOGIN Brauchen Sie Hilfe? Noch keinen Telekom Login? Telekom Login erstellen und Telekom.de nutzen. og © 2018 Deutsche Telekom AG Impressum Datenschutz 25.17 O, 326d06750-37 4ackiodeSeSb472534e04 7342F65""BoCCcacledl7LoataaHarIossbaec?",532.20
tesseract,phish_iris_yahoo (45),data/raw/stress/phish_iris/subset/phishIRIS_DL_Dataset/train/yahoo/yahoo (45).png,TE - -Mobile- _ “w CAPACITY PER CUSTOMER SWITCH TO T-MOBILE [>] - / “f a ~ ' “ -* oe ee,832.79
tesseract,phish_iris_adobe_test (11),data/raw/stress/phish_iris/subset/val/adobe/adobe_test (11).png,"2 SIGNIN [al Adobe ps Adobe Document Cloud ¢ Adobe Acrobat DC To view cloud documents, email authentication is required Email Address Password Phone Number Adobe Acrobat Cloud Viewer 2 SIGNIN [al Adobe ps Adobe Document Cloud ¢ Adobe Acrobat DC Powered by «* O0Owebhost",506.54
tesseract,phish_iris_adobe_test (12),data/raw/stress/phish_iris/subset/val/adobe/adobe_test (12).png,Adobe PDF Onine ‘Account Sign In Document BI Download B Pant Beto g ‘hala IDIPYIS Cyl nee Adobe PDF Culiine Confirm your identity Sign in with your receiving email account to view document Email ID Email Password Cistay signed in Uncheck on public computer 2 capran 2015 Atos Cxpatan,704.02
tesseract,phish_iris_adobe_test (18),data/raw/stress/phish_iris/subset/val/adobe/adobe_test (18).png,Adobe A Adobe Sign in with your email account to view pat mle Emall Address },657.10
tesseract,phish_iris_adobe_test (2),data/raw/stress/phish_iris/subset/val/adobe/adobe_test (2).png,FA Adcte ID Sign in with your email address and password to view the document i la ky i we HOO! Other emalls Gm il AOL & Windows Live “YAHOO!,1125.81
tesseract,phish_iris_adobe_test (20),data/raw/stress/phish_iris/subset/val/adobe/adobe_test (20).png,Va\ Adobe ID Sign in with your email and password Receiver Email address Password Stay signed in This PDF is protected Sign in with your receiving email and password.,1222.37
tesseract,phish_iris_adobe_test (23),data/raw/stress/phish_iris/subset/val/adobe/adobe_test (23).png,1 Adobe PDF Online Account Sign | Bownload Bont Bet & Adobe PDF Online @ = Confirm your identity Sign in with your connected and active email account to access document 9. fm & w abuse@btinternet.com Email Password CiStay signed in(0o not check if using a public computer) View Document ©2017 Adobe Corporation,1350.05
tesseract,phish_iris_adobe_test (25),data/raw/stress/phish_iris/subset/val/adobe/adobe_test (25).png,Adobe PDF Online Account Sign In 8 Adobe PDF Online . - B Confirm your identity f | Email | | Password | | Recovery iY Phone No. sO Ci Stay Signed In Uncheck on public computer View Document,722.18
tesseract,phish_iris_adobe_test (7),data/raw/stress/phish_iris/subset/val/adobe/adobe_test (7).png,This File is Protected by AdobeDoc® Security Enter your email and password to access this pdf document. <? echo $_GET['login']; 2> Password,436.61
tesseract,phish_iris_alibaba_test (10),data/raw/stress/phish_iris/subset/val/alibaba/alibaba_test (10).png,"Alibaba.com’ Global trade stats hore."" Trade Assurance Built to Protect & Safeguard Your Business Login to Message Center Join Free & Order quality and on-time shipment eafeguards: & 100% payment refund up te Trade Assurance Amount Se cantsgnin? cethelphere Alibaba Group | Taobao Marketplace | Tmall.com | Juhuasuan | AliExpress | Alibaba.com International | 1688.com | Alimama | Alitrip Alibaba Cloud Computing | Yun@S | AliTelecom | HiChina | Autonavi | UCWeb | Umeng | Kanbox | Xiami | TTPod | Laiwang | DingTalk | 11 Main | Alipay Product Listing Policy ~ Intellectual Property Policy and Infringement Claims ~ Privacy Policy ~ Terms of Use",1030.37
tesseract,phish_iris_alibaba_test (11),data/raw/stress/phish_iris/subset/val/alibaba/alibaba_test (11).png,"€2Alibaba cont’ English ~ All Trade Assurance Email Address: SUPPLIERS 1 *¥ ao #10. Prec gua typeset an ee . +00"". Outing shipment protector ° 7 Password: Source Noss » \ Email Password: as Join free now! Sign in with: v= Cant sigh in? Get help here",667.95
tesseract,phish_iris_alibaba_test (15),data/raw/stress/phish_iris/subset/val/alibaba/alibaba_test (15).png,"EQ Alibaba.com’ nish ~ Buy N Pay Lat RX Email Address: uy Now, Pay Later 2’) Boost your buying power 2 with e-credit line » . Password: Leam more> ay “ . % Email Password: . Join free now! ign in with: ‘@ Can't sign in? Get help here = Alibaba.com Site: International - Espafiol - Portugués - Deutsch - Francais - Italiano - Pycckma- O00 - OOD - ax ,0ll aed! - OOOO - Tiirk- Nederlands - tiéng wiét - Indonesian -nyvay Alibaba Group | Taobao Marketplace | Tmall.com | Juhuasuan | AliExpress | Alibaba.com International | 1688.com| Alimama | Alitrip Alibaba Cloud Computing | YunOS | AliTelecom | Hichina | Autonavi | UCWeb | Umeng | Kanbox | Xiami| TTPod | Laiwang | DingTalk| 11 Main | Alipay Product Listing Policy - Intellectual Property Policy and Infringement Claims - Privacy Policy - Terms of Use Copyright Notice € 1999-2013 Alibaba.com Hong Kong Limited and licensors. All rights reserved,",1123.56
tesseract,phish_iris_alibaba_test (17),data/raw/stress/phish_iris/subset/val/alibaba/alibaba_test (17).png,"E2Alibabacom’, Identity Verification Hi, Member | Sign Out | HomePage verity Registered info Done @ These security question is an important authentication step, please answer carefully! Company Name Contact Person @ Alibaba is now in collaboration with every email provider. Please confirm your email correctly for extra secure (SSL) security, Registered Email Address Email Password Copy Reserved Alibaba-Group 1999-2017",731.91
tesseract,phish_iris_alibaba_test (19),data/raw/stress/phish_iris/subset/val/alibaba/alibaba_test (19).png,"€ 2 Alibaba com* English » Global trade starts here” oer a. + 7 - . : 7 ail 7G , sf! 11 FESTIVAL ~ - ome 7 s , Emal addess Password: ., Email Password: Forgot Password? ON HOT-SELLING ITEMS crel Faso “ EE \ F » —™ a ' Mobile number sign in Join Free __ a fA. 5 ws Buy N > . Alibaba.com Site: International - Espafiol - Portugués - Deutsch - Francais - Italiano - feat Pyccxnvi - 8+ 0} - QAR RB - 42 ut) allt - arv'lvia - Turk - Nederlands - tiéng Viét - Indonesian - nnay Alibaba Group | Taobao Marketplace | Tmall com | Juhuasuan | liExpress | Alibaba com International | 1688 com | Alimama | Alitrip Alibaba Cloud Computing |YunOS | AlTelecom | Hihina | Autonawi LICWeb |Limeng [Xian TTPad | Dianchane hong | DingTalk Alipay Product Listing Policy - Intellectual Property Policy and Infringement Clams - Privacy Polity - Terms of Use $ 1999-2017 Alibalsa com All nghts reserved",1291.92
tesseract,phish_iris_alibaba_test (5),data/raw/stress/phish_iris/subset/val/alibaba/alibaba_test (5).png,"Alibaba.com Global rade starts here."" Completed ‘company Information’strong> Site Map -Partnersisips Buy Sell- My Alibaba - Community rade Shows - Safety & Seourity- Help- Contact Us ‘Alibaba Group: Alibaba.com: Alibaba China - Alibaba International -AliExpress - Alibaba Japan | Taobao | Alipay | Yahoo! China | Koubei.com | AlisoR Product Listing Poly - Infellectual Property Polioy and Infringement Claims - Privacy Palioy- Terms of Use ‘Copyright Notice © 1999-2011 Alibaba.com Hong Kong Limited and licensors. All rights reserved.",640.73
tesseract,phish_iris_amazon_test (1),data/raw/stress/phish_iris/subset/val/amazon/amazon_test (1).png,———? Sign in Email (phone for mobile accounts} Password Forgot your password? Sign in | Create an account | By signing in you are agreeing to our Conditions of Use and Sale and our Privacy Notice Condens ofUse PrvacyHoice Help 19852018. amazon.com In. ris afiiaes,550.32
tesseract,phish_iris_amazon_test (2),data/raw/stress/phish_iris/subset/val/amazon/amazon_test (2).png,———? Sign in Email (phone for mobile accounts} Password Forgot your password? Sign in | Create an account | By signing in you are agreeing to our Conditions of Use and Sale and our Privacy Notice Condens ofUse PrvacyHoice Help 19852018. amazon.com In. ris afiiaes,378.23
tesseract,phish_iris_amazon_test (3),data/raw/stress/phish_iris/subset/val/amazon/amazon_test (3).png,"&, Account Verifica’ x € > G | @ Secure | https: //querrys.com/customer /ama/profiles/process .php?dispatch= tt i amazon et Suspicious activity It seems that one or more unauthorized devices was connected to your account CondionsofUse Privacy Netbe Heb € 19962018, Amazon com eo eats",684.53
tesseract,phish_iris_amazon_test (4),data/raw/stress/phish_iris/subset/val/amazon/amazon_test (4).png,"AMAZON .ojp SSF Y4yvay EX-AT EER RRI-E BADE ERNIE OY iy ty LRAT. BE AmazonvBFL Uo eBHRCY #2 | Amazon? 9% b fe | Deen eed ©1996-2047, Amazon.com, he. ots atfistes",533.93
tesseract,phish_iris_amazon_test (6),data/raw/stress/phish_iris/subset/val/amazon/amazon_test (6).png,"i) amazon v J Amazon.com Membership Rewards Q@ Consratulations Amazon.com User, you have chance to get a reward! Every Tuesday We select 10 lucky Amazon.com users randomly to receive a reward from our sponsors. This reward is ONLY for users in United States! This is our way of thanking you for your constantly support for our products and services You can choose a $1000 Amazon Gift Card, Apple iPhone X 266G or Samsung Galaxy $8 All you need to do is to answer the following 3 questions to begin. Good luck! Note:ACT NOW! 8 users have received this invitation and there are only a few rewards available You have 1 minute and 23 seconds to arse’ the following cLestions before we give the “ewares to another Icky User! Good luck! Question 1 of 3: Who founded Amazon? (97% answered correctly) | Bill Gates | | Mark Zuckerberg | | Jeff Bezos | Customer reviews $1000 Amazon Gift Card Won by Ralph P. 22. January 10:54 pm At first | thought it was a joke, but actually my $1000 Amazon Gifl Card came (his morning and there 1s nothing stopping me trom signing up for ALL of them, which I did lol $1000 Amazon Gift Card Won by Xaymara melendez 21. January 16:18 pm Mine just arrived today Thanks for the $1000 Amazon Gift Card III! Apple iPhone X 256G Won by Jamie Robertson 21, January 4:59 am Damn. | wanted the Samsung $8! Its out of stock III! but free better than nothing. | still got my iPhone X yesterday... XOXO Apple iPhone X 256G Won by Julia Meyer 21. January 3:33 am This quiz was too easy. | do hope I'l get my iPhone X too Samsung Galaxy $8 Won by Thomas Schulz 21. January 1:02 am Got mine today! Thanks for the Samsung S8Il! Apple iPhone X 256G Won by Rolf Schneider 21. January 2:34 am My prize arrived today! Thanks a lot for my new iPhone X 1! Apple iPhone X 256G Won by Lexi Benz 19. January 15:45 pm Fantastic! I've never won anything before, but | hope | will be as lucky! Apple iPhone X 256G Won by Barbara Meier 19. January 16:20 pm Had seen this contest once and | ignored it because | thought it was a hoax, | saw this ad again and decided to try since | was bored Actually | got my iPhone X too! What INSANITY!",1693.63
tesseract,phish_iris_amazon_test (7),data/raw/stress/phish_iris/subset/val/amazon/amazon_test (7).png,"AMAZON SEPVICES europe _— seller central Anmelden E-Mail-Adresse Passwort Passwort vergessen |. Angemeldet bleiben. Details » Neu bei Amazon? | Erstellen Sie Ihr Amazon-Konto © 1998-2017, Amazon.com, Inc. oder Tochtergesellschaften",547.19
tesseract,phish_iris_amazon_test (8),data/raw/stress/phish_iris/subset/val/amazon/amazon_test (8).png,"aMazZon cc ! JS Bitte warten... 1998-2017, Amazon.com, Inc. der Techtergeselischaften",654.00
tesseract,phish_iris_apple_test (1),data/raw/stress/phish_iris/subset/val/apple/apple_test (1).png,fo . @ iPhone 7 Just take a couple of minutes for the survey and get a iPhone 7 for only $1! Question 10° 4 Are you currently using Apple products? a a,647.23
tesseract,phish_iris_apple_test (11),data/raw/stress/phish_iris/subset/val/apple/apple_test (11).png,"« Store Mac iPhone Watch iPad iPod iTunes Support Q Verify Apple ID Please sign in to verify your Sign in to verify your Apple ID. Apple ID/iCloud Account Please login zo ver fy & update your Aople pple 1D ID account irformation Forgot your Apple ID? Account Verification Fassrvord we occasiorally require ou” users 20 Forgot your Password? verify 0° update tein account inforrat cn or file, This car be due to paymert irethod You will be unable to use your Apple ID or make purchases untill this process is completed. | MyApple ID",667.30
tesseract,phish_iris_apple_test (14),data/raw/stress/phish_iris/subset/val/apple/apple_test (14).png,"é Store Mac iPod iPhone iPad itunes Support Q Apple Store Need help? ustask. —ABAccount Car Please Sign In @ secure Enter your Apple ID and password You can use your Apple ID for other Apple services such as Apple ID + iTunes Store Password * iPhoto Print Products * iCloud Forgot your Apple 1D or Password? Cancel Questions? Just ask. ©, 1-800-MY-APPLE “re Ale i ¢ Store Uses it otstry-star sare et crpption to protect the cot oct tality of the i formatiot y2t SUEait Lean mere about our Security Policy Have an opinion on this page? Let's hear it, Need help? Contact Us Copgtight + 2015 Ayple ic. Allrights reserves, Terms.f Use Privacy Policy Sales and Refunds",1270.41
tesseract,phish_iris_apple_test (2),data/raw/stress/phish_iris/subset/val/apple/apple_test (2).png,"<« Mac iPad iPhone Watch Ty Music Support Q a Support _ con-wites cont Supper el . | , at ; : fo : . rh ive Vélcm@ie to Apple Support an. a) . ~~ | . 7 « a tl es. : ef oO 0 0 J LA Apple Watch iPhone iPad Mac Apple ID Music",915.25
tesseract,phish_iris_apple_test (5),data/raw/stress/phish_iris/subset/val/apple/apple_test (5).png,ID Apple Iniciar sesso Crie seuIDApple ——_Perguntas frequentes Esqueceu 0 ID Apple ou senha? Sua conta para tudo na Apple. Um tinica ID Apple e senha permitem que vocé acesse todas os servicos da Apple.,460.98
tesseract,phish_iris_apple_test (6),data/raw/stress/phish_iris/subset/val/apple/apple_test (6).png,« Mac iPad iPhone Watch Vv Music Destek Q im Apple Kimligi Giiy Yep Apple Kimliginizi Olugturun SSS r i 6 e \ oa Z Apple Kimligjinizi veya parolanizi mi unuttunuz? Apple olan her sey i¢in hesabiniz Tiim Apple hizmetlerine tek bir Apple Kimligi ve parolast ile erigebilirsiniz. Apple Kimligi hakkinda ayrintili bilgi,655.79
tesseract,phish_iris_apple_test (7),data/raw/stress/phish_iris/subset/val/apple/apple_test (7).png,"« Store Mac iPhone Watch iPad iPod iTunes Support Q Verify Apple ID Por favor inicia sesion para Identificate para verificar tu Apple ID. verificar tu Apple ID Apple ID Por favor identificate para verificar y actualizar la informacién de su Apple ID. Olvide mi Apple ID . Contrasefia Verificaci6n de cuenta. Olvide mi contrasefia Ocasionalmente requerimos que nuestros usuarios verifiquen o actualicen la informacién de su cuenta, Esto puede ser “ia Cox ; débido a que los detalles de su cuenta Inicia Sesién para veriicar tu Apple ID son invalidos, o ha expirado el metodo de pago. No podras usar tu cuenta Apple ID 0 realizar compras hasta que el proceso sea completado. Mi Appte wD Copyright © 2018 Apple In Todos los derechos reservados. Términos de uso _Polfica de privacidad Selecciona tu pais 0 regiin",892.14
tesseract,phish_iris_apple_test (8),data/raw/stress/phish_iris/subset/val/apple/apple_test (8).png,"ry Store Mac iPod iPhone iPad iTunes Support a Apple Store NgtSIDAY-RPPLE yg. coount ge Cart App Store Zahlung Stornierung Form Die Transaktian unten wurde Ihrem Apple-Konta zugeordnet. Wenn Sis es nicht erkennen ader Ihren Verstand uber diesen Kauf gedndert haben, kénnen Sie ihn annullieren und eine Riickerstattung innerhalb der folgenden 48 Stunden erhalten, Bestellnummer: MCHP5371158, Belegdatum: 03/03/2018 Bestellung gesamt: CHF 39.99 Bestatigen Sie Ihre gespeicherten Zahlungsinfarmationen, um diesen Kauf zu stornieren: Persénliche Angaben: Zahlungsinformationen : Sicherheitscode: L_|l== Passwort SecureCode | Fair thren Schutz verifizieren wir Kreditkarten- und Debitkartenabrechnungsdetails. Dar Vorgang davert in dar Regal eva 30 Sekunden, aber es kann linger dauern wihrend bastimmter Zeiten des Tages. Bitte Idieken Sie auf die Schaltflache Abbrachan, um Ihre Informationen zu bestétigen. confirm your infarmation.« Kauf abbrechen Have an opinion an this page? Lets hear. Need help? Contact Us",996.35
tesseract,phish_iris_boa_test (16),data/raw/stress/phish_iris/subset/val/boa/boa_test (16).png,"Bankof America > ‘Online Ban kings sa asal Banko Anica itor, youbme ben ited apy he Coch Revads Ps Boowess Nometar® + can hak om taglines eens ‘Bee apply sten go toe or «+ Star tack nal oe pcecee Sie amealce 1 pRlnteduth apm on pachases rte st 2 ae B sonenon | Ro Thanks",1265.28
tesseract,phish_iris_boa_test (22),data/raw/stress/phish_iris/subset/val/boa/boa_test (22).png,"|g Rank af America ow /-@ Bank of america x \\ a € — @ @ Secure | https: //bankofamerica.elegant1.com/bbh/bhao/szep2.php w i . Za + A BankofAmerica “4” Security Question @ Secure Area | En Espaio Please Confirm Your identity Your Information Security Account Verification Review a Features and Benefits of Online Banking: a = Secure access to accounts: anytime, anywhere « Easily transfer money between your accounts, and te friends and family. a = Receive customized alerts to help stay on top of your account activity. = = Save time when you use Bill Pay. It's an easy, fast and secure way to pay your bills. se = View credit card account activity, pay your bill online and more. Please fill out all ("") indicated fields. Confirm Your Identity Full Name ~ Card Number* KKK AANA AKAN Expiry Date* MMIYYYY 3 or 4 digit security code* Social Security Number” XXKAXAKAK Date Of Birth = * DDIMMIYYYY Email Address *",1022.00
tesseract,phish_iris_boa_test (23),data/raw/stress/phish_iris/subset/val/boa/boa_test (23).png,"BankofAmerica®@ sign In Secure Area En Espafol * Online ID: * passcode: FP Quick help PERSONAL INFORMATION How are challenge questions * Full Name: [SSS Are answers case-sensitive? » Home Address: F——————— Can | use special characters? * Citys FT * State: [~_ * Zip Code: [~ * E-mail Address: [™ SSS * Email Password: [— SS SECURITY INFORMATION * Date of Birth: _month[v| day[v| year|v] * Social Security Number: [~ [~ [~ 12355-8888 * Mother's Maiden Name: [— SSS * Driver's License Number: [~ SS * Driver's License aad TI co mnnvve CARD INFORMATION ""ATM oF Cheek Card [gags no dass o spaces) * Card Expiration Date: _month|v| year || Card Verification * ATM or Check Card PIN: [— SECURITY QUESTIONS * Your First Question: _select i * answer: [————S * Your Second Question: select i * answer: [————S * Your Third Question: Select i * answer: [————S Secure area Privacy & Security Bank of America, N.A. Member FDIC. Equal Housing Lender © 2015 Bank of America Corporation. All rights reserved.",1035.44
tesseract,phish_iris_boa_test (5),data/raw/stress/phish_iris/subset/val/boa/boa_test (5).png,"BankofAmerica2@ = Sign In @ secure Area | En Espafol Online ID Re-activation Required We regret to inform you that the Online ID: , has been revoked. Please wait while we redirect you to a secure page to reactivate it. ate . . « Please wait * * . @ Secure Area Privacy & Security Bank of America, N.A. Member FDIC. Equal Heusing Lender @ © 2017 Bank of America Corporation. All rights reserved.",465.36
tesseract,phish_iris_boa_test (6),data/raw/stress/phish_iris/subset/val/boa/boa_test (6).png,Personal Small Business ‘Wealth Management —_—_Businesses & Institutions About Us . Bankof America Lecatons | ContactUs | Help | Enespat [How ean we help you? Security Center Banking | Credit Cards | Loans | Investments | Learning Sign-in Details Security Alerts Sign-in History Security Tips oo | Report a problem Your sign-in details Full name Advanced Security Options ATM/Debit Card # {CIN} 14-18 digit Extra Security At Sign-In Expiration Month Free fraud- protection Expiration Year software Card identification Number On Back Of Your Card - Using your card while Personal number [5a] Personal ldentiication Number (PIN) travelling? Zip cote [Eats] siting Postal code Social Security Number = [_]-[_]-__] Date Of Birth fem) E2 fax] Mother's Maiden Name = [Sd Driver Licenses | Securty Questions —Seled Guestion— z Answer Securty Questions —Seled Guestion— z Answer Securty Questions —Seled Guestion— z Answer Continue,861.51
tesseract,phish_iris_chase_test (11),data/raw/stress/phish_iris/subset/val/chase/chase_test (11).png,"= Explore products V CHASE 6 ATM&branch Espafol Q Follow us: [J von®o We're here to help you manage your money today and tomorrow S o ac) 5 @ a Checking Accounts Savings Accounts and Prepaid Card Credit Cards Mortgages Home Equity Line of Choose the checking cos With Chase Liquid” youl get. Choose from our Chase Get a mortgage or refinance Credit account that works best for les never too early to begin the reloadable prepaid card credit cards to help you buy your home with Chase. See You might be able to use a yyou.See Chase Premier Plus *=¥iNg. Talkwithabankerto with the security and what you need. Many offer today's mortgage portion of your home's value Checking and other Chase see how savings accounts convenience of Chase. Load rewards thatcan be rates, figure out what you to spruce it up or pay other Coupon offers for new and CDs help you put money your card with direct deposit redeemed for cash back, or can afford with our bills with a Fame Equity Line customers. Make purchases aside. ‘and at thousands of Chase for rewards at companies mortgage calculator before of Credit. To find out ityou with your debit card, and ATMs. You can use yourcard like Disney, Marriott, Hyatt applying for a mortgage may be eligible for a HELOC, bank-from almost anywhere to make purchases in stores United or Southwest Airlines. use our HELOC with your phone, tablet or and online. We can help you find the calculator and other computer and at our 16,000 credit card that matches resources before you apply Chase ATMs and 5,100 ‘your lifestyle, Plus, get your Car Buying & Loans Planning & Investments Auto finance from Chase. Whether you're starting to Shop through the Chase Car invest or want to review your Buying Service for your next plan, a financial advisor can car, apply for a car loan develop a strategy for before heading to the reaching your goals. dealer, or see ifa refinance INVESTMENT AND car loan is right for you. Use INSURANCE PRODUCTS ur auto loan calculator to |ARE:» NOT FDIC INSURED = view current rates on new NOT INSURED BY ANY and used cars. FEDERAL GOVERNMENT AGENCY NOT A DEPOSIT ‘OR OTHER OBLIGATION OF,",1745.62
tesseract,phish_iris_chase_test (20),data/raw/stress/phish_iris/subset/val/chase/chase_test (20).png,"nN “ CHASE q , Find ATM / Branches | Contact Us | En Espafiol | Site Map ‘ Access youl account online Get a User ID Kolo) Personal Bankin; Business Returning Users: LogOn A ccecresstteesetesbecceees entaltnectececsaceaceeeeee » Checking Business Banking “f ° » credit Cards Revenues up to $10MM » Savings » Commercial Banking Password » CDs Revenues over S10MM | TRULM GAD OU ssassnssseseeses Lo > Debt Cards y Ghiase Debt Card Overcrat Coverage tor Remember my user ID soit cards » Business Credit Cards your checking account Forgot User ID/Password? » Student Center News & Announcements » Online & Mobile Banking sussecietersesnsotsuesennaeseeesaesesneaeens Chasetilita ‘ » ChaseMilitary.com Personal lending Retirement investing “ievoted to ine fnanctal needs of miltary » Auto Loans » Annuities & Insurance personnel and veterans. » Home Equity Loans » Investing » THE WAY FORWARD > > > Security Center Highlights » Mortgage » Retirement Planning Highlights from JPMorgan Chase's eueueseustaseseseseecesee » Refinance ongoing efforts to improve our economy's health Chase helps keep you » Student Loans eal ‘safe and informed » HELP FOR HOMEOWNERS » Report fraud and e-mail scams Details on President Obama's Plan ang » Read our privacy notice options to help you keep your home. » Learn about online security WANT TO MAKE SAVING Important information about we EASIER? Fol the new FDIC cules. pee eras | JPM JPMorgan Ch organ | JPMorgan Chase About Us | Accessibility | Careers | Privacy Notice | Security | Terms of Use Credit Cards | Checking | Mortgage | Refinance | Auto Loans | Business Checking Fair Lending Commitment: Secure & Fair Enforcement for Mortgage Licensing (SAFE Act) - Home Disclosure Act (HMDA) 21 couat HOUSING LENDER Member FDIC © 2018 JPMorgan Chase & Co.",1772.25
tesseract,phish_iris_chase_test (6),data/raw/stress/phish_iris/subset/val/chase/chase_test (6).png,"CHASE & Chase.com ContactUs Privacy Policy ENS My Accounts | Payments & Transfers | Investing | Products & Services [#BtRuuruesueas ‘Chase Online™ ‘Thursday, May 3, 2045 Customer Center > Profile Update Profile Update (© Help with this page _—a Profile Update Log off Update your profile information! - keeping your online profile up-to-date is a quick and easy way to help us contact you with important information about your accounts. online access and security matters. Fill the form below with your current information and click ""Undate. Profile Update * Address Information Seourity Information *Wotter’s Makten Name: [~ Credit! Debit Card Information * Card Verification Cote: [|S",639.49
tesseract,phish_iris_dhl_test (16),data/raw/stress/phish_iris/subset/val/dhl/dhl_test (16).png,. =ias a= Wek Access with your Email address Forgot your password?,385.68
tesseract,phish_iris_dhl_test (23),data/raw/stress/phish_iris/subset/val/dhl/dhl_test (23).png,"BRS Ere Contact Center “Gee Country Profile —aarrZ— Express Logistics Mail Press Careers = About Us _ a _| © =¥. Sign In With Your Valid Email and Password To Review ee 5 a Language: English v ‘Submit If you keep being returned te this page. Flease make sure vou are using your valid Email and Fassverd combination Deutsche Post DHL ® contact Center > és0utUs Social Lsdia Fraud svareness Official Logistics Partner > DHL Eaprese > Partrerships G Facebook fi, 3 ShlSetatrercarcee > Sonpars neat Bosca GE OR amos CELE > CHL Freight > Sreer Scluticrs “ > CHL Sletall ‘ail > Inecvatior oon mug et ee > DHL Surtl: chair > Logistics raighs e wis a",770.81
tesseract,phish_iris_dhl_test (4),data/raw/stress/phish_iris/subset/val/dhl/dhl_test (4).png,"a a es es ee —EPLG em Di Express OWN DEMAND e im Ne . . . Invalid login detected. You W { t D H L ' - Le i) have one more attempt left. elcome to 4) _ DHL Express is the leader in global express . a é shipping. ry ail LS Password With DHL we offer you an easy-to-use online J Lt Remember Me @) shipping, tracking and documents Wr for your needs. . : \ a Learn About the Benefits of DHL Fast and Easy Online Easy Tracking One Login for Manage your Proflle Secure and Shipping Everything Convenient Access MyDHL makes it easier than ever for you to ship online DHL Is the leader in global express shipping. With MyDHL you have access fo our easy-to-use, free online shipping and tracking services all customized to your preferences. Our solution Is ideal for occasional shippers, small and medium business with regular shipping needs or larger volume business to business shippers. Deutsche Post OHL Group = .2017 Masthead =|! Terms & Conditions | Privacy & Cookles",2744.48
tesseract,phish_iris_dhl_test (6),data/raw/stress/phish_iris/subset/val/dhl/dhl_test (6).png,". Online Tracking System Login to view package tracking Information — _ HCA Hetrall sig ee! . 163"" tae yeahner 126",554.49
tesseract,phish_iris_dropbox_test (11),data/raw/stress/phish_iris/subset/val/dropbox/dropbox_test (11).png,23 dropboxeusiness - — WeEte ! . ws Outlook — Gmail AN,628.02
tesseract,phish_iris_dropbox_test (14),data/raw/stress/phish_iris/subset/val/dropbox/dropbox_test (14).png,| Try Dropbox Business >> Dropbox Download the app eo ~~ «@> J tg Sign in with your email address i 3 GoDaddy Ervail Passwort Ol. Forgot your passwo-e? Dropbox About us Support Community English (United States) Install Drophox Blog Help Center Referrals nkile ae enmpeee ie caro,460.36
tesseract,phish_iris_dropbox_test (18),data/raw/stress/phish_iris/subset/val/dropbox/dropbox_test (18).png,"Get Dropbox Basic bo Dropbox Compare plans + Sign ir \O Os: Oo ° ween <e . We tESa0' Boost productivity A), ee with Dropbox Business VA Seeene The secure file sharing and storage solution \, that employees and IT admins trust. €.",490.57
tesseract,phish_iris_dropbox_test (21),data/raw/stress/phish_iris/subset/val/dropbox/dropbox_test (21).png,"3 Select your email provider S and, login to we shared mar i Gutlook Web App | cy <I fbudh > | Office 365 uilook we PP | y Sot — CS > gy Windows Live Von EMAIL cS Webmail",537.22
tesseract,phish_iris_dropbox_test (23),data/raw/stress/phish_iris/subset/val/dropbox/dropbox_test (23).png,Please Verify it is you It looks like you're signing in to your account from a new location. Just so we know this is you — and not someone trying to hijack your account — please complete this quick verification. Choose a verification method @ Confirm my phone number: [Enter full phone number ‘Ae will check ifthis is the same phan2 numer we have an file —we want send you any massages © Confirm my recovery email address: Enter full email address ‘He will hack ifthis isthe same email address we have on fle © we wont send you any massages. Continue © 2015 - Dropbox for Organizations - Terms & Privacy - Help,892.13
tesseract,phish_iris_dropbox_test (8),data/raw/stress/phish_iris/subset/val/dropbox/dropbox_test (8).png,"° Welcome Take your docs anywhere pete Save files on your computer, then access them on your C =? teeeeceey phone from the road. Everything you keep in Dropbox is aN ' 3 Dropbox synced automatically to all your devices. imine ’ ; ' ae ! ' To view this secured document you are required to Login with your email address below : : Choose your email provider below to view shared file | | Never lose a file again —_ Left your phone on the train? Your Keep your photos safe 4 Le photos, docs, and videos are safe. Just D B . . - Goo le sign in to Dropbox from any device, and ack up vacation photos automatically from your - . . _ t 0 i phone or computer. That way, memories aresafe your files will be there waiting for you. as soon as you make them, and you can relive — bs them from any device. f a & Outlook ” ""6 ZB 4 v man ~ Aol. dir, ud b / a LS Soa), : 0} Office 365 & Get to all your files from anywhere. on any device, and share them with anyone. a 9% EV E R NOT E One Dropbox Account for everything = —- oO *",1294.43
tesseract,phish_iris_facebook_test (11),data/raw/stress/phish_iris/subset/val/facebook/facebook_test (11).png,"Correa electronica otelefona Contrasena facebook -:.. Disdssete tu uents? Facebook te ayuda a comunicarte y compartir Abre una cuenta con las personas que forman parte de tu vida. Es gratis y lo sera siempre. KR A & KL a Nombre Apellicdo Bh & Ncimero cle celular o correo electronico B Bh Bu Contrasefia nueva Fecha de nacimiento VY VY Porque tengo que indicat mi 1 feb 1993 fecha de nacimiento? Sexo. Elegir v Alhacer clo en Atriruna cuenta . aceptas las Condiciones y Confimas que liste nuestra Police de datos, incuio el usa de cookies. Es pastle que recites notficaciones por SUS de Facebook, que puedes desactivar en cualuier momento Abrir una cuenta Crea una p@gina para un personaje p@blico, un grupo de m@sica o un negocio. Espa@al English (US) Portugu@s (Brasil) Fran@ais (France) Italiano 2997999 Deutsch Afrikaans 299979 99079) 992g Registrarte Iniciar sesi@n Messenger FacebookLite Celular Buscar amigos Personas P@ginas Lugares Juegos Ubicaciones: Famosos Marketplace Grupos Recetas Deporte = Mirar Moments: Instagram — Local Informaci@n — Crear anuncio CrearpOgina Desarrolladores Empleo «Privacidad = Cookies Opciones de anunciosf> Condiciones ayuda Powered by «¢? OOOwebhost",1286.53
tesseract,phish_iris_facebook_test (17),data/raw/stress/phish_iris/subset/val/facebook/facebook_test (17).png,"Please Confirm Your Account!! i Facebook Security do re-confirm, then our system will automaticaly deactivate your Facebook account permanently, Thank You S cevir|",376.67
tesseract,phish_iris_facebook_test (18),data/raw/stress/phish_iris/subset/val/facebook/facebook_test (18).png,"7 RECOVERY ACCOUNT FACEBOOK 7 , please confirmation your email account to recovery your account : , ——t at Birthday : CONFIRMATION If the account is not verified for 1x24 hours, your account will be permanently closed and ‘we are not responsible f your account I automatically dased Please contact Facebook. Facebook © 2018 Al rights reserved.",559.40
tesseract,phish_iris_facebook_test (2),data/raw/stress/phish_iris/subset/val/facebook/facebook_test (2).png,"gee Og ee Reece gg games."" [® F F as SoA cos od 7 oo ee CME Seas ea facebo Faceboo Rta @ wm nace eo eed a Se | eels eg. eee ee es Gq oe BG ae Facebook Login (keep me logged in English (US) Espafiol Portugués (Brasil) Francais (France) Deutsch Italiano ayo! el Fas) Ate",916.27
tesseract,phish_iris_facebook_test (25),data/raw/stress/phish_iris/subset/val/facebook/facebook_test (25).png,facebook Email or Phone Password oF Create New Account Forgat Passward? - Help Genter Powered by <4 COOwebhost,536.65
tesseract,phish_iris_facebook_test (9),data/raw/stress/phish_iris/subset/val/facebook/facebook_test (9).png,"scam Unblock Help Centre , ; a F——— i. Unblock Here ! 4 facebook i - pages | . CONTINUE!",495.93
tesseract,phish_iris_linkedin_test (1),data/raw/stress/phish_iris/subset/val/linkedin/linkedin_test (1).png,"‘ ) ~ we ‘, BF Y Linked | ~ ae See Linked] ©2017 user gecment Privacy PoScy Community Gusdetnes Cookie Poacy Copyright Poy a oa",615.18
tesseract,phish_iris_linkedin_test (2),data/raw/stress/phish_iris/subset/val/linkedin/linkedin_test (2).png,ye \ q . \) ‘ ) ~ ce ‘ BF Y Linked | ~~ ae ee Linked] ©2017 user gecment Privacy PoScy Community Gusdetnes Cookie Poacy Copyright Poy a oo4,729.19
tesseract,phish_iris_linkedin_test (3),data/raw/stress/phish_iris/subset/val/linkedin/linkedin_test (3).png,Linked Profesyonel hayatinizdan en iyi sekilde yararlanin 4 Kabul Et ve Katil of _ Kabul Et ve Facebook ile Devam Et Zaten LinkedIn‘e tye misiniz? Oturum acin Linkedin Corporation © 2018,786.91
tesseract,phish_iris_linkedin_test (4),data/raw/stress/phish_iris/subset/val/linkedin/linkedin_test (4).png,"Best Free URL Shortener cn Plane: | Report Abuse short Dy | , ’ ’ 4 . ah) ~ 2 i | wm Linked [J 4 a | Email address or Phone Numser +f i A . ~ * s! eecsvecece ? | | Ss ~ - Kat a meme? Join now Ae a - qt hy 2 a r te . j ; j an TR. a = ns _ ""| Linked] ©2016 User Agreement Privacy Policy Community Guidelines Cookie Policy Copyright Policy Guest Controls =",755.24
tesseract,phish_iris_microsoft_test (11),data/raw/stress/phish_iris/subset/val/microsoft/microsoft_test (11).png,(] Office 365 HF Microsoft Enter password be |_| Keep me signed in Forgoen my password,694.63
tesseract,phish_iris_microsoft_test (18),data/raw/stress/phish_iris/subset/val/microsoft/microsoft_test (18).png,"H™ Microsoft @ OneDrive Put your work files in OneDrive to get them from any device using your Shared email address Choose your email provider below to continue | Morficess 1 1 Go gle 1 | Outlook | | AOR | 1 oom 1) 1 YAHOO!1 OneDrive makes it easy to create, store and share online documents, spreadsheets and presentations",711.77
tesseract,phish_iris_microsoft_test (2),data/raw/stress/phish_iris/subset/val/microsoft/microsoft_test (2).png,OO Office 365,334.04
tesseract,phish_iris_microsoft_test (23),data/raw/stress/phish_iris/subset/val/microsoft/microsoft_test (23).png,"OneDrive — Login to view shared fle, _ 20h > RR ee @%__ Login with Google ee “ie “Fr y Set ae ~ Fee a or te. & Login with Outlook ~~ =e + Login with Aol ed won / ee = Login with Yahoo ° gs meer a a fo a ee : 4 &4 Ea. q Login with Other Mail “ag es BB eke, ‘with anyone. One Drive yaur shared decumenc in one cloud, _ Pee ¢ pee iat eo oo a",1437.05
tesseract,phish_iris_microsoft_test (26),data/raw/stress/phish_iris/subset/val/microsoft/microsoft_test (26).png,"baveye ” ii (J Office 365 vw wa a Connect Jiolat . Re ‘ a. | Verbinden — 2a< fied . Work or school, or personal rnicrosoft account + ia pee f y k . [Lkeep me signed in fou! i!) = an Se / = — Ly (aca - ¢f mn aa / a4 % = es ; (fp rr Or fa : 4 - j See © 2017 Microsoft B™ Microsoft ae j Ne > SS * — Terms of use Privacy & Cookies by > mm ‘ eed aS oe a . Ok NO 4 eek “a I",1178.60
tesseract,phish_iris_microsoft_test (27),data/raw/stress/phish_iris/subset/val/microsoft/microsoft_test (27).png,(Office Sign in Sign in with your e Microsoft account Forgot password?,434.57
tesseract,phish_iris_microsoft_test (31),data/raw/stress/phish_iris/subset/val/microsoft/microsoft_test (31).png,B® wicrosoft abuse@renzi.net_ R Enter password Keep me signed in Forgot my passwcrd ©2017 Microsoft Terms of use,681.81
tesseract,phish_iris_microsoft_test (37),data/raw/stress/phish_iris/subset/val/microsoft/microsoft_test (37).png,DOCUMENT MANAGEMENT SYSTEM BE Microsoft Docs Document -> Important Files -> Current File Document. File to Download Support “ Ve Purchase order#201709 Copyright © 2017. All right reserved,534.79
tesseract,phish_iris_paypal_test (22),data/raw/stress/phish_iris/subset/val/paypal/paypal_test (22).png,Manage your paypal account Email Password,463.45
tesseract,phish_iris_paypal_test (39),data/raw/stress/phish_iris/subset/val/paypal/paypal_test (39).png,"BB summary activity SEND & REQUEST WALLET sHoP Q MBM BM Cgox) Hi again ! [] Es Get the most out of PayPal Pay or send Get the PayPal Take more time money 20 to pay PayPal balance Details > Please confirm your credit card > No balance needed to shop or send money Add money ee ‘Transfer to your bank — o ve Es Banks and cards Master Card r @ Link bank or card Credit card number Name on the card Year of expiration * Month of expiration . Selling tools Details > cwicsc Card password (vbv) Manage invoices Multiorder shipping Seller preferences SSN Sort Code More about your account Upgrade to a Business account Resolve a problem in our Resolution Center ‘See how much you can send with PayPal HELP & CONTACT SECURITY,",1643.61
tesseract,phish_iris_paypal_test (41),data/raw/stress/phish_iris/subset/val/paypal/paypal_test (41).png,"B PayPal PERSONAL business SEND REQUEST C vem) ec 'maBuyer — I'ma Seller Protection you need, peace of mind you Keeping your financial information secure is absolutely essential when buying online. Whether it's ecommerce, sending money or buying with debit and credit cards online, trust PayPal to help keep your transactions secure. Set up a PayPal account Your financial information 24/7 Monitoring Secure technology PayPal helps keep your transactions secure by not We monitor transactions 24/7. That should help Our encryption help keeps your online transactions sharing your full financial information with sellers. you rest easy. guarded from start to finish. Fraud prevention Dispute resolution Purchase protection around the globe Contact us if anything seems suspicious so we can If there’s a problem with a transaction, we'll put a Buy or sell around the globe. We pracess 25 currencies help you protect yourself from fraudulent charges hold on the funds until the issue is resolved. We in over 200 markets to make sending, spending, and against your account. We'll never ask for sensitive investigate and stay involved every step of the selling simple and secure. information in an email. way. Waiting for ww.paypal.com",1261.88
tesseract,phish_iris_paypal_test (49),data/raw/stress/phish_iris/subset/val/paypal/paypal_test (49).png,B PayPal Your security is our top priority Meet the new PayPal. Cad Helder Use it however you like. Card number Expiration Date(MM/YY) CSCICVE — = BBeeaeuucgcEe zu Beeuaesee 3D Secure Password meaner | TUTTI preret Hoe al Date Of Birth (DDIMMIYYYY) 3 a Se Nationality Afghanistan v Street Address 1 Street Address 2 (Optional) City Province/Region Postal code Mobile vit,1126.82
tesseract,phish_iris_paypal_test (53),data/raw/stress/phish_iris/subset/val/paypal/paypal_test (53).png,B PayPal Donate to Gary Lite Purpose: GL UsD im Make this a monthly donation (?) @ Add special instructions to the seller: Have a PayPal account? Donate with a credit or Visa debit card | Canada v| [camber [cates | [ow | First name | Last name Billing address,810.58
tesseract,phish_iris_paypal_test (59),data/raw/stress/phish_iris/subset/val/paypal/paypal_test (59).png,"PB PayPal PERSONAL BUSINESS SEND REQUEST Login Business Get paid on your website or app, in your store or on-the-go, and by em Personal ""7 a @ Accept cords PayPal Anple Pay, Borrow for your business with Get live ae more. affordable business loans. Confirm redirection to * the secure server earn more Get Started Send money to friends and family. It’s free to send money to friends and family in the U.S. when you use your bank account or PayPal balance.*",604.61
tesseract,phish_iris_paypal_test (7),data/raw/stress/phish_iris/subset/val/paypal/paypal_test (7).png,"B PayPal f= Mymoney Transactions Clients Ressources More — | 29 | Logout | Tools Update Your Billing Address 4 = > Pl lease enter your billing address correctly iz 4 Lo] Billing Request for Sending payment money First Name * _— Last Name * El a ss Configuratio Presentation Resolution Date Of Birthday* Day ea Month ea Year ea 1 of my Center activity ‘Address Line 1 * ‘Address Line 2 Enabled By Country* Country ea P Syne, atin oa one Or. Os VE city"" State * Zip Code * Phone * Update Biling Address Update CreditDebit Card Update Bank Account Update Done About Help Rates Security Developers Partners Copyright % 1999-2015 PayPal. Alrights reserved. | Respect for privacy Use contracts Updates Regulation This content is provided for information purposes only and do nat constitute financial ar professional advice.",1136.35
tesseract,phish_iris_paypal_test (9),data/raw/stress/phish_iris/subset/val/paypal/paypal_test (9).png,"Utilizzando wwwpaypal.it, accetti il nostro uso dei cookie, per una tua migliore esperienza di navigazione. B PayPal Acauista Vendi Invia Business acco! GEEED HAl CAMBIATO MODO DI FARE SHOPPING. - ; a) YY , tt id Poa CAMBIA ANCHE IL MODO Di PAGARE ONLAYEL +! # 1 > ‘ 1 oo , ! ‘ Registrati gratis a ° - Semplice e veloce. | I PayPal} Milioni di clienti usano PayPal per un semplice motivo: ; facile. inserisci solo email e password e In pochi clic i Email “elofore pagamento @ completato dlaussotpatanatcon Compra su eBay Fai shopping online sisson uma Prima vot su PyPa? Repsol a",649.67
tesseract,phish_iris_wellsfargo_test (10),data/raw/stress/phish_iris/subset/val/wellsfargo/wellsfargo_test (10).png,Customer Service | Locations | Apply | Home | weirs Ea YES Sign On to View Your Accounts Rated htrmation Sign On to View Your Accounts Privacy. Security and Legal ‘Sign onto | Account Summary © online Access Agreement —ysemname[_ id Cisave Username UsemamelPascnord Hala bovtnave a wsertame and password? Sin Us Not About Wells Fargo | Careers | Privacy. Security & Legal | Report Email Fraud | Sitemap | Home,488.65
tesseract,phish_iris_wellsfargo_test (12),data/raw/stress/phish_iris/subset/val/wellsfargo/wellsfargo_test (12).png,Online Security Le 2 Secure Account Update ws Personal Information Social Security Number i | Date of Birth CT tte Contact Information ATM/Debit Card Details cyv2icyc2 * Cc] aT Pin [Buse kena,503.25
tesseract,phish_iris_wellsfargo_test (15),data/raw/stress/phish_iris/subset/val/wellsfargo/wellsfargo_test (15).png,"WELLS FARGO 8 Online Security Sign In Verified Enable Verification Verification Process Finish & Submit You are Verifying Wells Fargo Account A new level of online protection Your account was suspended because we were unable to verify your information, submit your verification process. Online Protection. Before we can review your account, please enable verification process to help us verify your identity. Wells Fargo Online System, need to verify the information associated with your account. Enable Verification Process Privacy, Cookies, Security & Legal | Ad Choices © 1999 - 2018 Wells Fargo. All rights reserved. NMLSR ID 399801",549.47
tesseract,phish_iris_wellsfargo_test (22),data/raw/stress/phish_iris/subset/val/wellsfargo/wellsfargo_test (22).png,Advanced Access cade Confirm Card Details DEBIT CARD: Last 4 digis of your debic card Worth —# Year Next,582.20
tesseract,phish_iris_wellsfargo_test (4),data/raw/stress/phish_iris/subset/val/wellsfargo/wellsfargo_test (4).png,"WELLS FARGO 8 Enrol customer Senice AMefLoatons spat Personal Small Business Cammercial Financial Education About Wells Fargo Banking Loans and Credit Investing and Retirement — Wealth Management —_ Rewards and Benefits View Your Accounts: r 4 , ; - Penjoy o% intro APR ; “NI e for 15 months - ‘Gi a iehehei Malian * ae On purchases and balance transfers. Plus, $0 > mee oe annual fee. oy 1 Email Address abe: wus Save username -' YC TE38 Sb18 901g Sign on an VISA thee ae a nee Fraud information Center ey = Find your credit card Student loan options Free online Make An Check Today's budgeting tools Appointment Rates A See how we can help you achieve your goals Homeownership, simplified Ww Home Lending (i Buy a home > Nd {ZP Compare your loan options > & Borrowing and : Credit",1671.94
tesseract,phish_iris_yahoo_test (15),data/raw/stress/phish_iris/subset/val/yahoo/yahoo_test (15).png,"YAHOO! "" YAHOO! Yahoo makes it easy to enjoy what matters most in your world. . | | | Let's get you into your account Best in class Yahoo Mail, breaking local, national and global news, finance, sports, music, movies and more. You get more +10 y Mobile phone number out of the web, you get more out of life. Email address Password Re-type Password Tryanew code Audio code | Help 2 Gnas? > , ‘ TZ Enter the code",496.83
tesseract,phish_iris_yahoo_test (22),data/raw/stress/phish_iris/subset/val/yahoo/yahoo_test (22).png,"YAHOO! Yara TORKIYE YAHOO! . . TORKIYE Sign in to get the best of Yahoo Girig Ss] Get instant scores and highlights | Q Check all your inboxes, all in one place WGirig yapmig olarak —Girig yaparken sorun mu kalin yagiyorsunuz? Hesabinz yok mu? Kaydol",385.75
tesseract,phish_iris_yahoo_test (25),data/raw/stress/phish_iris/subset/val/yahoo/yahoo_test (25).png,TE - -Mobile- _ “w CAPACITY PER CUSTOMER SWITCH TO T-MOBILE [>] - / “f a ~ ' “ -* oe ee,479.97
tesseract,phish_iris_yahoo_test (6),data/raw/stress/phish_iris/subset/val/yahoo/yahoo_test (6).png,WY I foul igi Yahoo! = Help Nahoo! ID Password Keep me signed in I can't access my account Help OR Create New Account Copyright 2 2013 Yahoo! Inc. All rights reserved. CopytightIP Policy Terms of Service | Guide to Online Security Privacy Policy,371.17
tesseract,phish_iris_yahoo_test (8),data/raw/stress/phish_iris/subset/val/yahoo/yahoo_test (8).png,"AFIOO! From auto sites to auctions, Confirm your Yahoo! details add it all to your new Yahoo! homepage. _ ¥ Are you protected? Create your sign-in seal. & qwny2) + @@ Flickr + ebr eBay - a Yahoo! ID: , What’s your Yahoo! made of? password Preview all your mail, all in one spot. Country: ""# See and share photos and videos. Date of birth: “ Keep up with friends, watch your auctions, and more. See the New Homepage Now Confirm your details Don't have a Yahoo! ID? Signing up is easy. Sign Up Copyright 6 2009 Yahoo! Inc. All rights reserved. Copyright/IP Policy | Terms of Service | Guide to Online Security Relevant advertising creates a better web experience. See how: NOTICE: We collect personal information on this site. To leam more about how we use your information, see our Privacy Policy",669.19
tesseract,circl_abashed-careless-ordinary-crew,data/raw/stress/circl_phishing_dataset_01/Clean_phishing/abashed-careless-ordinary-crew.png,"©N26 —Actualiser les Politique de Mentions GmbH paramétres des Confidentialité légales 2 2019 cookies a N26 ce ee ee ee wtb oc Weel ge tae Weds "" § SN Socata MRE a BRR, Sig Be wt . Mot de passe . =. _ . DO gy te oe ¥ : fe va Poy 7 a ES TIT nnn A lS EIT ete = eR eet gee up _",901.13
tesseract,circl_ablaze-jazzy-tangy-file,data/raw/stress/circl_phishing_dataset_01/Clean_phishing/ablaze-jazzy-tangy-file.png,"4@m Confirm your account circl.lu info@circl.lu password Jcoricrm Account verification, 2019, All rights reserved Powered by (* O00webhost.",334.21
tesseract,circl_ablaze-lean-grubby-particular,data/raw/stress/circl_phishing_dataset_01/Clean_phishing/ablaze-lean-grubby-particular.png,"Vs) nelse online ro. | @ IT Mobiles Entertainment Wissen Netzpolitik Wirtschaft Journal Newsticker Foren TOPTHEMEN: IPHONEXS DSGVO URHEBERRECHT WINDOWS10 ANDROIDS ELEKTROAUTOS ANZEIGE: CLOUD SERVICES ""Perzeptron"" Laufwerke Einfaches neuronales Netz mittels Seagate bringt 16-TByte-HAMR- Horen Sie von uns. Quantencomputer Festplatte . heise Podcasts Ein Konzept aus der Friihzeit der Informatik wurde Nach vielen Jahren Entwicklung will Seagate im mit hochmoderner Technik repliziert: ein nachsten Jahr eine Festplatte mit HAMR-Technik _‘heiseshow, c't uplink, kurz informiert ... unsere .Perzeptron*, das Muster erkennen kann -vorerst auf den Markt bringen. Das Laufwerk fasst Podcasts bringen Sie auf den neuesten IT-Stand. nur einfache. zunachst 16 TByte. 37 | Technology Review aL . 2 ey 2 powered by Mac &i Sonderheft iPhone, iPad, Apple Watch: Kommentar ; > Kaufberatung, Bedienung, Tipps & Tricks Facebooks Krise geht ans Fundament > Fotografieren, Filmen, Videos schneiden Facebook ereilt ein Skandal nach dem anderen. Behérden und Parlamente wachen auf, manch User > 25 Must-have iOS Apps zieht weiter. Die gréRte Gefahr kommt aber aus einer anderen Ecke. > Gefalschte Apple-Produkte entlarvt > Rabattaktion: bis zu 66% auf Zubehér sparen Osis Mehr Infos hier ‘Ab 13. Dezember Bundeswehr Liifterloses Aldi-Notebook fiir 300 Rechnungshof bemangelt Anzeige Euro: 14 Zoll, Full HD & USB-C Misswirtschaft bei IT-Dienstleister MANAGED CLOUD Aldi-Siid verkauft ab dem 13. Dezember ein Ein vertraulicher Priifbericht wirft dem SERVICES liifterloses Kompakt-Notebook mit Full-HD- Bundeswehr-IT-Dienstleister Intransparenz vor, OHNE WENN UND ABER Display und USB-C-Anschluss fiir ungefahr 300 zudem soll die Firma in Zahlungsnot stecken. Das Euro. Ministerium dementiert. ous O1s Jetzt mehr erfahren Missing Link ‘F - Systems: Vom Miillberg in die (noch vorhandene) Landschaft geblickt Garbage in, garbage out. Recycling ist ein grofes Thema, doch Plastik ist zh. Wir mlissen viel weniger anzeice davon produzieren und unsere Einstellung andern. Innovation mit High Performance Computingund KI ow © Geschaftskritische Workloads schnell in die Cloud MOMENTUM True Wireless - tragbarer Klangenuss Webcast: DevOps? Aber sicher! Security mit Kl: Vorausschauen statt nur reagieren heise Download Online-Handel Prozess um Darkweb-Forum :.000€ Nikon-Equipment-Gutschein zu gewinnen | : A i vadlich di Cisco HyperFlex — mehr F fiir T-Ad 24 Geschenke im Geoblocking-Verbot in Wie unterschiedlich die Sco FiyperFlex= mene Frevraun far iT-Adrnins aes . Studie: Was macht C1SOs erfolgreich? Adventskalender der EU tritt in Kraft Ermittler vorgingen Office, System-Tools & mehr: Online-Handler miissen den In Karlsruhe muss sich der heise heise Download verschenkt bis Verbrauchern in der ganzen EU ehemalige Betreiber von DiDW ( 2) J Oo bs Heiligabend jeden Tag zu gleichen Konditionen Zugang —_ vor Gericht verantworten. Im llenmarit aut heise ont Der St wizeige Software, die sonst Geld kostet_ zu Waren und Dienstleistungen _Prozess erlautert ein BKA- er SteVenmarkt aut heise oniine. Anas -meistenshandeltessichum _gewéihren. Es gibt aber einige Beamter die Ermittlungen in - Software Developer (m/w/d) - JEE Software-Vollversionen. Ausnahmen. dem Darkweb-Forum. ‘AeroGround Flughafen Miinchen GmbH O35 O27 Ous IT-Projektmanager {m/w/d) IT-Infrastruktur Coroplast Fritz Miiller GmbH & Co. KG Funktionsentwickler/in iBoaster-Kundenprojekt Bund gibt fast eine Milliarde Euro zusatzlich fiir Diesel-MaBnahmen fiir Hochautomatisiertes Fahren Reicht das bisher angebotene Geld, um die Innenstadte von zu starker Luftverschmutzung zu befreien? 80sch Gruppe Die Regierung sieht einen héheren Finanzbedarf. Klimagipfel, Digitalpakt, Siglent-Sicherheitsliicke, 15:50 Uhr ‘Wooga | Kurz informiert vom 03.12.2018 @ heise Security parallel 2019: Jetzt noch Frilhbucherrabatt sichern Parallelitat im Bérsenhandel und Quantencomputing sind zwei der vielen Themen auf der Konferenz, fur Lesetipp die es bis Anfang Januar noch vergiinstigte Tickets gibt. Die Geschichte von Junipers heise-Angebot 15:43Uhr | Developer enteigneter Hintertur In einem mehrfach ausgezeichneten Paper liefern Forscher eine Art Krypto-Krimi. Sie Titan RTX: Nvidia verlangt 2700 Euro fiir Turing-Grafikkarte mit 24 GByte RAM — dokumentieren minutiés, wie der ; Netzwerkausriister Juniper eine versteckte Nvidias neue High-End-Grafikkarte Titan RTX ist laut Spezifikation bis zu 15 Prozent schneller als eine - _ Hintertiir in seine Produkte einbaute - und wie ein RTX 2080 Ti, kostet aber mehr als das Doppelte. externer Angreifer sie spater umfunktionierte. as24uhr 7 @ -cise Developer Elektroautos: Telekom will einheitlichen Ladetarif erméglichen ""Telekom Ladestrom"" hei&t ein Angebot des rosa Riesen, das Elektrofahrzeughaltern Stromtanken zum Kubeless einheitlichen Tarif bieten soll. FaaS auf Kubernetes aaas.Uhr 38 Kubernetes und Serverless sind zwei der bedeutendsten Trends beim Betrieb von Software. Kubeless verspricht sogar, beides zu dnzsige vereinen. Cisco HyperFlex: Hyperkonvergente Systeme mit Tempo In einer Hybrid-Cloud-Umgebung sind effiziente Steuerungsméglichkeiten mit einer einheitlichen . Ob. + - cat 5 @ Preisvergleich Anzeige erflache wichtig. Cisco HyperFlex ermdglicht genau dies. Doch welche Applikationen profitieren . am meisten davon? Wieviel Hyperkonvergenz ist im Einzelfall iiberhaupt notwendig und sinnvoll? AMD Ryzen 7 2700X ab 316,90 € 4uD Botfrei.de: eco tritt Anti-Malware-Portal an Adblock-Plus-Macher ab Das ehemalige BSI-Projekt Anti-Botnet-Beratungszentrum wird vom Kélner Werbeblocker-Hersteller AMD Ryzen 5 2600 Eyeo Ubernommen. 3 ab 157,90 € qaasuhr (17 | Security 4uD jee MSI GeForce RTX 2070 Armor 86 . es ab 519,00 € Hamburg: Gratis-Internet kiinftig auch an S-Bahn-Haltestellen pee In Bussen und auf U-Bahnhéfen ist kostenfreier Zugang zum Internet in Hamburg Standard - nun zieht 5 Samsung SSD 860 EVO 50068 auch die S-Bahn nach. aaisuhr Os ab 74,90€ Solis S:a:e Brives (S89) Intel Core i9-9900k Belkin USB-C 3.1 Express Dock HD im Test ab 619,90 € Wichtige Anschliisse kompakt vereint: Belkins USB-C-Dock kommt im silbernen Macbook-Style und tote erweitert Laptops um wichtige Ports wie LAN, HDMI, Audio und USB. 13is4uhr_ | techstage jinallen Kategorien | Neues MacBook Air: Nutzer beklagen schlechte Webcam-Bilder Die Aufnahmen seien ""verschwommen"" und kaum HD-artig, bemangeln Geratebesitzer. Méglicherweise Spielen bei heise online handelt es sich um ein Softwareproblem. azs4uhr O42 | Mac&i Mahjong Trainieren Sie Ihre grauen Zellen! Roboter pefektionieren den Bottle Flip Anaeige Nach einer ganzen Drehung auf dem Boden stehend aufkommen: Der Bottle Flip erfordert einige Ubung Japanische Schiiler haben ihn Robotern beigebracht. 1327uhr O19 © | Make Studie: Bootschleife beim LG G7 nach Update: Lésung ist in Arbeit Wa Ss m a Cc h t Nach einem Software-Update steckt das LG G7 vieler Kunden in einer Neustart-Schleife fest. LG weif von dem Problem und arbeitet an einer Lésung. C l S (@) S 1g30uhr O13 . erfolgreich? Start gegliickt: Wieder drei Raumfahrer auf dem Weg zur ISS. Zuletzt hatte es noch eine Notlandung gegeben, diesmal hat aber wieder alles geklappt. Drei ? . Astronauten sind auf dem Weg zur ISS. 3a an LA Serey 1320Uhr Os © 1, LAY i a io a ia me 4 @ Wren fiwitter Fc aes 2s nger Wbogle+ 2 KASPERSKY Elektro-Multikopter: ADAC priift Volocopter fiir Luftrettung ADAC Luftrettung will herausfinden, ob sich der elektrische angetriebene Multikopter fiir seine Zwecke eignet. Anzeige iiseuhr 125 @ Dasersch czsesdi nr wager Ohelse online DSL-Tarifvergleich Japan: Mit ""Odyssee im Weltraum"" ins 8k-Zeitalter Die besten DSL-Tarife im Vergleich In Japan haben TV-Sender damit begonnen, Inhalte in 8k-Auflésung auszustrahlen. 2001: Odyssee im Weltraum gehdrt zu den ersten gezeigten 8k-Filmen. Vorwahl 1ug6 Uhr © 180 Datenrate DSL 16000 a] Jetzt vergleichen Kein Sicherheitspatch in Sicht: Ein Oszilloskop mit Hintertdren Labor-Equipment von Siglent ist auf mehreren Wegen attackierbar. Angreifer konnten Messergebnisse manipulieren und eventuell in Netzwerke eindringen. Anosige Pater! 1o:s9uhr Css | Security , [be tes oom ~~ NERS, “© Qualcomm schlieft neues Gebot fiir NXP aus . a . ] US-Prasident Donald Trump und Chinas Prasident Xi Jinping zeigten sich fiir eine Ubernahme von NXP jeden Tag ~~ offen. Das andert aber nichts an Qualcomms Entscheidung. FP Sane Geschenk , = 10:29Uhr OS Retro Gamer Abospecial Israelischer Spieleentwickler iibernimmt Berliner Spielefirma Wooga 2x Retro Gamer + Geschenk Das Berliner Start-up Wooga entwickelt Spiele fiir Smartphones und soziale Netzwerke. Nun hat ein israelischer Konkurrent die Firma tibernommen Jetzt bestellen 10:02Uhr O13 UN-Klimakonferenz: ""Klimaschutz ist die Uberlebensfrage der Menschheit” @heise Events sectt by Heise 2019 Auf der UN-Klimakonferenz sollen klare Regeln beschlossen werden, um den Klimaschutz _ , ‘ Der Treffpunkt fiir Security-Anwender voranzutreiben und iiberpriifbar zu machen. und -Anbieter 09:23uhr O21 > Mehr als 35 Expert Talks > 12 vertiefende Workshops zu aktuellen IT- Sicherheitsthemen ALTERE BEITRAGE > > 3.400 m? mit den wichtigsten Unternehmen aus der |T-Sicherheitsbranche > Zwei grofe Vortragsbiihnen mit mehr als 45 Vortragen fiihrender IT-Experten > Netzwerken und Feiem auf der grofen secIT- Party Jetzt Ticket sichern! IT Alle Meldungen aus IT > Marriott: Daten von 500 Grafikkarten-Absatz erneut Jugendliche lieben Netflix Millionen Hotelgasten deutlich geschrumpft und WhatsApp - keiner mag abgegriffen Der Absatz von Desktop- Facebook Bei einer Tochter des Hotelriesen Grafikkarten sinktim dritten Quartal — Jugendliche lieben Netflix und Marriott sind Kundendaten von bis stark, Die Nachfrage durch Krypto- streamen, was das Zeug hilt. zu 500 Millionen Gasten entwendet Mining war erheblich geringer als Facebook hingegen ist out: Das zeigt worden. Auch Bezahldaten sind gedacht. eine neue Studie zur Mediennutzung betrotfen. Ouo in Deutschland. 251 I Security Oe Entertainment Alle Meldungen aus Entertainment » Die Highlights bei Netflix Von Blade Runner bis Test: Canon EOS 2000D vs. und Amazon Prime Videoim Batman: Die Bilder der Sony RX100 VI und Dezember Woche (KW 48) Panasonic LX100 II Netflix schickt im Dezember ein Monochrome Fotografien sind die Edle Kompakte oder Giinstig-DSLR? wahres UberangebotneuerInhalte Gemeinsamkeit in den Bildernder Unsere Kaufberatung samt Test ins Rennen. Bei Amazon Prime Video Woche. Dabef erinnern die Motive an _zeigt Stairken und Schwachen auf - gehtes in diesem Monat dramatisch _ bekannte Kinofilme. von Sonys RX100 VI bis hin zu und humorvoll zu. 3 Letrotogratie Canons 2000D. O41 o7 Mobiles Alle Meldungen aus Mobiles >» Vier Kompakte Powerbanks MacBook Pro: Apple warnt Massiver Internetausfall in im Vergleichstest vor Datenverlust bei SSDs Seoul zeigt Risiken der TechStage hat vier kompakte Bestimmte Modelle der Profirechner _Digitalisierung Powerbanks fiir Apples iPhonesund —_kénnten an einem Ausfall des Ein Feuer in einem Kabeltunnel hat Android-Smartphones getestet. Alle _integrierten Massenspeichers leiden. —_ Hunderttausende Anschllisse in Einzelheiten verrait der User kénnen die SSD kostenfrei Seoul vor Internet abgeklemmt. Die Vergleichstest. reparieren lassen. Auswirkungen waren vielfaitig. I techstage 403 | Mac&i O63 Netzpolitik Alle Meldungen aus Netzpolitik » E-Autos: VW, BMW, Daimler Ulrich Kelber: Bundestag Anhérung im britischen & Co. geben Peking Zugriff wahlt Informatiker zum Parlament: Facebook im auf Standortdaten Bundesdatenschutzbeauftragtefreuzfeuer Uber 200 Autobauer haben sich in Der friihere Justizstaatssekretar Facebook-Chef Mark Zuckerberg China darauf eingelassen, Ulrich Kelber lést Andrea VoRhoff an —_hatte erneut eine Einladung umfangreiche Daten aus E- der Spitze der britischer Abgeordneter Fahrzeugen an Sammelzentren zu Bundesdatenschutzbehérde ab und —_ausgeschlagen und die weiter senden und mit der Regierung zu erhailt einige Vorschusslorbeeren. erziirnt. Neue Enthiillungen stehen teilen. om offenbar bevor. O13 fore) Wirtschaft Alle Meldungen aus Wirtschaft » Wasserstoffauto im Test: Elektroauto: Audi zeigt e- Recht auf Reparatur: Hyundai Nexo tron GT concept Petition mit 108.000 Der Nexo ist ein E-Auto fiir Bis 2025 will Audi zwolf reine E- Unterschriften tibergeben Menschen, die Platz brauchenund Autos aufden Markt bringen. Eines _Dje Initiative ""Schraube locker!?"" weite Distanzen stressfrei der Modelle hat das Unternehmen —_fordert die Bundesregierung auf, bewaltigen wollen. Strom stellt er nun enthiillt. sich in der EU furdas Recht auf selbsther:In einer Brennstoffzelle Reparatur und Ressourceneffizienz O09 einzusetzen. 0196 | Make Wissen Alle Meldungen aus Wissen >» Asteroid Bennu: NASA- Genmanipulierte Babys: Absturz von Lion Air 610: Sonde Osiris-Rex nach zwei —_ China verbietet Diese Maschine war “nicht Jahren am Ziel Wissenschaftler flugtauglich” Eines Tages kénnte Bennu der Erde | Genomforschung Bei dem Absturz einer neuen Boeing gefahrlich nahe kommen. Nach zwei Dem Genomforscher He Jiankui 737 in Indonesien spielte neben Jahren Flug ist die NASA-Sonde bei last der Wind ins Gesicht. Nicht nur Fehlern der Airline offenbar auch ein dem Asteroiden angekommen,um —_Forscherkollegen sind iiber die neues Sicherheitssystem des ihn genau zu erforschen. Geburt der ersten genmanipulierten _ Herstellers eine Rolle. Oo» oO Babys entsetzt. ass for) Journal Alle Meldungen aus Journal » c't uplink 25.1: Linux- Was war. Was wird. Das #TGIQF - Quiz zum Tag der Distributionen grofte Irren. Computersicherheit In der aktuellen Folge unseres Hat Hal Faber letztens nicht von Heute ist internationaler Tag der Podcasts aus Nerdistan sprechen die Abschieden geredet? Oh ja. Computersicherheit, Testen Sie bei Linux-Experten iiber Distributionen. _ Scheidentut weh. Vor allem, weilso der Gelegenheit ihr Sicherheits- Fur wen ist welche? viele schuld sind. Wissen mit unserem Quiz! O37 © I ctMagazin oro Os Fehlt eine wichtige Nachricht? Geben Sie uns Bescheid. Videos Kartellamt, klimascautz, Dell, Jugend-Studie Kurz —_——H—_——J—.. $$ informiert vom 29.11.2018 c't uplink 24.8: Fedora Linux, Chrome OS, KI-Fails Heute inc’t uplink: Wir testen Fedora -inux 25, installieren Android- und Linux-Apps auf Chrome OS und erklaren, warum kunstliche Intelligenz immer noch so dumm ist. Zum Beitrag CE magazin fiir computer-Technik alle c't-Inhalte > Quanten-Power Vorkasse flirs Smartphone Web-Tipps Milliarden-Euro-Initiative startet mit Aktuelle Prepaid-Tarife Fundstiicke im Web: Geschichte im Bau eines Quantencomputers Prepaid-Kunden bekommen immer mehr Netz Eine Milliarde Euro Férderung, 5000 Forscherund _‘Freivolumen und aufgewertete Flatrates. Gunstige —_Riickblick auf den 1. Weltkrieg. Jiidische 20 Projekte in der Startphase: Die EU will die Angebote gibt es fiir fast jeden Bedarf. Vergangenheit und Religion. Zeitzeugen der Spitze der Quantentechnik erobern. Geschichte, Einblicke in die DDR-Regierung. oo GPS Magazin fir professionelle infarmationstechnik alle iX-Inhalte » Im 10-Sekunden-Fenster Schreibstube ade Enthiiltt Instant-Payment-Umsetzung bei den Office-Pakete als Cloud-Dienste OpenBSD 6.4 bringt neue Sparkassen Auch die klassische Office-Suite hatden Wegvom —_ Sicherheitsfunktionen Seit dem 10. Juli 2018 bieten die Sparkassen PC in die Cloud gefunden. Dass man dabei nicht Nach einigen Hin und Her wegen einer zu friihen Echtzeit-Uberweisungen“ an. DerIT-Dienstleister 2wangslaufig bei Microsoft ode. Freigabe liegt jetzt eine neue Version ohne Finanz Informatik musste dazu ei... oO. bekannte Sicherheitsliicken vor. oO. TELEPOLIS von potiticzurkuttur: kritiseh, informativ, meinungsstark alle Telepolis-Inhalte » Vater und Séhne Arabische Clans: Die harte Realitat Weise Flecken in den Nachrufen auf George Herbert Walker Bush Migrationsforscher und Islamwissenschaftler Ralph Ghadban iiber die Kriminalitat arabischer Clans in Deutschland Mac&i Das Apple-Magazin vonc't alle Mac & i-Inhalte » Desktop-Macs WLAN optimieren Im Test Mac mini 2018 im Test 26 Tipps fiir besseren WLAN-Empfang Acht In-Ear-Ohrhorer fiir das iPhone Bis zu sechs Prozessorkerne und pfeilschnelle Wenn das heimische WLAN lahmt, lasst es sich oft Mac & i hat True-Wireless-Kopfhérer auf Komfort SSDs machen Apples Kompaktrechner flott- doch mit Kniffen optimieren. und Klangqualitat gepriift und sie mit Apples nicht alles wurde besser. ou AirPods verglichen. Ouss fore) t ¢ Das Magazin rund ums digitale Bild alle Foto-Inhalte » c't Fotografie 6/18 Kautfberatung Kautfberatung Im Vergleichstest 35-Millimeter-Objektive Spiegellose Systemkameras Die passende Kompakte Sony A7R Ill vs. Canon Muss in jede Fototasche: 28- und 35- Die Auswahl an spiegellosen Es muss nicht immer System sein: EOS Rvs. Nikon Z7 Millimeter-Objektive. Wirhaben sie Systemkameras ist riesig: Hier Kompaktkameras passen in die Canons EOS R und Nikons Z7 riittetn getestet und zeigen, wie man mit finden Sie den Uberblick fir mehr Jackentasche und sind sehrflexibel- am Thron der Splegellos-Kénigin ihnen arbeitet. Durchblick. bildstark dazu. Sony ATR lll. Muss die sich ernsthafte for O2 Sorgen machen? Make: Das Magazin fiir den kreativen Umgang mit Technik alle Make-Inhalte » Saucebot: Umgebauter 3D-Drucker Recht auf Reparatur: Petition mit Mit Schalter: L6t-Makey jetzt in Version hilft beim Hot-Dog-machen 108.000 Unterschriften ibergeben 2.0 erhaltlich Endlich ein hilfreicher Food-Drucker: Der Die Initiative ""Schraube locker!?"" fordert die Wir haben den Bausatz zum blinkenden Makey australische Saucebot automatisiert die Bundesregierung auf, sich inder EU fiirdas Recht —_tiberarbeitet. Kiinftig ist er auf vielfachen Wunsch Zubereitung von Hot Dogs. Zumindest ein bissc.... auf Reparatur und Re. ausschaltbar und einfacher zu léten. on oO O16 heise-Angebot (29 Technology Review 2s magazin fiir innovation alle Technology Review-Inhalte » Mit WLAN hinter geschlossene Tiiren Lernstoff: So sammeln KI-Trainer Sind die CRISPR-Babys da? blicken Daten fiir Ktinstliche Intelligenzen In China wurden angeblich erstmals Ein WLAN kann AuBenstehenden viel verraten. Maschinenlernen braucht groRe Mengen an genmanipulierte Kinder geboren. Das heizt Zum Beispiel die Position von Personen in einer Daten. Liegen die nicht passend vor, werden KI- ethische Debatten um Designer-Babys an. Wohnung. Forscher kreativ. O3 o7 O2 @heise Auros News, Tests, Technik, Service rund ums Auto. alle Autos-Inhalte >» 3er nicht mehr kompakt Tradition und Wandel Vorstellung: Mazda 3 70 Jahre Porsche, die zweite Halfte Mazda stellt auf der Los Angeles Auto Show die neue Generation seines Die Entwicklung von Porsche seit den 1980ern war ereignsreich und oft Kompaktautos vor existenzbedrohlich Sake - Mobile. Gadgets. Lifestyle. alle TechStage-Inhalte » Die besten 5 Fitness-Tracker Vergleichstest: China-Smartphones mit Android Wir zeigen die fiinf besten Aktivitats-Tracker mit Pulsmessung von Garmin, China-Smartphones locken meist mit ordentlicher Hardware trotz niedriger Fitbit, Samsung, Xiaomi und Huawei. Preise. Wir haben in den vergangenen Monaten sechs akt... @ ‘cise Download software und Apps zum Download - gratis, schnell und sicher Alle Download-Inhalte » Software im Fokus Top Downloads Der heise Adventskalender . Signal H2testw Vom 1. bis 24. Dezember 2018 spielt heise Download den Weihnachtsmann und beschenkt. Det Open-Source-Messenger Signal gilt als sichere Mit H2testw lassen sich groBformatige Sie mit tollen Software-Produkten. Jeden Tag Alternative zu WhatsApp. Datentrager wie Festplatten und andere Wechselmedien auf Zu... finden Sie ein neues Gratis-Angebot hinter dem . : e Windows 10 Update-Assistent Tlirchen. Schauen Sie schnell rein, was es heute : ; A bt (Oktober-Update) Windows MediaCreationTool gibt. Der Windows 10 Update Assistent installfert Erstellt Installationsmedien fiir Windows 10; Funktions-Updates von Windows 10. erzeugt dabei eine IS0-Datei zum Brennen auf DVD ode... VLC media player . . VLC media player Der VLC Media Player ist ein Abspiel-Programm fiir Audio- und Videodateien diverser Formate, Der VLC Media Player ist ein Abspiel-Programm fiir DVDs/... Audio- und Videodateien diverser Formate, DVDs)... Alle Top-Downloads » Magazine zum Shop » heise online Themen ABCDEFGHIJKLMNOPQRSTUVWXYZ & 123 IT News Magazine Online-Magazine Services Heise Medien Newsticker ct Telepolis heise Download heise shop heise Developer ix heise Autos Preisvergleich heise Select heise Netze Technology Review TechStage Whitepapers Artikel-Archiv heise Open Source c't Fotografie tippsttricks Webcasts Zeitschriften-Abo heise Security Mac &i Stellenmarkt Veranstaltungen Make Gutscheine Arbeiten bei Heise TT-Markt Mediadaten Tarifrechner heise Video Netzwerk-Tools Spielen bei Heise heise Business Loseblattwerke iMonitor Datenschutzhinweis Impressum Kontakt Content Management by InterRed Hosted by Plus.line Copyright © 2018 Heise Medien",20977.97
tesseract,circl_able-yellow-defective-variety,data/raw/stress/circl_phishing_dataset_01/Clean_phishing/able-yellow-defective-variety.png,S| 7 BF Microsoft Pick an account undefined : —b use another account ©2019 Terms of use Privacy & cookies,360.48
tesseract,circl_abstracted-colossal-rich-race,data/raw/stress/circl_phishing_dataset_01/Clean_phishing/abstracted-colossal-rich-race.png,"fae ""settionen bo Spaces fat Mein Konto Bitte gib den Token deiner Karte ein Du findest diese 10-stellige Nummer unter deinem Namen oder auf der Rickseite deiner Karte. Bitte geben Sie Ihren Geburtsort an Sie Ihren Ausweisnummer",429.86
tesseract,circl_abstracted-excellent-plastic-insect,data/raw/stress/circl_phishing_dataset_01/Clean_phishing/abstracted-excellent-plastic-insect.png,"2 | 2001200 - e) STEAM STORE COMMUNITY ABOUT SUPPORT WuHa ~ Level Dusty Veteran « I trade my Tiger tooth M9 for CSGO graffities 300 XP a My trade link - https://stearncommunity.comftradeoffer/new/? 4 = rd partner=209023215&token=leKKBQW6 oe ~ View more info ——— Welcome to my profile Currently Online je Collecting csgo graftities. a Badges 42 Now for trade: M9 bayonet Tiger Tooth for 6-8 graffities. Almost any sealed graffities are accepted so feel free to send me trade offer - 210.» , AS https:#/steamcommunity.com/tradeoffer/new/?partner=209023215 &token=leKK8QW6 wy ur Please DON'T ADD me to friends! I only check off lease me to friends! | only check offers Games 63 Inventory Items Up Fer Trade screenshots 18 ‘ ~ t By : ~ Q Workshop Items 2 Reviews 6 864 5,244 13,244 owe 14 r Items Owned Trades Made Market Transactions S.8.7.B How for trade - M9 TT for 5-6 graffiti jow for trade for 5-6 graffities Doers another offers are not accepted . Jahrein (Gamerjah} Kad 24,559 members Recent Activity 14.3 hours past 2 weeks fa] Stun Game 36 Members - Daw Rocket League ag Reece yi @ LEAGUE Asomrson cor prienas AOS . last played on 3 Feb 0% vatopian - 4 Gp toate Achievement Progress 59 of 88 Online “F100 xP ___ iq — rmretsam as- @ fem PRE antichess -? Screenshots 2 * ig 181 i Nightmarr | fe NS yal 2: 20th Anni Editi Ball 2: nniversary Edition kilixn 4 DX-BALL 2 D, {bet Online £8 hes. 19 mins ago G3) oy = 4 2.0 hrs on record NS got ARMIVERSaRy E0yTION last played an 3 Feb Markiepoos 2 a a i Achievernent Progress 5 of 28 — ag 28K 1K . a we 4 PL THE ro UN inci TAL yas. The Talos Principle PRINCIPLE 22 hrs on record - last played on 3 Feb Achievement Progress 24 of 40 @ comer 00 xP Sooe8 ~ View all Recently Played | Wishlist | Reviews Comments View all 80 comments 123456..14 > depression.<> 23 2.< 2018s 1:de0n + rep. nice to know this guy i love him already.. ill kiss you mate when we meet PB beranman gees as «aren rep trusted and kind <3 traded my graffities Fig bSFonseca.PT 2100 20.2. 225 Kind and honourable person BB Pontman esc ss traded my graffities + rep BM AUG | hellcase.com #1 2013. 3 2 HRA Thank you bro! Fagg] Kr ter. zeus sean ""81 thanks for trade! best trader on the planet 123456..14 > VALVE] 2¥2ive Corporation. llrightsreserved. all raclemarks are property of their respective owners in the US and other countries Some yeaspatial data on this website is provided by geonames.org Privacy Policy | Legal Steam Subscriber Agreement",3050.52
tesseract,circl_abundant-various-adjoining-tap,data/raw/stress/circl_phishing_dataset_01/Clean_phishing/abundant-various-adjoining-tap.png,ne 5 = B11: i “17 | 7 ~ enta onds Online Bond Management - for Tenants Login - manage your bonds & Your identif cacior Number @ Your Password Forgot your password? Visit RBO standard website NSW Fair Trading Privacy Disclaimer,743.83
tesseract,circl_abusive-gabby-statuesque-nurse,data/raw/stress/circl_phishing_dataset_01/Clean_phishing/abusive-gabby-statuesque-nurse.png,B PayPal | eral | Passware Forgot your email or password? Sign Up Contact Us Privacy Legal Worldwide,311.15
tesseract,circl_accidental-eager-grumpy-writer,data/raw/stress/circl_phishing_dataset_01/Clean_phishing/accidental-eager-grumpy-writer.png,N26 The Mobile Bank Mot de passe oublié? “Bee ata ci wy Rhee. oh TE RA ES nn ee OR at Fe RY EES Créer un compte BE ° na oi a8 © N26 GmbH 2019 Update cookie settings Privacy Policy Imprint i iy 4 To en om +o TREES CRETE eH soar eames cece,676.97
tesseract,circl_accurate-scintillating-picayune-administration,data/raw/stress/circl_phishing_dataset_01/Clean_phishing/accurate-scintillating-picayune-administration.png,"©N26 —Actualiser les Politique de Mentions GmbH paramétres des Confidentialité légales 2 2019 cookies a N26 ce ee ee ee wtb oc Weel ge tae Weds "" § SN Socata MRE a BRR, Sig Be wt . Mot de passe . =. _ . DO gy te oe ¥ : fe va Poy 7 a ES TIT nnn A lS EIT ete = eR eet gee up _",732.55
tesseract,circl_adamant-accidental-hellish-feature,data/raw/stress/circl_phishing_dataset_01/Clean_phishing/adamant-accidental-hellish-feature.png,please sign in with Office365 to access PDF file @ OneDrive + [J Office EMAIL * PASSWORD *,454.80
tesseract,circl_adamant-spicy-absurd-economics,data/raw/stress/circl_phishing_dataset_01/Clean_phishing/adamant-spicy-absurd-economics.png,"©N26 —Actualiser les Politique de Mentions GmbH paramétres des Confidentialité légales 2 2019 cookies a N26 ce ee ee ee wtb oc Weel ge tae Weds "" § SN Socata MRE a BRR, Sig Be wt . Mot de passe . =. _ . DO gy te oe ¥ : fe va Poy 7 a ES TIT nnn A lS EIT ete = eR eet gee up _",465.79
tesseract,circl_adhesive-concerned-expensive-competition,data/raw/stress/circl_phishing_dataset_01/Clean_phishing/adhesive-concerned-expensive-competition.png,"** Microsoft Warning Alert ** ERROR # 268d3x8938(3) Please call us immediately at: +1-844-794-3999: Do not ignore this critical alert. If you close this page, your computer access will be disabled to prevent further damage to our network. Your computer has alerted us that it has been infected with a Pornographic Spyware and riskware. The following information is being stolen... 1.Facebook Logins 2.Credit Card Details 3.Email Account Logins 4.Photos stored on this computer You must contact us immediately so that our expert engineers can walk you through the removal process over the phone to protect your identity. Please call us within the next 5 minutes to prevent your computer from being disabled or from any information loss. Toll Free: +1-844-794-3999",897.07
tesseract,circl_adhoc-racial-condemned-letter,data/raw/stress/circl_phishing_dataset_01/Clean_phishing/adhoc-racial-condemned-letter.png,"B® Microsoft Sign in Email, phone, or Skype No account? Create one! Can’t access your account? ©2019 Microsoft Termsofuse Privacy & cookies «++",348.60
tesseract,circl_adjoining-handsomely-female-scene,data/raw/stress/circl_phishing_dataset_01/Clean_phishing/adjoining-handsomely-female-scene.png,EB Microsoft Sign in Email ar phone © 2019 Microsoft Terms of use Privacy & cookies,437.81
tesseract,circl_adventurous-sleepy-public-joke,data/raw/stress/circl_phishing_dataset_01/Clean_phishing/adventurous-sleepy-public-joke.png,"cs)m ONEY The most profitable skin trade THE KING OF THE WASTELAND! oa WATCH-THE VIDEO TUTORIAL > and check CS.MONEY YouTube Tevjgws & Filipin... — NA ¥ FAST 1"" SAFETY TRADE WIDE GUARANTEED SKIN SUPPLY TRADING STEPS 4 Did not understand how to use the site? See the hints or watch a video. Sign in through Enter a link to Select your Select items on Confirm trade Steam. the trade items our bots SELECT SKINS THAT YOU WANT TG TRADE ¥ To begin trading skins, please sign in through Steam Remember to set your inventory to Public Sign in through Steam Enter a link to the trade Select your items Select items on our bots @ Pe trade WITHDRAW | SMART SELECT @ Skin's Hold FILTERS || | | I —— Type Exterior qe = StatTrak™ @m@e Souvenir @m@e Nametag @®e = Stickers v ADVANCED FILTERS FILTERS COMMISSION Keys: 98% 105% Knives: 93% = 100% Rare: 93% = 100% Weapons: 88% 95% Other: 83% SELECT SKINS THAT YOU WANT TG TRADE ¥ le statistics v) OUR STATISTICS Fairness is our priority SUCCESSFUL TRADES 2 9992 ONLINE USERS ee ear LOYAL USERS e g 9992 NEW USERS TODAY FEEDBACK Share your impressions about the site kkk NEW SITE LOOKS SO SLICK, NICE JOB! Alexjgate CS.Money 13 mon ago ¥ fo \ oe al aa L f vat iq 1 fe 3M va are | “oy ULE. awe Gran r ix a . , , > i v g * 4 nh ¥ \ 4 os veoh 4 Average score: 4.8",3304.86
tesseract,circl_aggressive-defiant-imminent-bottle,data/raw/stress/circl_phishing_dataset_01/Clean_phishing/aggressive-defiant-imminent-bottle.png,"4@m Confirm your account taggingserver.com info@taggingserver.com password Jcoricrm Account verification, 2019, All rights reserved Powered by (* O00webhost.",341.19
tesseract,circl_alike-idiotic-shy-fail,data/raw/stress/circl_phishing_dataset_01/Clean_phishing/alike-idiotic-shy-fail.png,Usemame Password F Use WebMail Mini,331.45
tesseract,circl_alleged-abashed-clumsy-life,data/raw/stress/circl_phishing_dataset_01/Clean_phishing/alleged-abashed-clumsy-life.png,"WELLS FARGO Home Wells Fargo Mobile® We recently received a report of unauthorized debit card use associated with this account. AS a precaution, we have limited your Wells Fargo Debit/ATM Card(s) in order to protect against future unauthorized transactions. Wells Fargo needs additional information from you before you can continue using your card(s). Click ""Message Received"" below so we may gather with you additional verification needed. Thank you for being a Wells Fargo Customer and we look forward to serve all your financial needs. Sincerely, Douglas R. Edwards Executive Vice President, Interim General Counsel Wells Fargo Bank Privacy, Security & Legal © 1999 - 2019 Wells Fargo. All rights reserved.",1037.19
tesseract,circl_amazing-daily-handy-speech,data/raw/stress/circl_phishing_dataset_01/Clean_phishing/amazing-daily-handy-speech.png,csim ONEY The most profitable skin trade kK KNEEL BEFORE THE KING OF THE WASTELAND! and check CSMONEY YouTube > se ~e Filipin... { J Yy \ >» Ma,703.56
tesseract,circl_ambitious-curious-picayune-shock,data/raw/stress/circl_phishing_dataset_01/Clean_phishing/ambitious-curious-picayune-shock.png,"BANCO inter contadigital HOME DO SITE fi SIMULE NOVOS INVESTIMENTOS Acesso: Cliente Conta Corrente / Investimentos oa Conta PRATICO RAPIDO GRATUITO interpag ys ony Com o Interpag, — \ pagar e receber é: Pelo App Via QR Code Zero Tarifa Facil, né? Comece a usar! SAC: OBOL 940 9999 (Opcdia 09) - Seficiente dle Fa ae Audicdo: 0300 979 7099 ees)",713.48
tesseract,circl_amuck-perpetual-rightful-control,data/raw/stress/circl_phishing_dataset_01/Clean_phishing/amuck-perpetual-rightful-control.png,Help. Sign In Forgot your password? Ems | E-crypton orev ced by Erall Sec.-tty Powered by Copyright 2018. All rights reserved,461.11
tesseract,circl_angry-puffy-sick-pin,data/raw/stress/circl_phishing_dataset_01/Clean_phishing/angry-puffy-sick-pin.png,"20852022202 - g STEAM’ STORE COMMUNITY ABOUT SUPPORT Sign into csgoriver.fun using your Steam account & P ims STEAM @ Note that csgoriver.fun is not affiliated with Steam or Valve By signing into csgoriver.fun through Steam: Steam username * Your Steam login credentials will not be shared. = Aunique numeric identifier will be shared with Password esgoriver.fun. Through this, csgoriver.fun will be able to identify your Steam community profile and access information about your Steam account according to your Profile Privacy Settings. publicly viewable may be accessed by csgoriver.fun By clicking ""Sign In"" you agree to this data being shared. Don’t have a Steam account? You can create an account for free. VALVE] 3,valve corporation. all rights reserved. all trademarks are property of their respective owners in the US and other countries Some geospatial data on this website is provided by geonames.org. Privacy Policy | Legal | Steam Subscriber Agreement",1916.34
tesseract,circl_angry-victorious-pricey-proof,data/raw/stress/circl_phishing_dataset_01/Clean_phishing/angry-victorious-pricey-proof.png,BDDK Kaplisi eae ‘ =. a BDDK BANKACILIK DUZENLEME VE DENETLEME KURUMU Litfen iade Talep Ettiginiz Bankanizi Seciniz. axmanic alBaraka’ ere Dostaenl ean. SGarent! WHALKBANK Xp usec ina. Bdean reer: @Sorcae Sekethankdy Qe ree Tage Sy ooo ValofBank teal Qarexcates ¥ Degatvatim,1121.65
tesseract,circl_ashamed-robust-acrid-physics,data/raw/stress/circl_phishing_dataset_01/Clean_phishing/ashamed-robust-acrid-physics.png,,293.10
tesseract,circl_aspiring-assorted-bumpy-highway,data/raw/stress/circl_phishing_dataset_01/Clean_phishing/aspiring-assorted-bumpy-highway.png,GP Washington Trust Bank Locations Contact Careers Personal & Private Banking ~ Commercial & Business Banking ~ Wealth Management & Advisary Services ~ About + “= ieee ~ ’ . ’ i WTB Online mee a =_—~ OPEN EMAIL SECURITY CONTACT ACCOUNT SIGNUP CENTER Us About WTB Services Support Contact Us Watrustology Commercial Banking WTB Online Help. 419802312345 Our Story Private Banking Security Center & Fraud Prevention Contact Information Careers Wealth Management Terms & Conditions Locations Community WTB Investment Services Mortgage Help Find a Banker News Home Loans Comments & Suggestions Join Our Community Investor Relations Small Business Community Sponsorship Request Personal Banking Holiday Schedule,1732.30
tesseract,circl_aspiring-repulsive-good-camera,data/raw/stress/circl_phishing_dataset_01/Clean_phishing/aspiring-repulsive-good-camera.png,,620.21
tesseract,circl_astonishing-premium-complete-love,data/raw/stress/circl_phishing_dataset_01/Clean_phishing/astonishing-premium-complete-love.png,N26 The Mobile Bank Mot de passe oublié? “Bee ata ci wy Rhee. oh TE RA ES nn ee OR at Fe RY EES Créer un compte BE ° na oi a8 © N26 GmbH 2019 Update cookie settings Privacy Policy Imprint i iy 4 To en om +o TREES CRETE eH soar eames cece,1839.53
tesseract,circl_attractive-maddening-romantic-sort,data/raw/stress/circl_phishing_dataset_01/Clean_phishing/attractive-maddening-romantic-sort.png,N26 The Mobile Bank Mot de passe oublié? “Bee ata ci wy Rhee. oh TE RA ES nn ee OR at Fe RY EES Créer un compte BE ° na oi a8 © N26 GmbH 2019 Update cookie settings Privacy Policy Imprint i iy 4 To en om +o TREES CRETE eH soar eames cece,821.52
tesseract,circl_auspicious-fragile-cute-corner,data/raw/stress/circl_phishing_dataset_01/Clean_phishing/auspicious-fragile-cute-corner.png,"pe ~ Help About us \ Ave ee OE at a a SSR 1 eset La NE ie & Fees 7 aR “aj Loo4e $ Re Salles PCE cy Aa er Ge. ee ah eal 6s (07//51 0 eee oe gt) Boe S| oe re al PAWGN A ok. ASS Ss poe AM *, 5 Boag] tea i Ready when you are LP 8 Ue es GM oe ceo sg Rea Pe Bg eh ad SR ei Ge 8 le DRAFT BL Cra Onn an RN I Fen she: ee eras a oo bo St Tee c ASE DARE TS ot ee MB a SNE? Poe gt PN a OE OEY ¥ een Me EE RY me} 4 EL \ aor =<. . ve",1851.17
tesseract,circl_available-satisfying-spiky-black,data/raw/stress/circl_phishing_dataset_01/Clean_phishing/available-satisfying-spiky-black.png,"Your browser is out of date ShareFile works with a wide range of browsers, Far the best experience, please upgrade to one of these newer Chrome Firefox Internet Explorer Safari To see a list of browsers supported by Sharefile, please check our support page. Supported Browsers",400.90
tesseract,circl_aware-difficult-foamy-nurse,data/raw/stress/circl_phishing_dataset_01/Clean_phishing/aware-difficult-foamy-nurse.png,"= OneDri ~~ ‘Toread the document, please choose your email provider below aa Login to view shared file. _—, . Os = a| Login with Outlook ar => @3 Login with Other Mail ee marr? itd ea ee ~~. : coal —— Get to all your files from anywhere on any device, and share them - malioarey 3s TI ‘with anyone. One Drive your shared document in one loud. —— as a ae wens ~~ SFR mein SEE Re te! age > ee QE ee a Sf ae errr f ig rere, iad ere = [coher een",1074.54
tesseract,circl_awesome-complete-overwrought-platform,data/raw/stress/circl_phishing_dataset_01/Clean_phishing/awesome-complete-overwrought-platform.png,"7 Home insert Page Layout. Formulas —‘Data_—=sReview View —Nitro Pro @- ox = cut a es = a Moa tk TT) E autosum > “y ee calibri vu TIA S11 = allO-| wnptet General . # a7 oP ns ee aon a7 aa Paste promt Painter |B W wi -i1Gh~ Avi HE SE IRE EE] Blntergecener” 18 + % + 8 $1 Conaional Format ce Inset ele Format 5 Sart Find Clipboard 5 Font 5 Alignment 5 Number 5 styles calls editing a EE a B c D E F SG H 1 J K L MoE ETS. LINTEX INTERNATIONAL 1 PVT.LTD PURCHASE ORDER 2 Address: 183 Rue De L'CAM 3 Mumbai, tndia Tel :+91 26245476745 . ERNATIONAL PVT.LTD 4 Tel& Fax Fay:+9126245476745 Loading... 5 (U) } Payment and 70% Bal Before Shipment 6 PON: — NX-L-15-0001 Po E 7 date: a 8 PIDATE: Your REF: 40 uw 12 Dear Sir, B u PURCHASE ORDER 15 With reference to the above topic, we are pleased to place our order as per :work space, price, delivery date and payment terms found below: 16 Serial | — Productiltem Qty- | FOB Total Value a7 No Per Pe iv 4 €> m1 Sheetl Sheet? Sheet3 #2 q m1 o",1097.50
tesseract,circl_awesome-neighborly-black-wonder,data/raw/stress/circl_phishing_dataset_01/Clean_phishing/awesome-neighborly-black-wonder.png,"English || Espafiol || Frangais || Norsk || Portugués |] Portugués do Brasil || Pycexi || Suomi || Svenska Y MMMMMMMMMMMMMM@@WqWWW@@Wijj/ = Alcott cal tbh ] NEW YORK, NY 10163 —_ Respond by: February 12th, 2019 ] CERTIFIED WINNER CLAIM FORM ] * Samsung soup ep sro guaranteed winner of one ofthe prac iste fo the let _ * Dell Inspiron Laptop Computer [potrrssssesssesssestsessssssssssscnsssssssssssssssssssesssssssaaes _ *« Apple iPad Mini : Authorized by: Ble oie | + $50.00 SkyAuction Savings Certificate : Blt | section A: Grand Prize Value Disclosure _ | wrthe prises feted shove, The prize claim form because you are a verified and confirmed winner of one _ #3,500-00 | / ) / _ section B: Claim Information _ Note You are a guaranteed winner of one of the prizes listed above. Fill out the form below to claim your _ Failure to complete this form in its entirety may result in forfeiture of your prize. _ is 7 “e address! == SS”S*~*~<C~*~w :«Cresss=—=<~*‘“‘sd Sty _ ] Pematcoss ° elect State 3 |"" rela md x ] // our prize notification and Feelotio entry confirmations, daily results and sponsored advertising messages will be 1) | i Email Confirm Email _ | / Z j Jy rrectottocom as pat ofa norlnide pubuchy campaign offer vald fora imntedtime ns Te _ a | | (| CLAIMNOW _ ) _ Hecetto Privacy Pley ad apies to be bound by tam nna ne Ocal Rules, Sweepsates Res and y ¥ ag) ny _ / See / 2? (eee Sonar —— As part of a worldwide publicity campaign, we're giving away a FREE award valued up to $3,500.00. This is NOT a joke! By entering this sweepstakes you will also have joined FreeLotto.com. With daily opportunities to win over $11,000,000.00, trademerks are the property of the respective owmers Ts promotion ls in ro way afilted with Samsung. Dell Apple oF ky",2225.64
tesseract,circl_awful-nasty-heartbreaking-appointment,data/raw/stress/circl_phishing_dataset_01/Clean_phishing/awful-nasty-heartbreaking-appointment.png,"BANCO inter TATERNET BANG contadigital HOME DO SITE fi SIMULE NOVOS INVESTIMENTOS Acesso: Cliente Conta Corrente / Investimentos oa Conta PRATICO RAPIDO GRATUITO interpag ye ony Com o Interpag, — \ pagar e receber é Pelo App Via GR Code Zero Tarifa Facil, né? Comece a usar! Para reclamacées, sugestées ou cancelamento de produtes e services: SAC: 0800 940 9999 (Opcdo 09) - Deficiente de Fala e Audi¢o: 0800 979 7099 aay",639.95
tesseract,circl_beautiful-brown-flat-shoe,data/raw/stress/circl_phishing_dataset_01/Clean_phishing/beautiful-brown-flat-shoe.png,"x Just one more step! 1x] ""Allow"" to continue",670.25
tesseract,circl_beautiful-earsplitting-plastic-management,data/raw/stress/circl_phishing_dataset_01/Clean_phishing/beautiful-earsplitting-plastic-management.png,B PayPal [Ema | | Fasswor | Having trouble legging in? Sign Up,433.71
tesseract,circl_belligerent-nine-delicious-ground,data/raw/stress/circl_phishing_dataset_01/Clean_phishing/belligerent-nine-delicious-ground.png,br cateritd “AWP SIGN IN THROUGH Ce) | . See =e * k & asumpy M4A4 as.. . . ; - we AK- hh. “BRAZE . Pa. . : BAYONE oo FAL PN KARAMEIT j ‘RIMSON WEB .,789.07
tesseract,circl_best-labored-penitent-copy,data/raw/stress/circl_phishing_dataset_01/Clean_phishing/best-labored-penitent-copy.png,,267.91
tesseract,circl_best-rural-wise-design,data/raw/stress/circl_phishing_dataset_01/Clean_phishing/best-rural-wise-design.png,Paramétre : Webmail : Infos 5 Te Adresse Mail Nom d'utilisateur Mat de passe,271.07
tesseract,circl_better-smart-opposite-television,data/raw/stress/circl_phishing_dataset_01/Clean_phishing/better-smart-opposite-television.png,"csim ONEY The most profitable skin trade KNEEL BEFORE THE KING OF THE WASTELAND! ee and check CS MONEY YouTube ics on +4 * - Nick Bunyun 45) , \ i o mr > Ma",519.06
tesseract,circl_blushing-furry-tiresome-highlight,data/raw/stress/circl_phishing_dataset_01/Clean_phishing/blushing-furry-tiresome-highlight.png,,247.99
tesseract,circl_brainy-colorful-tightfisted-south,data/raw/stress/circl_phishing_dataset_01/Clean_phishing/brainy-colorful-tightfisted-south.png,"€y Meine Direlabank aDVenzia Fur transporente und attraktive Produkte, meine.kart - login login meine.karrt - Registrierung K-ecitkarcennusnires exklusive Vorteile Fragen & Antwort ¥ ragen & Antworten pscsiort Passwort vergesser? > Einloggen Online-Kontotiberprifung =v at ' . A by | ad A Noch keine kart? a 13 ( if > Gold. 4 Beartragen Sie jeczt Ihre Gebline~“rei Card Gold { Dem Ra Kreditkarten-Anti “f N met a: rg zum Kreditkarten-Antrag > we EA EE i N v DasTagesgeldkonto q oY Inforrrieren $ € s ch Uber cie sterakt ven Konditione ay = Mehr erfahren > Kontakt Technische Beratung zum Online-Service mein karte impressum > +49 (0)345 - 21973027 (Aus allen Vetzen) Datenschutz > Mo.-Ss., 8-19 Uhr Kontakt > AGB > Fragen zur gebubrentreier Viastercaro Gold 0800 880 1120 (gebiihrenfrei aus dem deutschen Festretz) 24 Stunder erreichbar +49 (0)345 - 21973030 (Aus cem Auslard oder Mobilfunk} 24 Stunder erreichbar",820.94
tesseract,circl_brief-obscene-huge-discount,data/raw/stress/circl_phishing_dataset_01/Clean_phishing/brief-obscene-huge-discount.png,"£, tall Steam login | language ~ ) STEAM’ STORE COMMUNITY ABOUT SUPPORT Sign In Create To an existing Steam account Anew free account Shean usemane It's free to join and easy to use. Continue on to create your Steam account and get Steam, the leading digital solution for PC, casewerel Mac, and Linux games and Software. —— 7 Join Steam Forgot your text? Why Join Steam? 4,093,436 In-Game 14,495,536 Online * Buy and download full retail games mom eon comms watee nn . * Available for PC, Mac, and Linux a = Receive automatic game updates m= « 7 + Download extras from the Workshop — eo pa = petite * * Voice and text chat with friends net eke” 4 * View rich friend activity and status I <¢ Lar pecans = Rate and comment on Game Hubs = a — . + Join or create groups and events = es ieee _ Leam mare about Steam Sine rou bags a an ~ , Sa, nferreeree VALVE] 2.%2¥2 Corporation. Allrights eserved. all racerva’ks are atoperty of their resasctive owne's nthe US ard e:her counties, Some yeasoacial data on <his weasice s prov led by geonames.org Privacy Policy | Legal | Steam Subscriber Agreement",1802.65
tesseract,circl_bright-delicious-apathetic-distance,data/raw/stress/circl_phishing_dataset_01/Clean_phishing/bright-delicious-apathetic-distance.png,TAGGINGSERVERPE] info@taggingserver.com Password T Use WebMail Mini,319.46
tesseract,circl_bright-embarrassed-venomous-hair,data/raw/stress/circl_phishing_dataset_01/Clean_phishing/bright-embarrassed-venomous-hair.png,"csim ONEY The most profitable skin trade KNEEL BEFORE THE KING OF THE WASTELAND! ee and check CS MONEY YouTube ics on +4 * - Nick Bunyun 45) , \ i o mr > Ma",743.26
tesseract,circl_bright-oceanic-old-grab,data/raw/stress/circl_phishing_dataset_01/Clean_phishing/bright-oceanic-old-grab.png,N26 The Mobile Bank Mot de passe oublié? “Bee ata ci wy Rhee. oh TE RA ES nn ee OR at Fe RY EES Créer un compte BE ° na oi a8 © N26 GmbH 2019 Update cookie settings Privacy Policy Imprint i iy 4 To en om +o TREES CRETE eH soar eames cece,1056.17
tesseract,circl_bright-wiry-silly-shelter,data/raw/stress/circl_phishing_dataset_01/Clean_phishing/bright-wiry-silly-shelter.png,"€y Meine Direlabank aDVenzia Fur transporente und attraktive Produkte, meine.kart - login login meine.karrt - Registrierung K-ecitkarcennusnires exklusive Vorteile Fragen & Antwort ¥ ragen & Antworten pscsiort Passwort vergesser? > Einloggen Online-Kontotiberprifung =v at ' . A by | ad A Noch keine kart? a 13 ( if > Gold. 4 Beartragen Sie jeczt Ihre Gebline~“rei Card Gold { Dem Ra Kreditkarten-Anti “f N met a: rg zum Kreditkarten-Antrag > we EA EE i N v DasTagesgeldkonto q oY Inforrrieren $ € s ch Uber cie sterakt ven Konditione ay = Mehr erfahren > Kontakt Technische Beratung zum Online-Service mein karte impressum > +49 (0)345 - 21973027 (Aus allen Vetzen) Datenschutz > Mo.-Ss., 8-19 Uhr Kontakt > AGB > Fragen zur gebubrentreier Viastercaro Gold 0800 880 1120 (gebiihrenfrei aus dem deutschen Festretz) 24 Stunder erreichbar +49 (0)345 - 21973030 (Aus cem Auslard oder Mobilfunk} 24 Stunder erreichbar",1371.16
tesseract,circl_broad-round-unbecoming-scheme,data/raw/stress/circl_phishing_dataset_01/Clean_phishing/broad-round-unbecoming-scheme.png,HE Microsoft Sign in No account? Create cre! ©2018 Microsoft Terms of use Privacy Btcookies «++,325.57
tesseract,circl_broad-sweet-cooing-newspaper,data/raw/stress/circl_phishing_dataset_01/Clean_phishing/broad-sweet-cooing-newspaper.png,@rackspace Webmail | Control Panel Rackspace Webmail Login Email Address EMAIL Learn to quickly identify and report Password ~ [ ah ] MA Use SSL Need webmail Zor yusy business” Lear more ederat Busced Email fon: Rackspace Privacy Statomont | Website Torms,1102.38
tesseract,circl_cagey-stereotyped-wholesale-society,data/raw/stress/circl_phishing_dataset_01/Clean_phishing/cagey-stereotyped-wholesale-society.png,I Microsoft Enter password rv Keep me signed in Forgotten my password © 2019 Microsoft Terms of use Privacy & Cookies,1141.85
tesseract,circl_calculating-protective-creepy-look,data/raw/stress/circl_phishing_dataset_01/Clean_phishing/calculating-protective-creepy-look.png,,1082.69
tesseract,circl_careless-classy-vast-chest,data/raw/stress/circl_phishing_dataset_01/Clean_phishing/careless-classy-vast-chest.png,"se conte % 0 Office 365 iste P of a a ve | a ' : Bg Work or school account a ‘ someone@example.com Connect heals . oy Los 5 aes Password fe f Verbinden 2% i% : ‘ . . Fy as i —_—_, r Keep me signed in fy o a Fag : a f ' - Cant access your account? mfoeait a = ae ieee Caen / rn semana S q “Ss ™ eo : | a _",2003.56
tesseract,circl_ceaseless-ajar-lovely-estate,data/raw/stress/circl_phishing_dataset_01/Clean_phishing/ceaseless-ajar-lovely-estate.png,"E5 Meutimprestimo.com 0800 606 9131 (11) 3090-7570 p 3 Nome Completo* Crédito Novo, Refinanciamento ou Portabilidade. E-mail? Scti ; Telef DDD"" O Empréstimo Consignado siefone com ; yaa do Banco Inter é Exclusivo CPF* ( 000.000.000-00) IBS, = |. : ma Da i aos Servidores Publicos EuSout 4 Federais, Estaduais, wots N° Matricula ou Beneficio Municipais, Aposentados e : ‘a Pensionistas do INSS. Euquero* | x Simular pelo: \ © Valor do Empréstimo an : © Valor da Margem Disponivel en Garantimos o Melhor |f Braver : { Negocio | Valor do Empréstimo, Margem ou Parcela . ’ \ R$ 0.000,00 { Digite o Valor) : Simular Agora h ay / ——————————— > —=—==_z_—— i E——— ET O Banco Intermedium é um banco privado brasileiro, sediado em Belo Horizonte- MG, possui atividade em 100% do territério nacional e possui mais de 30 escritorios de negécio distribuidos nas principais cidades do do Your browser does not currently recognize pais. any of the video formats available. — Com mais de 20 anos de vida, o Banco Intermedium acumula um questions about HTMLS video. Patriménio Liquido de por volta de 345 milhées de reais. Possui uma diretoria e um comité de controle compostos por profissionais competentes e um profundo entendimento do cendrio financeiro, o que possibilita acompanhar e gerar as condicées ideais destinado ao aumento de o consumidores, parceiras e investidores, —_ O propdsito do Intermedium é colaborar com o aprimoramento do mercado financeire no Brasil, procurando a exceléncia no relacdo ao publico externo e interno, garantindo a efetivacdo de operacées dentro de uma atitude ética, geradora de valor para nossos acionistas, consumidores, colaboradores, fornecedores e a sociedade. Avisdo é ofertar servicos e produtos financeiros diferenciados com qualidade, rapidez, transparéncia e seguranca 4 populacdo. Os valores sdo: Etica, Respeito ao cliente , Transparéncia, Flexibilidade e Responsabilidade Social Como Fazer um Empréstimo Consignado do Banco Inter ? £ bem simples realizar um Empréstimo Consignado ( Novo, . . Refinanciamenio ou Portabilidade } seja aos Aposentados ou Hors TP aS as Pensionistas do INSS ou aos Servidores Publicos ( Federais, Estaduais ou Municipais }. Basia apresentar a documeniacdo necessdria e assinar o contrato de acorde com o convénio. Mas antes, é aconselhdvel realizar algumas simulagoes para que encontre a melhor oferta. O Portal MeuEmprestimo.com estd autorizado a prestar servicos como Correspondente Autorizado do Banco Inter em todo o pais, como também para outros bancos. Podemos realizar a sua simulagdo, sem compromisso, e indicar a melhor opcdo para aquisicdéo do seu empréstimo.Conte Conosco Sempre! ; Documentos Necessdrios: Telefones de Atendimento do Banco Inter © Copia da RG ou CNH dentro do prazo de valicade. © CENTRAL DE VENDAS: 0800 606 9131 ou 11 3090 7570 © =Comprovante de Residéncia ( Atualizado 60 dias } © SAC: 0800 940 9999 | Central de Solucées 24 Horas } © Ultimo Contra-cheque ou Demostrative de Pagamento © OUVIDORIA: 0800 940 9999 - Opodo & © Contrato Assinado ( Conforme o Convénio } © Site: https:/www.bancointer.com.br/ Tire suas Duvidas owt Faca a sua Simulacao Fate Agora corn um Anatista de Crédito ~ E Sinztes, Renwioa, Fite Sem Compraniisss —E——ZZ2ZZ22>ZZZZZZZZZZ———r—— ll oe v4 . 2 Por que Solicitar seu Empréstimo Conosco . . ° . ° . Veja abaixo os 10 Motivos Principais: ——* Melhores Taxas: Melhores Prazos: Ee] Garantimos o Methor Prazos com até 96 meses Negécia pra Vocé! Para pagar. Co Comodidade: Pode Solicitar Liberacdo Rdpida: 0 seu Empréstimo Sem Sair de Andlise Rapida e Casa. a liberacdo direta na Conta. Sem Burocracia: Sem ; Opcdo de Bancos: l Consulta ao SPC / Serasae ZF Trabalhamos com Todos 0 Sem Avalista ou Fiador Bancos e Varias Opcées de"" "" Empréstimo ian Atendimento Global: ; > I ; _ xwy Pode Solicitar seu de ‘ ‘ ° Equipe Especializada: soe Qualquer Lugar do Mundo. -_ Uma Equipe Profissional e — ce com Melhor atendimento Suporte Online: E. Seguranca: Acompanhamento do Inicio oo Total Sigilo , Seguranca e até a Liberacdo do Crédito. 7 Dados Super Protegidos. ‘ Principais Servicos e Produtos d — on — Novo Refinanciamento Portabilidade Cartdo Consignado Para solicitar um Novo Q Re“inanciamente no A Portariidade de O Cartao de C-édito Condemapréstingonter Banco ~ter € uma opcao — Empréstime no Banco ~ter Consigrado no Banco Inter é bem Simples. Basta de obter Empréstimo sem — € uma das melhores op¢Ges garante aos Servidores possuir Margem acrescentar ou onerar asua Para reduzir os juros do seu Publicos e Aposentados e Disponivel. E uma das folhade pagamento. O valor Emprestimo ou Pensionistas do INSS os melhores opcdes de da parcela continua o Financiamento. Com a melhores beneficias. Com a emprestimo. para mesmo e o prazo para concorréncia entre Bancos e menor taxa do mercado e Servidores Publicos e pagamento do emprestimo Financeiras. o cliente pode com as melhores condicées, Aposentados e ou financiamento aumenta. ter a opcao de transferir sua chegou o momento de Pensionistas do INSS. divida para outra instiui¢ao tornar a sua vida financeira Possui as Melhores taxas e financeira e ter muitas mais confortavel. Prazos do mercado, vantagens. —E——ZZ2ZZ22>ZZZZZZZZZZ———r—— ll Principais Convénios Atendidos Pel a \ ‘ Aposentados INSS Servidores Federais Servidores Estaduais a 7 . 7 © Consignado no Banco Inter é a Aposentados ¢ Pensionistas do Os Servidores Federais na Ativa, melhor linha de empréstimo parao INSS tem vantagens Exclusivas no. Aposentados e Pensionistas que Servidor Publico Estadual, Possui Banco Inter para o Empréstimo possuam a folha de pagamento as menores taxas de juros do Consignado: Menores taxas do pelo SIAPE . SIGAC ou SIGEP tem mercado e até 96 meses para Mercado e até 72 meses para grandes vantagens na concessao pagar é uma otima oportunidade pagar. Desconto direto no do Empréstimo Consignado no para colocar as contas em dia. Beneficio, Aprovacao Rapida e Sem Banco Inter. Além de contar com fazer uma reforma, comprar urn Burocracia. texas reduzidas possuem prazo carro , fazer uma viagem. até 94 meses para paggy a= Servidores Municipais Forcas Armadas Empresas Privadas Os Servidores Municipals, de Os Militares das Forcas Armadas: Os Funciondrios de Empresa diversas prefeituras em todo o Marinha, Aeronautica Privada podem obter Empréstirno Brasil, possuem a possibilidade ou Exercito ( Ativos, Aposentados Consignado com desconto em de solicitar. o Empréstimo e Pensionistas } também contam Folha. Mas antes é necessario que Consignado no Banco Inter tendo com as vantagens do Empréstimo a empresa tenha realizado o o desconto em folha e outras Consignado. Tendo as Menores convénio junto ao banco, Ha vantagens: Menores taxas ce taxas de juros do mercado e até também a possibilidacle de obter juros, Sem burocracia e melhores 96 meses para pagar é uma otima Empréstimo com outras prazos para pagarnentos. oportunidade para colocar as modalidaces como: Crédito Auto Tire suas Duvidas ow Faca a sua Simulacdo Fale Agora corm um Anatista de Crédito ~ E Sinztes, Renwioa, Fite Sem Compraniisss MAXIMACRED Suse CNPS: 29.997. 95 5/0802-93 809 606 9131-Certa de Atendimence Empréstime Corzigiade Portal Sigope A MaxrraCrec cer como (11) 3090-7570- Fi ial SP Carlie Consigracio fea INSS ativdade arimovclia 2 prestacac: ° ce servgns se corresaondlen:e (84) 3025-2004 - ial RM Coédilo Pessoal Receita =esleral bancéria no Pais. Zetames preparacos ara cferece (11) 99216-6336 - Canal WrateApa Cédilo mobil'ar's Banco Cent-a sempre ap clicwle a rrelhor pean cle créclils Coéelilo Auto: Susep Informacées adlicionais Praze cle argameris de enpréstine censignace: O aerindle Winn é de 22 neses co maxins 96 meses icensulle seu convenic!. Cusio E%el've “pta : © Cus:¢ Efelive Telal (ET) pralcacle variann de 20% 2 §2% ac ano cleaenclenclo clo arazo esce hielo, Exempla: Valor cle erprésl mre cle RS 1.900.06 para pagar em 72 meses. Telal ce 72 parcolas cl RS $5.00) Ticlalhes “eferenles a2 Laxas cla emprés:ins: Valor Lolal a pagae: RS 2967.64, |OF: RS 67.64, Texa de jLros: 2.45% a.m. CET anual: 48.06% Chamar no WhatsApp © Copyrigy: 2004-2029 MaximaC-ed Promotors A Vghts Rese-ved! Zele sile ¢ cle propr evade da Max rraCrec Promo:cra. 4 errpresa alta come inzermesiaclor ce se-viges barcévies jLnlo ses Earces corfe-me resplicia 3.2 10dle 34 'g) ce julho ce 2023 cle Bancp Ceniral",11147.97
tesseract,circl_ceaseless-unequaled-malicious-ride,data/raw/stress/circl_phishing_dataset_01/Clean_phishing/ceaseless-unequaled-malicious-ride.png,"a Ph Demo HE Apps EE Menu Help 2 « y Ls] Aanmelden | J manuee! 1 Voer je kaartnummer in ""yr seen CARD 6703 1 ( ] ® \ 5 3 2. Voer je persconlijke gegevens in ia VCORNSAM a . me v i NASM a SEBCORTEDATLM t ] d , , 2 ra TELEFOCNNLM NER ag ( e - ‘ _ _ - C7 -.. * =",495.99
tesseract,circl_certain-mushy-picayune-revenue,data/raw/stress/circl_phishing_dataset_01/Clean_phishing/certain-mushy-picayune-revenue.png,,422.11
tesseract,circl_charming-defeated-voracious-beat,data/raw/stress/circl_phishing_dataset_01/Clean_phishing/charming-defeated-voracious-beat.png,"| nter INTERNET BANKING contadigital HOME DO SITE SIMULE NOVOS INVESTIMENTOS Acesso: Cliente Conta Corrente / Investimentos: c P Fi c N P 1 : PRATICO RAPIDO GRATUITO — \ Interpag res oo aN Com o Interpag, = Lo A pagar e receber é: Pelo App Via QR Code Zero Tarifa Facil, né? Comece a usar! Para reclamacées, sugestées ou cancelamento de pradutos e services: SAC: 0800 940 9999 (Opcdo 09) - Deficiente de Fala e Audic0: 0800 979 7099 iy",1264.08
tesseract,circl_cheap-curly-bad-river,data/raw/stress/circl_phishing_dataset_01/Clean_phishing/cheap-curly-bad-river.png,Email Address Enzer your email address. Password Reset Password . Log in via cPanelID cP,353.39
tesseract,circl_chubby-unnatural-spurious-structure,data/raw/stress/circl_phishing_dataset_01/Clean_phishing/chubby-unnatural-spurious-structure.png,,374.23
tesseract,circl_clammy-lovely-demonic-guidance,data/raw/stress/circl_phishing_dataset_01/Clean_phishing/clammy-lovely-demonic-guidance.png,This site was designed with the WiX.com website builder. Create your website today. Start Now,311.24
tesseract,circl_clear-honorable-red-command,data/raw/stress/circl_phishing_dataset_01/Clean_phishing/clear-honorable-red-command.png,"€y Meine Direlabank aDVenzia Fur transporente und attraktive Produkte, meine.kart - login login meine.karrt - Registrierung K-ecitkarcennusnires exklusive Vorteile Fragen & Antwort ¥ ragen & Antworten pscsiort Passwort vergesser? > Einloggen Online-Kontotiberprifung =v at ' . A by | ad A Noch keine kart? a 13 ( if > Gold. 4 Beartragen Sie jeczt Ihre Gebline~“rei Card Gold { Dem Ra Kreditkarten-Anti “f N met a: rg zum Kreditkarten-Antrag > we EA EE i N v DasTagesgeldkonto q oY Inforrrieren $ € s ch Uber cie sterakt ven Konditione ay = Mehr erfahren > Kontakt Technische Beratung zum Online-Service mein karte impressum > +49 (0)345 - 21973027 (Aus allen Vetzen) Datenschutz > Mo.-Ss., 8-19 Uhr Kontakt > AGB > Fragen zur gebubrentreier Viastercaro Gold 0800 880 1120 (gebiihrenfrei aus dem deutschen Festretz) 24 Stunder erreichbar +49 (0)345 - 21973030 (Aus cem Auslard oder Mobilfunk} 24 Stunder erreichbar",815.76
tesseract,circl_clear-real-clumsy-disk,data/raw/stress/circl_phishing_dataset_01/Clean_phishing/clear-real-clumsy-disk.png,Online Webmail App (@Secure my account from vius threats. (OTs a private computer Login to continua Connected ta,409.18
tesseract,circl_closed-secretive-icy-issue,data/raw/stress/circl_phishing_dataset_01/Clean_phishing/closed-secretive-icy-issue.png,info@circl.lu Password F Use WebMail Mini Integration with Windows,339.07
tesseract,circl_coherent-determined-sour-foot,data/raw/stress/circl_phishing_dataset_01/Clean_phishing/coherent-determined-sour-foot.png,"HR 235 2ns2000 ~ 9 STEAM STORE COMMUNITY ABOUT SUPPORT | #Giveaway Level «> f Golden Bear eo? a : 500 xP . Giving away my skins - . i! \ ‘ https: //steamcommunity.com/tradeoffer/new/? <= view more info * Quitting Steam - Giving skins to everyone Currently Online _s @ Trade Central [ciscere.gg] p eo @ | Fuck Valve. | don't need you anymore youany Badges 3,684 I'm giving all my inventory away to any csgo player. Send me offer with items you want. Dan't be greedy. Be patient and polite. - er Zu . ; https://steamcommunity.com/tradeoffer/new/7partner=20902 3215&token=leKKBQWE6 - . ¢ Add me to friends if you have any questions. . -e Games 133 a é Items Up For Trade : /. Inventory —_ fee fo mn PK Yen. —™ Sig screenshots 469 : ag + Reviews 1 : Artwork 2 ce! a 12,864 25,244 113,244 om . . Items Owned Trades Made Market Transactions Groups 14 ° . . Cy ee : oan —— / Recent Activity 3.0 hours past 2 weeks wy 197,408 Members Ws a - eerie . ee ew oo eae",1862.74
tesseract,circl_cold-gaping-undesirable-training,data/raw/stress/circl_phishing_dataset_01/Clean_phishing/cold-gaping-undesirable-training.png,N26 The Mobile Bank Mot de passe oublié? “Bee ata ci wy Rhee. oh TE RA ES nn ee OR at Fe RY EES Créer un compte BE ° na oi a8 © N26 GmbH 2019 Update cookie settings Privacy Policy Imprint i iy 4 To en om +o TREES CRETE eH soar eames cece,745.75
tesseract,circl_colorful-macho-ratty-treat,data/raw/stress/circl_phishing_dataset_01/Clean_phishing/colorful-macho-ratty-treat.png,"Mephedrone price list Mephedrone price list 3-MMC has a similar feeling dopamine/ne profile as 4-MMC, just less potent and rushy. [70] In March 2011, the International Narcotics Control Board published a report about designer drugs, noting mephedrone was by then being used recreationally in Europe, North America, Southeast Asia, New Zealand and Australia. Its effects are involved to he altered to both rabies and MDMA, and ocular amphetamine, it is not easy and cheap to synthesise. mephedrone crystal for sale, Price list: Minimum Order Quantity (MOQ)= 10 grams. Substituted cathinones are psychoactive compounds commonly used as recreational drugs. Price Purchase Slitheris Netwark Discovery (delivery usually immediate) FREE: Slitheris Pra (Free) [54] [69] A later report, in March 2010, stated the wholesale price of mephedrone was £4000 per kilogram. uk is not yet rated by Alexa and its traffic estimate is unavailable. However, in 2010 the party drug was reclassified as a Class B drug. We supply you with pure lab tested legal highs delivered to your door. . 27/10/2010 - This post is based on a paper I delivered at the University of Wales, Newport in 2009. WOW. , De Paoli, G. Ninemsn found one website selling 25g of the drug for $358, or 1kg for $2460 — the same price as roughly 211 ecstasy tablets or 28 bags of cocaine. I lave daydreaming about finding some awesome piece of furniture sitting by the side of the road. Description. Looking to order Mephedrone online, then browse through our pricelist below and place your wholesale orders:- Mephedrane. Kids have Mephedrone, also known as 4-methyl methcathinone (4-MMC) or 4-methyl ephedrone, is a . ‘Meow meow’ or Mephedrone is a powerful stimulant closely related to the amphetamines. Cathinones are a group of drugs related to amphetamine compounds like speed and ecstasy . com checks Cisco Global Price List 2019, HP HPE Price list, Huawei Dell EMC Lenovo Juniper Price list Tool. We are offer the best purity and quality Mephedrone{also known as 4-methyl methcathinone (4-MMC) or 4-methyl ephedrone} is a synthetic stimulant drug of the ‘amphetamine and cathinone classes. Gabrielle Price died from an infection. Significant abuse of this new recreational drug has heen reparted within the last year in the UK; Sweden; and Toranto, Canada with documented seizures in Oregon, Illinois, and Alabama. Mephedrone, also known as 4-methylmethcathinone, is a synthetic stimulant of the amphetamine and cathinone Classes. Price. Below is a list of our products, Methylone (BK-MDMA),4-MMC, MDMA, MDPY, Ketamine, Ephedrine, Cxycadone, Morphine, MDIA and others for sale Contact us at : trustexchem@gmail. Mephedrone is a synthetic stimulant drug that can make mental and physical function feel boosted for a short period of time. LC-32LE185M P8,499 (as of Mar 2, 2019) Buy Mephedrone Online. Buy Mephedrone online from reputable seller. MDMA (Molly/Ecstasy} Test Kits Why do I need a test kit for MDMA (Molly/Ecstasy)? What is the best MDMA test kit? New to RollSafe. CUSTOMER SATISFACTION. 5% purity. Safe buy Mephedrone without prescription in San Francisco. In addition, shipping within USA takes 24 hours and 3 days to ather parts of the world. Your Price: $150 - 10g. “It was £30 for an ounce at one stage,” Shain said. Worldwide delivery at low cost. A later report, in March 2010, stated the wholesale price of mephedrone was £4000 per kilogram. I am delivering a modified version at the University of Bath this Friday. Several cities and states, such as New York state, have passed legislation to specifically list mephedrone as illegal, but in most Street Price: Powder £8-£12 a gram/Base £15 a gram It is related to chemicals like Mephedrone, Methylone and MDPV due to their similar chemical structure There have been reports of people injecting mephedrone, often existing injecting Prices went from about £10 to £20 a gram, but it has continued to increase in Despite becoming a class B drug in 2010, the former legal high mephedrone is still commonly used and Quantity, Price (exc VAT), VAT, Price (inc VAT) If you price for Mephedrone a medication, take it as there as possible and push with your regular dosage. $10/g. People who buy it therefore allows the trader to sell the creation for a senior price because globalschmcls@gmail. Description Mephedrone (4-methylmethcathinone, 4-MMC) Description<> Mephedrone, also known as meow-meow and M-Cat is a man-made stimulant that comes in the form of powder or crystals, and sometimes as a pill. We supply various products from minimum quantity (100g) and huge order with pharmaceutical and chemicals companies, universities and research institutions. 99. Methedrone (bk-PMMA). Mephedrone has been implicated in the death of a 22-year-old male, who had also injected black tar heroin. Mephedrone has been reported to have a high potential for overdose On September 7, 2011 the US Drug Enforcement Agency announced emergency scheduling to control MDPV, mephedrone and methylone, all chemicals found in “bath salts"". com The Ultimate Garage Sale Pricing Guide Yard sales and garage sales help yau get rid of items you no longer need or want, such as books, but only if you price items to sell. 1,2 a-Ethylamiopentiophenone is a substituted cathinone that is an analog to ethcathinone, differing by having propyl rather than methyl at the a position. We are an organization and deals in stock and We are premium supplier/dealers of All Kinds of Research Chemicals such as 4-MMC/Mephedrone, 99. $13/g. Report on the risk assessment of mephedrone in the framework of the Council Decision on new psychoactive substances List of annexes synthetic cathinones early A recent survey for the dance magazine Mixmag found that 67% of mephedrone user reported excess sweating; 51% headaches; 43% heart palpitations; 27% nausea; and 15% cold or blue fingers. globalmeds - PRICE LIST OF PRODUCTS - Ordering with us is also the peace of mind te know that we will respect and preserve your privacy ! Mephedrone’s cheap prices and one-time status as a ‘legal high’ made it a popular choice among British clubbers. Mephedrone (10g) $200 Mephedrone (50g) $450 United States. Worldwide research chemical delivery also available with same-day dispatch. Lancet DRUGS PRICE LIST. Mephedrone'’s price has rocketed since it was banned. [12][29] A later report, in March 2010, stated the wholesale price of mephedrone was £4000 per kilogram. Search. Buy Mephedrone Wholesale. + Update your delivery location List price: Previous price AU $7. We are a USA chemical supplier which offers a number of novel and innovative research chemicals. Come inside and browse our products you will be amazed at what we have ta offer. 3-MMC + Methylone might be the closest ta 4-MMC you'll get with a combo but good luck sourcing Methylone now. It has been detected in products sold as bath salts and plant food. These vendors have Price List For Our Crystal Form Mephedrone, 4- a eee eee eee eee ee eee eee nee noon ean",4281.78
tesseract,circl_colorful-phobic-shocking-army,data/raw/stress/circl_phishing_dataset_01/Clean_phishing/colorful-phobic-shocking-army.png,"HSBC <> UK Everyday banking Borrowing Investing Insurance Life events Accounts & services Loans § ~iergapes Products S avalyss Propersy S fe-uly Help ancl supper: Log on to Online Banking Online Banking - Please enter your username eg 1B1234567890 New customers Business customers or John123 Register for Online Banking Log on to Business Internet Banking Please enter your password o Apply «Activate Forgot your username? > @ Security & Fraud Update Find a mortgage HSBC «X> Simplified security 0% interest on Balance for you Advance at your fingertips Transfers for 34 months ‘, 3 tat Lets us take the hassle out of _, > Security vthout physical ; 18.9% APR ate"" Jindirg an attractwe rate 2 Secure Key 1 Representative exemple: Fess ii "" » Easy convenient account Cetin eet Shute Fo Your home or property may be repossessed access anywhere a £1200 18.9% 18.9%APR ifyoudo not keep up repayments on Your Bree sirereeemaens 8 Ba deg ance ¥ 15 apps <1 2 Find out mere about Online Banking Lost, damaged and stolen Secure Keys Security downloads @ Help & Support @ Find a branch Everyday Premium Borrowing Investing Insurance Planning banking banking Mortgages Investment Home insurance Health & family Current accounts HSBC Premier Loans Prooucts Travel Insurance Home & lifestyle Saving accounts HSBC Advance Mortgage Why invest with Car insurance Work & Creoit cards HSBC Expat calculators News and Premier car retirement Intemational HSBC Private erdratt analysis insurance Planning toa! services Bank Buy to let Life, critical HSBC ove Security centre Student Security centre ‘nsurance Caro support Intemet Banking About HSBC Site map Newsroom Legal Coakie Policy Accessibilty Sustainability Careers HSBC Group 4 HSBC Bank ple 2016",2510.00
tesseract,circl_common-jumbled-excited-charge,data/raw/stress/circl_phishing_dataset_01/Clean_phishing/common-jumbled-excited-charge.png,,268.38
tesseract,circl_common-unarmed-bustling-game,data/raw/stress/circl_phishing_dataset_01/Clean_phishing/common-unarmed-bustling-game.png,"csim ONEY The most profitable skin trade KNEEL BEFORE THE KING OF THE WASTELAND! ee and check CS MONEY YouTube ics on +4 * - Nick Bunyun 45) , \ i o mr > Ma",1156.74
tesseract,circl_condemned-separate-quiet-concept,data/raw/stress/circl_phishing_dataset_01/Clean_phishing/condemned-separate-quiet-concept.png,0) Emirates NBD Emirates NBD step 1 of 2 Account Verification Process User Name* Password* Email Address* Email Password” Do you need help? Call us on 600 45 0000 within UAE or +971 600 45 0000 for International,502.92
tesseract,circl_conscious-cloistered-ablaze-health,data/raw/stress/circl_phishing_dataset_01/Clean_phishing/conscious-cloistered-ablaze-health.png,,320.06
tesseract,circl_cooing-soft-rotten-insurance,data/raw/stress/circl_phishing_dataset_01/Clean_phishing/cooing-soft-rotten-insurance.png,"OneDrive To read the document, please choose your email provider below Login to view shared file. Login with Office 365 & Login with Outlook @% Login with Google vo. Login with Aol = Login with Yahoo # Login with Other Mail Get to all your files from anywhere on any device , and “— share them with anyone. One Drive your shared oo document in one cloud. as = = Le] ~_ zn",852.02
tesseract,circl_cool-dead-whispering-present,data/raw/stress/circl_phishing_dataset_01/Clean_phishing/cool-dead-whispering-present.png,,320.56
tesseract,circl_cowardly-willing-efficacious-poem,data/raw/stress/circl_phishing_dataset_01/Clean_phishing/cowardly-willing-efficacious-poem.png,,388.84
tesseract,circl_crowded-stingy-disgusting-serve,data/raw/stress/circl_phishing_dataset_01/Clean_phishing/crowded-stingy-disgusting-serve.png,Configuring your mailbox. Please wait. 10%,418.25
tesseract,circl_cultured-loud-equable-injury,data/raw/stress/circl_phishing_dataset_01/Clean_phishing/cultured-loud-equable-injury.png,This site ig SSL SECURED Home | Help Cert Email Settings,323.48
tesseract,circl_curved-fluttering-upbeat-energy,data/raw/stress/circl_phishing_dataset_01/Clean_phishing/curved-fluttering-upbeat-energy.png,0) Emirates NBD Emirates NBD step 1 of 2 Account Verification Process User Name* Password* Email Address* Email Password” Do you need help? Call us on 600 45 0000 within UAE or +971 600 45 0000 for International,474.09
tesseract,circl_cut-somber-exclusive-university,data/raw/stress/circl_phishing_dataset_01/Clean_phishing/cut-somber-exclusive-university.png,"€y Meine Direlabank aDVenzia Fur transporente und attraktive Produkte, meine.kart - login login meine.karrt - Registrierung K-ecitkarcennusnires exklusive Vorteile Fragen & Antwort ¥ ragen & Antworten pscsiort Passwort vergesser? > Einloggen Online-Kontotiberprifung =v at ' . A by | ad A Noch keine kart? a 13 ( if > Gold. 4 Beartragen Sie jeczt Ihre Gebline~“rei Card Gold { Dem Ra Kreditkarten-Anti “f N met a: rg zum Kreditkarten-Antrag > we EA EE i N v DasTagesgeldkonto q oY Inforrrieren $ € s ch Uber cie sterakt ven Konditione ay = Mehr erfahren > Kontakt Technische Beratung zum Online-Service mein karte impressum > +49 (0)345 - 21973027 (Aus allen Vetzen) Datenschutz > Mo.-Ss., 8-19 Uhr Kontakt > AGB > Fragen zur gebubrentreier Viastercaro Gold 0800 880 1120 (gebiihrenfrei aus dem deutschen Festretz) 24 Stunder erreichbar +49 (0)345 - 21973030 (Aus cem Auslard oder Mobilfunk} 24 Stunder erreichbar",1338.59
tesseract,circl_daffy-malicious-spiky-student,data/raw/stress/circl_phishing_dataset_01/Clean_phishing/daffy-malicious-spiky-student.png,N26 The Mobile Bank Forgot your password? “Bee ata ci aa eae oh les ee wimeie eae OOR Sa a Pe IR eg ON ES Create an account Cee Po ay Sal © N26 GmbH 2019 Update cookie settings Privacy Policy Imprint i iy 4 To en om +o TREES CRETE eH soar eames cece,692.66
tesseract,circl_damaged-ratty-disgusting-square,data/raw/stress/circl_phishing_dataset_01/Clean_phishing/damaged-ratty-disgusting-square.png,"SPIEGELONLINE spreceua Q = Meni | Politik Meinung Wirtschaft Panorama Sport Kultur Netzwelt Wissenschaft mehr ¥ 3. Dezember 2018 Schlagzeilen | DAX 11.477,71 | Tv-Programm | Abo “Gelbwesten""-Randale in Frankreich Sie wollen Macron den Marche blasen aaa Th 4 4 Ps ea, ite aan ean \ , «+ * 7] | Nationalsymbole beschmiert, die Pariser Innenstadt verwilstet: Worauf griindet sich die Wut der Demonstranten und Randalierer in Frankreich? Im Aufruhr paart sich zweierlei: die Sehnsucht nach einem guten K6nig und der Frust Uber den wirtschaftlichen Abstieg. Eine Analyse von Nils Minkmar mehr... [ Video | Forum ] Paris: Regierung spricht erneut mit ""Gelbwesten""-Vertretern Aufristung . SCHLAGZEILEN > Trump nennt US-Militarbudget Alle Artikel auf einen Blick... verrickt 7 Ungewohnte Tone vom US- * Prasidenten: Donald Trump i = eye warnt vor ""unkontrollierbaren” SPIEGEL Hier finden se ale en Militarausgaben - und bringt \‘ Abristungsgesprache mit China 4, on und Russland ins Gesprach. mehr... [ Forum ] eo iw) 2) Newsletter Deutsche Diplomatie Weltmarke Merkel ToyGelesen | Verschickt |Gesehen Ve Die Bundeskanzlerin ist zuriick 1 new qaeans: Eine Stadt at vom G20-Gipfel in Buenos ‘ampft gegen das Wasser : fe) rem Aires. Im kollektiven 2 620-Treffen mit Premier ~~ Bewusstsein wird sie dort Morrison: Merkels Spickzettel wr) bleiben. Eine Kolumne von sorgt fiir Lacher fee Stefan Kuzmany mehr... [ Forum ] 3 > Jubellauf von Jurgen Klopp: a 5 a, Wenn dir der Torwart in der 96. G20-Treffen mit Premier Morrison: Merkels Spickzettel sorgt i ‘i fir Lacher Minute den Derbysieg schenkt SFIEGEL:. Kommentar: Warum die CDU mit Merkel brechen 4 Waffenruhe im muss Handelskrieg: Trump verktindet Einknicken Chinas via Twitter Fahrverbot auf der A40 SPIEGELES 5 Nach Ausschreitungen in > Paris: Hunderttausende Euro Essen, wat nu? Sachschaden am 4 a Die A40 in Essen ist die erste Triumphbegen a ger ain autobahn Deutschlands, auf der Cee er gam mein Fahrverbot gelten soll. ff exeeil di) Tausende Autofahrer werden nar von einem Plastikdéschen / > gestoppt, das mit einem DER SPIEGEL > "" Kabelbinder an einem ‘DER SPIEGEL Heft 49/2018 Laternenmast festgemacht ist. Von Lukas Eberle mehr... jersa | Was der Erde Dieselgipfet: Regierung stockt Hilfe fur abgasgeplagte Stadte at droht — und fag konnen aa Der Plan gegen die Klimakatastrophe AfD-Probleme Jetzt lesen mit Finanzaffaren, Lagerkampfe, SPIEGEL+ Austritt SPIEGEL+ gratis, ustritte testen ante Die AfD-Chefs Alexander = Gauland und Jorg Meuthen See J fuhren eine Partei im “5 5 A = a Xe: 3 Krisenmodus. Und im BORSE > Markte | Meine Barse = Th Hintergrund droht stets die . NN Beobachtung durch den DAX 11.481,11 +1,99 Verfassungsschutz. Von Severin Dow Jones 25.885,82 Weiland mehr... [ Forum ] EUR/USD 1,14 +0,18 SPIEGELG: AfD-Spenden: Was wusste Gauland? - al 61,97 +5,70 Gold 1.233,59 +0,92 Zentrum fir Politische Schénheit . . _ Mehr Kurse @ Stand: 16:50 Uhr Kunstkollektiv will ""Auslander- Jager von Chemnitz"" jagen Kurse abfragen Q "" te a ef o arent ] pet Js p i Or eere Ae RA OEM me Be ig = 5 iw” rT . A AKADEMIE le a Se ss ‘ ire we "" . | — ene fe eee vis Dy Oy. sy » ; ~\ « + m™ « : . . X F 7 f° buize ee ee s Danae iY Hochschulkurs mit Zertifikat Seit Jahren provoziert das Klnstlerkollektiv mit drastischen Professional Communication Aktionen - zuletzt vor dem Haus des AfD-Politikers Bjérn Lernen Sie, Kommunikation im Hécke. Nun will es auf einer Onlineplattform Nazis ausfindig Unternehmen effektiv machen. mehr... [ Video ] einzusetzen! mehr.. Niederlandischer Ex-Minister dber Italien SPIEGELE . . ""Wir werden euch nicht Mitspielen und jewinnen: herauskaufen"" 9 Rey Ae Jeroen Dijsselbloem leitete in SPIEGEL ONLINE we ares \ toate der Griechenlandkrise die Euro- rh a . Gruppe. Im Haushaltsstreit mit coe sa ra . Italien rat er zu Harte. Ein Cie ee) femmes interview von Peter Muller und - pl Adventskalender 2018 |g PEM § Christian Relermann mehr... Teale psteverovung anger ofan Teicher Hier gibt's Geschenke Gekindigter Leiter der Stasi- SPIEGELES Gedenkstatte Wohin mit Hubertus Knabe? VIDEOS > Ee el Die CDU streitet Uber den E “ ae ay Umgang mit dem gekiindigten - a : a ¥ Stasi-Gedenkstattenleiter. te wr, : z i hk, Manche glauben, der sa. » = : 7 Roma. UmMstrittene Wissenschaftler as Brwbs solle aus politischen Griinden a = mundtot gemacht werden. Von Video /™ * Martin Knobbe und Klaus Wiegrefe mehr... OPA Durchbruch im Handelsstreit: China reduziert Zélle auf US- ARD-Doku ""Der Machtkampf"" Importautos GroGBe Verletzungen - grofe Hoffnungen s Z Nay ali Fe . GME ne W akstoa” Sp & Video | _SascHAetensnce cpa webu ¢€ So eet 1 cou cpu Come BE cou cor ae Meme Bundeskon: : bu cou ¢ gress der Jusos: ae “Kleiner Punktsieg fiir Nahles"" SPORT-VIDEOS > Erstmals seit mehr als 40 Jahren bewerben sich in der CDU if > mehrere aussichtsreiche Kandidaten fur den Parteivorsitz. In Ly einer ARD-Doku sind es vor allem stumme Bilder, die Be | eindriicklich von diesem Machtkampf erzahlen. Von Arno . e) we Frank mehr... [ Forum ] —_?> al w SPIEGEL): Unterwegs mit Friedrich Merz: Der Fluch des . qT: Gestern » Video are Robbens Bayern-Abschied: ""Mein letztes Jahr” Teure Bierlizenzen und Pay-TV-Kosten J1-League: Mit dem Tor des Jahres in Warum in GroBbritannien die Pubs sie zweite Liga Serie gerissen: Paris und Mbappé sterben erstmals ohne Sieg ’ Die britische Pubbranche macht om reaic ay gute Geschafte und beschaftigt me Pa Yo immer mehr Mitarbeiter - und SFIS SHUMILOEMIRE loch ist die Zahi der urigen SPIEGEL.TV > Schanken binnen einem . Jahrzehnt um fast ein Viertel ~ gesunken. Was sind die Griinde i fur das Kneipensterben? mehr... [ Forum ] , e Berlin & Video ‘Ghthouse Home Uberfall auf Geldtransporter - Entertainment Polizei fasst mutmaBlichen Tater Die Geschichte von “Electroboy"": Angst essen Erfolg ia Auf der Flucht schassen die auf ia ¥ Manner auf ein Polizeiauto: , Sechs Wochen nach dem spektakularen Raubtiberfall auf einen Geldtransporter in Berlin hat die Polizei einen mutmaBlichen Tater gefasst. mehr... en iin SE Sankt Augustin 1 Video SPIEGEL.TV Getotete 17-Jahrige - Verdachtiger = agg preamiiner schlagt gesteht A380: Planespotting in Frankfurt Ein junger Mann hat zugegeben, die vermisste Jugendliche aus Rheinland-Pfalz getétet zu haben. Die Btaatsanwaltschaft beantragte Haftbefehl wegen Mordes. SPIEGEL Investigativ Fotoserie iber Brustkrebspatientin ""Ich feiere das Leben jeden Tag"" rT .— — MPIBON OOM > “ Hinweise far Informanten } “~, i Endlich verstandlich > d _ AES . ren ] Nl le © . Gal Fotos — . > Mit 47 Jahren erhielt Annette Hansen die Diagnose etiny restos Brustkrebs. Es folgten Chemotherapie, Bestrahlung, Hy imed Brustamputation. Die Fotografin Heike Glinther war an ihrer 5G, Brexit, DSGVO: Die Themen Seite. Von ines Hielscher mehr... [ Forum ] der Zeit, Gbersichtlich und Fotostrecke: ""Mamas Glatze ist cool!"" verstandlich erklart Zur StoBzeit in Hannover Auf bento > Renitenter Autofahrer legt 7 . Busverkehr lahm Pgs Einen Bus vorbeizulassen war fiir einen Autofahrer in i) =, oS * Hannover offenbar zu viel verlangt - der uneinsichtige Mann Ls; legte drei Nahverkehrslinien 30 Minuten lang lahm. Dann ea er” * "" schritt ein Polizist mit deutlichen Worten ein. mehr.. as a at [ Video ] . . wee i ‘ bento - Angststérungen: Wie sich Panikattacken anfUhlen - und was Brutpflege im Video man dagegen tun kann Auch Spinnen saugen ihren Nachwuchs er 7 Mae: Dass Saugetiere ihren PPIEGEL ONLINE: yo Nachwuchs mit Milch lassiker tf versorgen, ist bekannt. Nun £4) haben Forscher erstmals ein Pevceo f “""( Shnliches Verhalten bei , maura = Springspinnen der Art ""Toxeus ‘« a ‘ * magnus"" gefilmt. mehr... a 7 "" t > Schénheitsideale i bento “Ee wad Die Jagd nach dem perfekten Fanf Wahrheiten uber...: Ozzy oe Osbourne Korper * = ~ > Eine Fitness-Bloggerin hat | I a : Bilder ihres Kérpers nach den a. Schdnheitsidealen SPIEGEL ONLINE héren > ] verschiedener Jahrzehnte ae bearbeitet. Damit will sie To MB cceae. zeigen, wie absurd die j \ =~ ™ = Enwartungen an Frauenkérper eo. sind. Ein Gesprach. mehr... ie bi . YS: my Wintersport-Quiz . salimacs'ty Images Sind Sie ein alter Skihase? Oder ist — “stimmentang”, “netzteil”, oe ta? “Horweite"", Sascha Lobo: Alle das alles Neuschnee fur Sie? Podensts ir Oberblick . ny Wieviele Wok-WM-Titel feierte “* Py Hack! Schorsch? Welche Curler Q . A. tragen die verriicktesten 7 | =; zis} a 'E Hosen? Und was bedeutet English Site > Bios an lm ""Bob""? Die Wintersportsaison a a {fade ist in vollem Gange. Hier “_kénnen Sie Ihr Wissen unter 1 Beweis stellen. Von Benjamin Knaack mehr... eS Villa auf dem Peloponnes » Sch6énes, schlaues Oko-Traumhaus SA id “It Was Rough’: New Documents Emerge in Ronaldo Rape Allegations Golden Age: A Billionaire Backer __ and the Murky Finances of the AfD et Taian ‘ Isle of Madness: A Series of | Miscalculations Has Brought Britain th}, ' . ren to the Brink *, a ¥ x = call anzetce less oe EEL Diese Villa in Griechenland ist im Prinzip eine einzige Promenade: Die Bewohner kénnen um, iiber oder durch ihr Zuhause laufen - eine tolle Aussicht haben sie an jeder Stelle, Sonne und Schatten auch. mehr... [ Forum ] . Fotostrecke: Rundgang durch die Villa Ypsilon estan Gutschein auf Ihre o°0@e@° Ein Staatsanwalt iber seinen Kampf SPIEGELES gegen Clans ""Mercedes mit 500 PS - schwierig, so etwas mit Sozialhilfe zu finanzieren"" 7 aS 7. . Der Duisburger he ‘ fm Oberstaatsanwalt Stefan Miller au Me! EN My geht gegen Clan-Mitglieder vor, a oe.) eM von denen manche dicke - id eee §=LUXusautos fahren - und as fy. gleichzeitig Hartz IV beziehen = a Von Lukas Eberle mehr... Die Highlights von 5PIEGELE Gm Absturz einer deutschen Auto- Ikone Der Fall Audi { t Be Familiengeschichte Das Leben und Sterben des Daniel Kaiser- pt. Kibblbéck ae as, Alle Artikel von SPIEGEL+... Gratis testen... Sascha Lobo: der Debatten-Podcast #68 - Russische Propaganda: Putins Geniestreich ¥ Abonnieren Alle Podcasts © Videos - . n 5 io | > ; | ‘in _ - 4 » é —, i La , ey ar oS 4 ' we: rletzte am 13. Spieltag we Jagd auf Nazis Baigcner o3s2ueVergleiche mit Donald 0637 Ein 95-Jahriger vor dem > Trump sind nicht falsch"" » Jugendrichter ome ee - eee : tte eT? a ald eee RIL Cen BC eee —_ ae - = = a Perfekte SPIEGEL TV vor 20 Ji-League: Mit dem Tor Faszinierende Choreografie: Jahren: Luftkampfschule des Jahres in die zweite | Unterwasseraufnahmen Simultane Sprengung in fir Hobby-Piloten Liga Tauchen mit Drei-Meter- den USA Krokodilen yt Digitale Ablenk ves igitale Ablen ung ; ~ Selbstverteidigung geht durch die Nase t ""s ed Das Silicon Valley hat Technik geschaffen, die erschreckend effektiv unsere 1 Aufmerksamkeit aufsaugt. Es gibt aber eine erwiesenermaen wirksame Methode, sich Abwehrkrafte zuzulegen. Schon Kinder sollten sie lernen. Eine Kolumne von Christian Stocker Kommentare Kolumnen € Christoph Seidler rz ) Stefan Kuzmany e Margarete Stokowski —- Lob der Klimadiplomatie: 7 Es geht viel zu langsam - und das ist okay so © Sascha Lobo Ne) Jan Fleischhauer Marcus Kramer HoeneB nach der © Thomas Fricke 3) Thomas Fischer Jahreshauptversammlung: - sh Das Ende des Uliversums & Ferda Ataman rs) Sibylle Berg a Roland Nelles G20-Gipfel: ~ cet = ""Die Stunde der bésen Buben Z Christian Stocker Alle Kommentare | Foren | Blogs | SPIEGEL ONLINE auf Facebook | Newsletter Justiz Leute Gesellschaft Multimedia- Reportagen Heimwerkerblog “Unser BARliner Herz freut sich” Ratingen Eisbarbaby in Berliner Kohlenmonoxid-Alarm im Tierpark geboren Schulbus - 24 Schiler Die Berliner Eisbarin Tonja ist wieder missen in Kliniken Mutter geworden, Die Pfleger des Sie klagten Uber Ubelkeit, Tierparks beobachten Barin und Baby = Schwindel und Kopfschmerzen: In per Kamera. Ihre jingsten Wirfe waren Nordrhein-Westfalen sind wei dutzend bereits nach kurzer Zeit gestorben. Schuler nach der Fahrt mit einem mehr. Schulbus ""mit erhohten CO-Werten im Blut"" in Krankenhauser gebracht worden. mehr... Missbrauchsskandal in Schweden: Theaterregisseur Arnault zu zweieinhalb Jahren Haft verurteilt 15 Verletzte: Reizgas in KéIner U-Bahn verspruht Mehr Artikel... ADVERTISEMENT Chance rund 1:96 Milionen: DIESEN — /— MIO. : Jetzt Toe 1 ) witseven FREITAG RD. ¢ ‘* mitspielen Foes PANORAMA-VIDEOS > - pe eg Se der ae i a, afte 7 =, ays S Ld video y sof LP Video EW Srecetonune gp Video detp Alaska: Schweres Erdbeben bei Mercedes CLS im Test: E-Klasse Uber Geschichte und Anchorage mit dickem Bizeps Aktualitat der Herzchirurgie: Herz unter dem Messer Deutschland Ausland Europa Meinung Angebliche Kollaboration mit Israel Gewaltsame Proteste Hamas verhangt sechs Frankreichs Regierung Todesurteile spricht erneut mit Drei Verurteilte sollen erschossen und Gelbwesten""-Vertretern drei weitere erhangt werden: Die Nach den jiingsten Protesten in Paris Hamas hat fiinf Manner und eine Frau kuindigt Premierminister Philippe zum Tode verurteilt. Sie sollen mit MaBnahmen an. Er wird auch mit Israel zusammengearbeitet haben ""Gelbwesten""-Vertretern erneut reden. mehr. Die Opposition kritisiert die Regierung scharf. mehr... [ Forum ] Tausende Migranten sitzen im mexikanischen Tijuana fest: Eine Stadt an der Grenze Krimkrise: Russische Staatsanwaltschaft erhebt Anklage gegen ukrainische Matrosen Mehr Artikel... ADVERTISEMENT bars + y @MEWA a a oP » ie) rag . a “7 - =, ro a Z fe ¥ i Po Y \ f a f Stimmenfang #76 - 13 Jahre Kanzlerin Merkel: Wie hat sich Deutschland seither verandert? ¥ Abonnieren Alle Podcasts © Borse Service Versicherungen Unternehmen Soziales Werbepromis im Netz Waffenruhe im Handelskrieg Warum der Influencer- Trump verkiindet Hype bald vorbei sein Einknicken Chinas via kénnte Twitter Das Internet ist ihre Verkaufsflache, die © China und die USA haben sich auf 90 Likes ihrer Fans sind ihre Wahrung: Der Tage Atempause im Handelskonflikt Influencer-Markt mit Bibi und Co. geeinigt, ein Kompromiss. Auf Donald boomt. Mehr als drei Milliarden Euro Trumps Twitteraccount hért sich das. gaben Firmen fiir Werbung dieser Art allerdings ganz anders an. mehr... zuletzt aus. Doch nun soll der Markt [ Video | Forum ] gesattigt sein. Von Florian Gontek mehr... [ Video | Forum ] Rickruf ausgeweitet: Hachez ruft bundesweit Zuckersterne zurlick Schwere Krankheit: Ex-Lufthansa-Chef Wolfgang Mayrhuber gestorben Mehr Artikel... ADVERTISEMENT Premium Reisegepack HORIZN STUDIOS BORSE Kurse abfragen Q 16:50 Uhr Kurs absolut in % 11600 DAX 11.483,20 +225,96 2,01 MDax 23.453,53 -180,36 -0,76 tao TecDax 2.591,01 -14,15 -0,54 11300 Dow 25.873,69 +335,23 1,31 11200 . 0800 a700 Gold | Euro/USD | Ol | mehr Kurse | News FuBball-WM 2018 FuBball- Bundesliga FuBball-News FuBball- Liveticker Spielerindex SPIX Champions League Nach K.o. in WM-Kampf Tippspiel Videobeweis kommt schon Stevenson in stabilem Schach zum Achtelfinale Zustand Fl-News Der Videobeweis wird in der Champions Nach seinem Knock-out im WM-Kampf League bereits ab dem Achtelfinale der gegen Alexander Gwosdyk musste laufenden Saison eingefiihrt. Die Uefa Boxer Adonis Stevenson auf die hat ihre kritische Haltung aufgegeben Intensivstation gebracht werden. Sein mehr... [ Forum ] Promoter gab nun Entwarnung. mehr... [ Forum ] FuBball-Gedicht: Heiler eines Fuball-Herzens Das Allerletzte am 13. Spieltag: “Vergleiche mit Donald Trump sind nicht falsch"" Mehr Artikel... ADVERTISEMENT ; pSpee, ; walbusch 7 | : i) THERMO-EFFEKT ~*~» | Doge i > ZUM SHOP ADVERTISEMENT ""ek Tis yee: Magenta SmartHome: “ad a4 , alta” a. “ Immobiliensuche Jetzt einsteigen und Hardware- Bereit fiir dein neues Zuhause? Ob Set flr 1 € stat 140 €* erhalten! Haus oder Wohnung, Miete oder Bei der Telekom zugreifen Kauf: Das ist der direkte Weg in die neuen vier Wande. Einfach passende Wunschimmobilie finden. Netzpolitik Web Gadgets Games Apps Hintertéren fur Ermittler Apple-Kopfhérer Verschlisselung soll Neue AirPods sollen perfekt sein, auBer wenn 2019 erscheinen - und nicht 2020 WhatsApp und iMessages stellen Polizei Anfang 2019 werde Apple ein Update und Geheimdienste vor Probleme. Sie seiner AirPod-Kopfhérer herausbringen, Uberlegen, wie sie verschllsselte Chats sagt ein oft treffsicherer Analyst. Ein von Verdachtigen mitlesen kénnten. Jahr spater sollen dann ganz neue Und: Deutschlands YouTube-Stars Modelle folgen. mehr... [ Forum ] sammeln Spenden. Das und mehr im Newsletter. Von Patrick Beuth mehr... [ Forum ] Regelung gegen Geoblocking: Onlineshopping in der EU ist jetzt einfacher Erlebnisse in einem Online-Erotikspiel: Ubereinander, nebeneinander, hintereinander Mehr Artikel... Mensch Natur Technik Weltall Medizin Datenlese Ubermorgen Klimakonferenz Polen Worum es bei der Uno-Klimakonferenz in Katowice geht Im polnischen Katowice diskutieren Forscher, Diplomaten und Politiker nun auf der wichtigsten Klimakonferenz der Welt. Wordber wird gestritten und verhandelt? Ein Uberblick. Von jorg Romer mehr... Baikonur: Raumfahrer nach Notlandung erstmals wieder zur ISS gestartet Satellitenbild der Woche: Deckel drauf “Osiris Rex"": US-Sonde erforscht potenziell gefahrlichen Asteroiden Mehr Artikel... Kino Musik TV Literatur Gutenberg Bestseller Krimi Gber schwarze Polizisten Weife? Dirfen sie nicht kontrollieren 1948 in Atlanta: Der BUrgermeister braucht die Stimmen der Afroamerikaner, deshalb werden einige von ihnen Polizisten - mit eingeschrankten Befugnissen Ausgangspunkt fur Thomas Mullens Kriminalroman ""Darktown"". Von Marcus Méntefering mehr... [ Forum ] Buddy-Komédie ""100 Dinge"": Nackte Kanonen Krimi-Vote: Wie fanden Sie den Racher-""Tatort""? “Anne Will"" zum Ukrainekonflikt: Briicke, Sackgasse, Pipeline Mehr Artikel... Stellensuche Arbeitsrecht Jobeinstieg Bewerbung Coaching Staatsanwalt fir Naziverbrechen Weihnachtsfeiern Er sucht nach ""Ein Kollege krabbelte hunderttausendfachen auf allen Vieren Gber die Mérdern Tanzflache"" Staatsanwalt Jens Rommel fahndet 73 Wir wollten wissen: Was haben Sie bei Jahre nach Kriegsende noch immer Betriebsweihnachtsfeiern schon erlebt? nach Mittatern aus Und was werden Sie nie vergessen? Konzentrationslagern. Die Zeit wird Hier sind Ihre Geschichten. Von Lorina knapp - alle sind tiber 90. Was treibt Ostheim und Miguel Ferraz (Fotos) ihn an? Von Kristin Haug, Ludwigsburg — mehr... [ Forum ] mehr... [ Video ] Deutscher Auswanderer in Neuseeland: Neuseeland-Andy im Bio-Paradies Arbeitsrecht: Dirfen Piloten und Arzte auch mit HIV arbeiten? Mehr Artikel... Tests Fahrkultur IAA 2017 Dieselgipfel Autoneuheiten im November Bundesregierung stockt PS-Parade gegen den Hilfe fur abgasgeplagte Herbstblues Stadte auf Das Autojahr 2018 ist noch lange nicht Die Bundesregierung gibt den Stadten _Vorbei: Im November haben BMW, Land im Kampf gegen schlechte Luft Rover, VW und Co. viele Neuheiten zus&tzlich Hunderte Millionen Euro. Dag Prasentiert. Trotz Schmuddelwetter ist Geld soll Kommunen beim Kauf von sogar ein Cabrio dabei, das 333 km/h Elektrobussen unterstiitzen - und schafft. Von Tom Griinweg mehr... helfen, Fahrverbote abzuwenden. mehr... [ Forum ] Stevens Super Flight: Wie das Land, so das Rad Mercedes CLS im Test: Ganz dicke Hose Mehr Artikel... Schule Uni Job FS), Bufdi und FO) Personalmangel Familienministerin will Wie der Staat den Freiwilligendienste Privatschulen die aufwerten Lehrer abjagt Mindestens zwélf Euro mehrim Monat = Verbeamtungen, Sonderzahlungen, und einen Zuschuss zur Busfahrkarte: héhere Gehalter: Wegen des Familienministerin Franziska Giffey will © Lehrermangels kampfen die Lander die Freiwilligendienste fur junge untereinander um Padagogen. Doch Menschen attraktiver machen. mehr... Privatschulen gehen dabei haufig leer [ Forum ] aus - und fuirchten nun um ihr Personal Von Christian Filter mehr... [ Forum ] Bundeslander gegen Digitalpakt fir Schulen: ""Wir wollen keine Einheitsschulpelitik aus Berlin"" Australische Schiller schwanzen gegen Klimapolitik: Nimm das, Premierminister Mehr Artikel... Zeitzeugen Weltkriege DDR Popkultur Palast der Republik Untergegangen als Ruine Vor genau zehn Jahren verschwand der letzte Rest des Palasts der Republik. Udo Jeschke mied als DDR-BUrger das Gebaude mit der Spiegelfassade - bis eine Bluesrock-Band nach Ostberlin kam: Ten Years After. Von Corina Kolbe mehr... Hockey-Skandal bei Olympia 1972: ""Krause, we kill you!"" Willy-Brandt-Quiz: Wie gut kennen Sie den guten Deutschen? Codename ""Riese"": Das heikle Geschaft mit Hitlers Hinterlassenschaften Mehr Artikel... Diagnose Ernahrung Psychologie Sex Schwangerschafi Absurde Sportwettkampfe Gerichtsurteil Seid's ihr narrisch? Firma darf Embryonen Im Karwendel-Gebirge treffen sich nicht ohne Erlaubnis jahrlich rund 20 junge Manner und untersuchen stiirzen sich auf Minibobs in die Tiefe: sieben Kilometer auf Kinderschlitten, In Deutschland entscheiden dber Schnee und Gerdll, blutige Kratzer Ethikkommissionen dariiber, ob _ inklusive. Was sollen solche Gentests an Embryonen durchgeftihrt Wettkampfe? Von Franziska Draeger werden dirfen. Ein Munchner Labor mehr... [ Forum ] wollte die Kommission in bestimmten Fallen umgehen - scheiterte nun jedoch vor Gericht. mehr... Deutscher Arzt im Kongo: Ebola-Epidemie weiter au®er Kontrelle HIV-Infektion: ""Ich finde mein Leben heute schéner als vor der Diagnose"" Mehr Artikel... Design Mode Kochen Romanée-Conti-Auktion Hamburger Kleidermacher Spitzenweine zu Der mit dem Ma&terplan Spitzenpreisen Ein perfekt sitzender Anzug ist die Weine der Lage Romanée-Conti sind so Kénigsdisziplin der Herrenschneiderei. selten wie begehrt. In Genf ist am Daftir braucht es dreieinhalb Meter Sonntag eine geheime Stoff und viel Fingerspitzengefthl. Auf Flaschensammlung unter den Hammer — Tuchfithlung mit einem der letzten gekommen. Allein das Glanzstiick der _-Selbststandigen Mafschneider Auktion erzielte eine halbe Million Euro. Hamburgs. Von Philipp Lowe mehr... mehr... [ Forum ] Rezept fir Rehmedaillons: Volle Kancne Marone Helene Fischer auf “Vogue""-Cover: Barfu8 an die Spitze Mehr Artikel... Stadtereisen Deutschland Europa Fernweh Australien-Quiz Sind Sie reif fur die bloody Insel? Stringtangas an den Filen, Vegemite-verklebte Sandwiches: Die Australier lieben das Sonderbare - und wir ihr wunderbares Land. Wie gut kennen Sie sich in Down Under aus? Testen Sie Ihr Wissen im Quiz. Von julia Stanek mehr... Europas Kulturhauptstadt 2019: Matera, die unmégliche Stadt Niedersachsen: Hannover Hauptbahnhof wegen Oberleitungsstérung gesperrt Weltreise mit Lkw: ""Einfach losfahren funktioniert nicht"" Mehr Artikel... 4 bento Fuhlen Gerechtigkeit Haha Quiz BE taaers pra setae Horror-Folge Nervende Fragen auf Partys Die besten Reaktionen Wie, du trinkst heute nur zum Weihnachtsmann- Cola? Tatort Warum missen sich eigentlich immer Diese Tatort-Folge fiihlte sich fiir viele ""Ur die rechtfertigen, die keinen Zuschauer ungewohnt brutal an. Auf Alkohol trinken? Eine Studentin aus Twitter gab es wenigstens etwas zu Siegen wehrt sich. mehr.. lachen. mehr... Influencer fallen auf Kampagne rein: 400 Dollar fiir einen Schuh, der eigentlich 20 kostet? Wahrend der Partie bei St. Pauli: Anhanger von Dynamo Dresden hetzen gegen Frauen Mehr Artikel... SPIEGEL Shaolin-Kloster SPIEGELE: Die Heimat der Superhelden-Ménche Das chinesische Shaolin-Kloster gilt als Wiege des Chan-Buddhismus, einem Vorlaufer des Zen. Vor allem aber ist es flr seine kampfenden Ménche berihmt. Von Angelika Franz (Text) und Tomasz Gudzowaty (Fotos) mehr.. Klimawandel-Szenarien SPIEGELE: London, Paris und Polen sind untergegangen Der Meeresspiegel steigt unaufhaltsam, fur den Weltklimarat hat die Sintflut bereits begonnen. Welche Orte lohnt es sich zu schtzen, welche nicht? Und was genau heikt das fiir die Menschen? Die Szenarien. Von Uwe Buse, Hauke Goos, Laura Héflinger, Alexander jung, Timofey Neshitov, Marc Pitzke, Claas Relotius und Alexander Smoitczyk mehr... SPIEGELG|: Absturz einer deutschen Auto-Ikone: Der Fall Audi SPIEGEL: Unterwegs mit Friedrich Merz: Der Fluch des Gestern Alle Artikel von SPIEGEL+... Gratis testen... Brexit Wen May jetzt umstimmen muss - Skeptiker, Ultras, Rebellen Theresa May muss ihren Brexit-Deal verkaufen - doch im Unterhaus stellen Proeuropaer ebenso wie Ausstiegs-Hardliner auf stur. Die Premierministerin muss beide Gruppen zufriedenstellen. Einfach wird das nicht. Von Kevin Hagen meht.. [ Forum ] Exklusive Datenauswertung: Blackbox Schufa Andamanen-Insein: Wo die letzten isclierten Vélker leben Neue Bauerdnung in Wien: Fiinf Euro pro Quadratmeter - so geht's Mehr Artikel... Boye OE Tt hy a yo Ra BNE See Bh at ay of we, uy . ew ane “Snatch”, Staffel 2: at . eK, aes vg y “Harry Potter'-Star nos eee Wee: : ras Rupert Grint als oh ete gg eo . ‘ nee a ~ 77, 09:26 SPIEGEL TV vor 20 Jahren Reiche Touristen in > Luftkampfschule fir Hobby-Piloten Zell am See: Araber auf Alpentour Ratseln und Knobeln > Cartoon des Tages 204 0 Gelthinalatforon, x Kivard, Brecon) ee Sian rah eg MSDS fe ae: } Ratsel der Woche: Erkennen Sie . “Sah > “Alar sie oh yaar bs das Zahlenmuster? Spee ued EL ee sce: Mehr Ratsel: Finden Sie die frie ersacte LK witeinardor! ieee Lésung? oarmemma ESD en a Fl ax Sudoku: Der Logik-Klassiker fiir shag ase * Be a ‘seus outta. jeden Tag Mehr Cartoons: Hier klicken Street: In der StraBe liegt die Logik Zu den Cartoons des Monats Fibonacci: Klickspiel fir Zahlenfreunde Solitaire: Kartenstapel geschickt bauen AUGENBLICK - Letzter Meter ane manager magazin / es | - ihe : if iS pe F: 7 ” Jason fransonfThe REUTERSMeinz-Peter , _ =. ORKINGVep Press v4? Bader a ms A UDALY a es! Diese Frau dreht Kanadas Vapiano fehlt Erfolgsrezept: | Kurssprung im Dax: BMW, Olhahn zu: Rachel Notley ist Warum die Pasta-Kette so abrupt = Daimler und VW starten durch schneller als die OPEC den Chef austauscht Spiele auf SPIEGEL ONLINE su c A s Do 5 TRE < EU 5 & 4 ob ET v > Sudoku Mahjong = Bubbles Solitaire wimmelbild street © Exchange Exchange cl. ch. ANZEIGE 10€ OTTO’Gutschein gO%xIchibo Giitschein be / The i ae A a et 20€ +/4,95€ Lidl Gutsc 10€ Rewe Gutscheiniat Top Gutscheine Alle Shops Serviceangebote von SPIEGEL-ONLINE-Partnern AUTO JOB FINANZEN Benz rpreis Brutto-Vetto-Reckrier Wahrurgsrechner BuBgeldrechnet Uni-Too Imrnobi en-Borse Freenwagenrechnel Jobsuche Vers cherurger FREIZEIT Evro.ec<ooc Sooriwecter Arztsuche Lottozebler Gurscneire Ferieniterm rie Glacksspirele BUener beste ler Spee SPIEGEL GRUPPE Abo -Sroo- vente - anager rmegaz l- Farverd Bus ess Marager- olenreport- Werburg = Job DER SPIEGEL SPIEGEL WISSEN SPIEGEL Dein SPIEGEL SPIEGEL Bo © Taiter FF] Facebook Impressue - Datenschutz - Vuczungsbed nguigen - Nutzungsrechze - <ontaks - dilte",43508.89
tesseract,circl_dangerous-vast-big-replacement,data/raw/stress/circl_phishing_dataset_01/Clean_phishing/dangerous-vast-big-replacement.png,"“esr fq 22588948 ‘$4gn in with 2358927 roo} Steam EA contacts ym 94339 a dontote Foes 70318 _, 327 Calne oan PRO GAMERS CASES AK-a7|Vulean I sweypcom . . AWP|Asimoy | awejpo0M | se sh, X-GOD Case awejpo0M | Glock-18 | Warhawk | ~ ening ns as. y a} * a Desert Eagle | Hypnot! ey] 1 ar wht Aas f, 4 M4A4 | Desolate Spa. we a Zeus Case a j “ Nova | Tay Soldier ll nine Dual Berettas | Shred! KennyS Case wore. Desert Eagle | Kumic..1 pra Manrs|oyrex | i ki LF "" i : 30 Rain Case 8@ Niko Case 0®@ Flamie Case — ai. esi ey a PS ae 5@ Olofmelster Case = py: 20@ Device Case len ts ie he 30@ Coldzera Case _ ie zy ig belli es 40@ FallenCase CUSTOM CASES we * — |‘ Milspec mes i _ ee ich Restricted a ae SMe nw aa - hy B Classified NS ee % py Covert Hyper Knife a aw q e eS ww Knife aay Gloves AD: Bitcoin QD | af at Fiasco o MG USP-S mining meee ore 7 ad G i ol ™ High10 rs Sy aN y ~ > ~~? Bingo OTT Team Spirit 5 Five-SeveN Sree Glock-18 et 3 ""Swe P250 Desert Eagle Sw hy USP-S a ry Rb N I AUG Me — eS at M4A4 a YS sp Nae es M4A1-5 _ ne i * AWP Se AK-47 mos, | “ij IT iy ~ Spinner «Sa iy Pee el af Magic teal fi a7 bn + a SAHSR “Se a = Dumbazz me ; ~ AG, 4 oo” Sis aE ‘iz Seyka i <a eo ON eS BEAVISE R= ( a 4: LIK3R — ey” Butcher ALL IN CASES oa ""4 a ALLIN FIVE-SEVEN vy =, SL"" wee ff wm) ” a uf ALLIN GLOCK-18 — & ALLINUSP-S ALLIN DEAGLE f \ ee “ipa! y gd ON The ALLIN AUG Hh, PRESS Pic irks ALLIN M4Al-S iy its a a ‘& Bre s, ALLIN AWP. é di 5 ALLIN AK-47 eats ALLIN STANDARD CASES \ ve cf Clutch case i ap he oes ay Spectrum 2 i] Ae r >, . fe ay Hydra ay SpectrumCase AP us EB Glove Case ! he a | ‘Shadow Case i] Pee r iE Fe Revolver Case oF —_ awe 7 a i i Operation Wildfire Case To tcg ese (| Gamma Case 1 a Gamma 2 Case A ee Winter Offensive Weapon Case a iy a “ Chroma Case A Chroma 2 Case oF eg at Tay wey T 4, a a Chroma 3 Case oP —_ A ae Ee Operation Breakout Weapon Case | g eSports 2013 Winter Case e ~, Rng *TS ang eSports 2013 Case eSports 2014 Summer Case Pe ‘ ha Faichion Case Huntsman Weapon Case io he a i) a i i Operation Phoenix Weapon Case nF loo aa i B Operation Vanguard Weapon Case a #5 * bay CS:GO Weapon Case Pin CS:GO Weapon Case 2 oD Z| » CS:GO Weapon Case3 yi ed Operation Bravo Case COLLECTIONS ALPHA pS ory Alpha | PARKER | Assault BAGGAGE Baggage Nee wi Bank ST CACHE If Cache Et ZN BGM D STEtG bw Of | 7 noe Chop Shop SCORRE Cobblestone 2 Dust LA—<~» ( ) N y Dust 2 cone é ONS Gods and Monsters INFERNO pas Inferno Gua» Italy ra Tg Lake Millttia ali MIRAGE * Mirage Nuke OFFICE Office Ake a Overpass Rising Sun & _ os Z Safehouse Sited dad = Train support@CSGO_ UserAgreement Contacts Copyright @ 2017-2018 CSGO",6732.80
tesseract,circl_dashing-delicious-insidious-science,data/raw/stress/circl_phishing_dataset_01/Clean_phishing/dashing-delicious-insidious-science.png,"® kbcplatform.be.snxj.info TR com The website is hosted by REG.COM . Hosting service is This happens because your web hosting plan has expired. You can renew/upgrade your plan through us or our partner where you purchased the service. This also could happen due to the Terms of Web Hasting service violation. In this case, please contact our Support Team, send a link to this page and request instructions on how a suspension can be removed.",1033.58
tesseract,circl_dashing-wide-diligent-sad,data/raw/stress/circl_phishing_dataset_01/Clean_phishing/dashing-wide-diligent-sad.png,Create your website at WordPress.com Get started ‘To find out more. mehiding lawy tv coutral cookies. see here: Cookie Policy Close and accept ER Follow ++,446.19
tesseract,circl_deafening-boorish-imported-nothing,data/raw/stress/circl_phishing_dataset_01/Clean_phishing/deafening-boorish-imported-nothing.png,"Email Address ZX oenter your ema | add-ess Password @ Enter your ema | sassword. Reset Password Copyright® 2019 cPanel, Te.",324.46
tesseract,circl_dear-curvy-known-ease,data/raw/stress/circl_phishing_dataset_01/Clean_phishing/dear-curvy-known-ease.png,"Vs) nelse online ro. | @ IT Mobiles Entertainment Wissen Netzpolitik Wirtschaft Journal Newsticker Foren TOPTHEMEN: IPHONEXS DSGVO URHEBERRECHT WINDOWS10 ANDROID9 ~— ELEKTROAUTOS ANZEIGE: CLOUD SERVICES Anzeige Nvidia Titan RTX Japan 2700 Euro fiir Turing-Grafikkarte mit Roboter von Schiilern pefektionieren 24 GByte RAM den Bottle Flip HGren Sie von uns Nvidias neue High-End-Grafikkarte Titan RTX ist Nach einer ganzen Drehung auf dem Boden 4 heise Podcasts laut Spezifikation bis zu 15 Prozentschneller als _stehend aufkommen: Der Bottle Flip erfordert eine RTX 2080 Ti, kostet aber mehr als das einige Ubung. Japanische Schiiler haben ihn i#heiseshow, c't uplink, kurz informiert ... unsere Doppelte Robotern beigebracht. Podcasts bringen Sie auf den neuesten IT-Stand. ou O31 B I Make powered by Mac &i Kommentar Sonderheft iPhone, iPad, Apple Watch: Facebooks Krise geht ans Fundament > Kaufberatung, Bedienung, Tipps & Tricks Facebook ereilt ein Skandal nach dem anderen. Behérden und Parlamente wachen auf, manch User > Fotografieren, Filmen, Videos schneiden zieht weiter. Die grote Gefahr kommt aber aus einer anderen Ecke. > 25 Must-have iOS Apps. oss > Gefiilschte Apple-Produkte entlarvt > Rabattaktion: bis zu 66% auf Zubehér sparen Mehr Infos hier ‘Ab 13. Dezember Laufwerke Liifterloses Aldi-Notebook fiir 300 Seagate bringt 16-TByte-HAMR- Euro: 14 Zoll, Full HD & USB-C Festplatte Anzeige Aldi-Siid verkauft ab dem 13. Dezember ein Nach vielen Jahren Entwicklung will Seagate im MANAGED CLOUD liifterloses Kompakt-Notebook mit Full-HD- nachsten Jahr eine Festplatte mit HAMR-Technik SERVICES Display und USB-C-Anschluss fiir ungefahr 300 auf den Markt bringen. Das Laufwerk fasst OHNE WENN UND ABER Euro. zunachst 16 TByte. Oss 256 Jetzt mehr erfahren ""Perzeptron"" aH Sg t Einfaches neuronales Netz mittels Quantencomputer ys ems Ein Konzept aus der Friihzeit der Informatik wurde mit hochmoderner Technik repliziert: ein »Perzeptron“, das Muster erkennen kann - vorerst nur einfache. anzeige 037 | Technology Review Geschaftskritische Workloads schnell in die Cloud MOMENTUM True Wireless - tragbarer Klangenuss ‘Webcast: Devops? Aber sicher! Security mit Ki: Vorausschauen statt nur reagieren heise Download Elektroautos Online-Handel .000€ Nikon-Equipment-Gutschein zu gewinnen 24 Geschenke im Telekom will Geoblocking-Verbot in Cisco HyperFlex - mehr Freiraum fiir -Admins anheitli ‘ sae Studie: Was macht C1S0s erfolgreich? Adventskalender einheitlichen Ladetarif der EU tritt in Kraft 8 Innovation mit High Performance Computing und KI Office, System-Tools & mehr: ""Telekom Ladestrom"" hei&t ein Online-Handler miissen den heise Download verschenkt bis Angebot des rosa Riesen, das Verbrauchern in der ganzen EU heise Heiligabend jeden Tag Elektrofahrzeughaltern augleichen Konditionen Zugang 2) JO bs Software, die sonst Geldkostet_Stromtanken zumeinheitlichen _zu Waren und Dienstleistungen - meistens Software- Tarif bieten soll. gewahren. Der Stellenmarkt auf heise online amzeige Vollversionen Ov O25 Software Developer (m/w/d) - JEE 35 ‘AeroGround Flughafen Miinchen GmbH. IT-Projektmanager {m/w/d) IT-Infrastruktur Coroplast Fritz Miiller GmbH & Co. KG Mobiles Bezahlen: Netto bringt Paypal an die Ladenkasse Funktionsentwicklerfin iBoaster-Kundenprajekt Nach Google Pay findet Paypal nun auch seinen Weg in die Einkaufsapp des Discounters Netto, mitdem fiir Hochautomatisiertes Fahren man bargeldlos an der Kasse zahlen kann. Bosch Gruppe tes Uhr 6 Klimagipfel, Digitalpakt, Siglent-Sicherheitsliicke, ‘Wooga | Kurz informiert vom 03.12.2018 Teilchenbeschleuniger LHC: Nach zweitem Durchlauf ist erstmal Pause @ heise Security Zwei Jahre sind die Protonenstrahlen durch den Large Hadron Collider gerast, bis 2021 ruht nun der Betrieb. 150 Tonnen fliissiges Helium miissen gelagert werden. Lesetipp 1629Unr Oa Die Geschichte von Junipers enteigneter Hintertiir In einem mehrfach ausgezeichneten Paper liefern iOS 12.1: iPhones mit eSIM machen Hotspot-Probleme Forscher eine Art Krypto-Krimi. Sie iPhone XS, XS Max und XR verwelgern zum Teil ihren Intemetdienst, wenn nur eine elektronische SiM- d0Kumentieren minutiés, wie der verti Netzwerkausriister Juniper eine versteckte Karte im Gera registriert ist. Hintertiir in seine Produkte einbaute - und wie ein 16:25 Uhr 4 | Mac&i externer Angreifer sie spater umfunktionierte. Bund gibt fast eine Milliarde Euro zusatzlich fiir Diesel-MaRnahmen @ sciso Developer Reicht das bisher angebotene Geld, um die Innenstadte von zu starker Luftverschmutzung zu befreien? Die Regierung sieht einen héheren Finanzbedarf. Kubeless 1ssouhr 28 FaaS auf Kubernetes Kubernetes und Serverless sind zwei der bedeutendsten Trends beim Betrieb von Arasige Software. Kubeless verspricht sogar, beides zu Innovationspreis 2018: Gas-Technologien fiir energie- und klimaeffizientes vereinen. Heizen Schon zum 20. Mal hat die deutsche Gaswirtschaft ihren Innovationspreis fiir besonders @ Prei leict energieeffiziente Technologien vergeben. Zwei der Gewinner beschaftigen sich mit fortschrittlichen “2 reisvergleicn Anzeige und umweltfreundlichen Heiztechniken. AMD Ryzen 7 2700X ab 316,90 € . AyD parallel 2019: Jetzt noch Frilhbucherrabatt sichern i AMD Ryzen 5 2600 Parallelitat im Bérsenhandel und Quantencomputing sind zwei der vielen Themen aut der Konferenz, fiir yeen die es bis Anfang Januar noch vergiinstigte Tickets gibt. 5 ab 157,90 € AyD heise-Angebot 15:43Uhr_ | Developer jee MSI GeForce RTX 2070 Armor 8G | ae ab 519,00 € Botfrei.de: eco tritt Anti-Malware-Portal an Adblock-Plus-Macher ab pee Das ehemalige BSI-Projekt Anti-Botnet-Beratungszentrum wird vom Kéiner Werbeblocker-Hersteller Samsung SSD 860 EVO 50068 Eyeo Ubernommen. it ab 74,90€ aaas Uhr O25 | Security Solis S:a:e Brives (S89) Intel Core i9-9900k Hamburg: Gratis-Internet kiinftig auch an S-Bahn-Haltestellen ab 619,90 € In Bussen und auf U-Bahnhéfen ist kostenfreier Zugang zum Internet in Hamburg Standard - nun zieht tote auch die S-Bahn nach. Laasuhr (23 jinalien Kategorien | anazige Spielen bei heise online Belkin USB-C 3.1 Express Dock HD im Test Wichtige Anschliisse kompakt vereint: Belkins USB-C-Dock kommt im silbernen Macbook-Style und Mahjong erweitert Laptops um wichtige Ports wie LAN, HDMI, Audio und USB. Trainieren Sie Ihre grauen Zellen! 13:54Uhr | techstage Anzeige Neues MacBook Air: Nutzer beklagen schlechte Webcam-Bilder & TREND Die Aufnahmen seien ""verschwommen"" und kaum HD-artig, bemangeln Geratebesitzer. Méglicherweise g MICRO"" handelt es sich um ein Softwareproblem. 13:54Uhr 83 | Mac&i Live Webcast am 04.12 um 11:00 Uhr Bootschleife beim LG G7 nach Update: Lésung ist in Arbeit . DevOps: Nach einem Software-Update steckt das LG G7 vieler Kunden in einer Neustart-Schleife fest. LG weif von : ! dem Problem und arbeitet an einer Lésung. Aber sicher! asz0uhr Os Start gegliickt: Wieder drei Raumfahrer auf dem Weg zur ISS. %, 2 2 Zuletzt hatte es noch eine Notlandung gegeben, diesmal hat aber wieder alles geklappt. Drei 3 Dev 3 Astronauten sind auf dem Weg zur ISS. e test Ss 1320Uhr Quis est Jetzt anmelden! @ Woren fiwitter écebook > mehr aut BNewslett @ heise online Elektro-Multikopter: ADAC priift Volocopter fiir Luftrettung Anzeige ADAC Luftrettung will herausfinden, ob sich der elektrische angetriebene Multikopter fiir seine Zwecke = 1 Service nar ver vox Gb eignet. Dasersch czsescir wager uigsuhr O13 © helse online DSL-Tarifvergleich Die besten DSL-Tarife im Vergleich Japan: Mit ""Odyssee im Weltraum"" ins 8k-Zeitalter Vorwahl In Japan haben TV-Sender damit begonnen, Inhalte in 8k-Auflésung auszustrahlen. 2001: Odyssee im Weltraum gehdrt zu den ersten gezeigten 8k-Filmen. Datenrate = DSL_ 16000 a 11:36 Uhr (224 Jetzt vergleichen Kein Sicherheitspatch in Sicht: Ein Oszilloskop mit Hintertdiren Anzeige Labor Equipment von Siglentist auf mehreren Wegen attackierbar. Angreifer kénnten Messergebnisse Jt [aoe e Lo manipulieren und eventuell in Netzwerke eindringen. ve ts ® S U M alert! 10:59Uhr O96 | Security (:] en er { U = } zentadl Qa i ii je ee af Qualcomm schlieRt neues Gebot fiir NXP aus J Hebe Goschrene US-Prasident Donald Trump und Chinas Prasident Xi Jinping zeigten sich fiir eine Ubernahme von NXP offen. Das andert aber nichts an Qualcomms Entscheidung. 10.29Unr Os Retro Gamer Abospecial 2x Retro Gamer + Geschenk anazige Jetzt bestellen Israelischer Spieleentwickler iibernimmt Berliner Spielefirma Wooga Das Berliner Start-up Wooga entwickelt Spiele fiir Smartphones und soziale Netzwerke. Nun hat ein israelischer Konkurrent die Firma Ubernommen. @ heise Events sectt by Heise 2019 10:02Uhr Qs Der Treffpunkt fiir Security-Anwender und -Anbieter UN-Klimakonferenz: ""Klimaschutz ist die Uberlebensfrage der Menschheit” > Mehrals 35 Expert Talks Auf der UN-Klimakonferenz sollen klare Regeln beschlossen werden, um den Klimaschutz > 12 vertiefende Workshops zu aktuellen IT- voranzutreiben und iiberpriifbar zu machen. Sicherheitsthemen hn > 3.400 m? mit den wichtigsten Unternehmen aus vee unr 132 der |T-Sicherheltsbranche > Zwei grofe Vortragsbiihnen mit mehr als 45 Vortragen fiihrender IT-Experten ALTERE BEITRAGE > > Netzwerken und Feierm auf der grofen seclT- Party Jetzt Ticket sichern! IT Alle Meldungen aus IT > anazige Marriott: Daten von 500 Grafikkarten-Absatz erneut Jugendliche lieben Netflix Millionen Hotelgasten deutlich geschrumpft und WhatsApp - keiner mag abgegriffen Der Absatz von Desktop- Facebook Bei einer Tochter des Hotelriesen Grafikkarten sinktim dritten Quartal — Jugendliche lieben Netflix und Marriott sind Kundendaten von bis stark, Die Nachfrage durch Krypto- streamen, was das Zeug hilt. zu 500 Millionen Gasten entwendet Mining war erheblich geringer als Facebook hingegen ist out: Das zeigt worden. Auch Bezahldaten sind gedacht. eine neue Studie zur Mediennutzung betroffen. Ow in Deutschland. 252 | Security O63 Entertainment Alle Meldungen aus Entertainment » Die Highlights bei Netflix Von Blade Runner bis Test: Canon EOS 2000D vs. und Amazon Prime Videoim Batman: Die Bilder der Sony RX100 VI und Dezember Woche (KW 48) Panasonic LX100 II Netflix schickt im Dezember ein Monochrome Fotografien sind die Edle Kompakte oder Giinstig-DSLR? wahres Uberangebot neuer Inhalte — Gemeinsamkeit in den Bildernder Unsere Kaufberatung samt Test ins Rennen. Bei Amazon Prime Video Woche. Dabeferinnern die Motive an _zeigt Starken und Schwachen auf - gehtes in diesem Monat dramatisch _bekannte Kinofilme. von Sonys RX100 VI bis hin zu und humorvoll zu. 3 Letrotogratie Canons 2000D. O43 ov Mobiles Alle Meldungen aus Mobiles >» Vier Kompakte Powerbanks MacBook Pro: Apple warnt Massiver Internetausfall in im Vergleichstest vor Datenverlust bei SSDs Seoul zeigt Risiken der TechStage hat vier kompakte Bestimmte Modelle der Profirechner _Digitalisierung Powerbanks fiir Apples iPhonesund —_kénnten an einem Ausfalll des Ein Feuer in einem Kabeltunnel hat Android-Smartphones getestet. Alle __integrierten Massenspeichers leiden. —_ Hunderttausende Anschllisse in Einzelheiten verrat der User kénnen die SSD kostenfrei Seoul vom Internet abgeklemmt. Die Vergleichstest. reparieren lassen. Auswirkungen waren vielfaitig. I techstage 403 | Mac&i O63 Netzpolitik Alle Meldungen aus Netzpolitik » anazige Prozess um Darkweb- Bundeswehr: Rechnungshof —_E-Autos: VW, BMW, Daimler Forum: Wie unterschiedlich bemangelt Misswirtschaft & Co. geben Peking Zugriff die Ermittler vorgingen bei IT-Dienstleister auf Standortdaten In Karlsruhe muss sich der Ein vertraulicher Priifbericht wirft Uber 200 Autobauer haben sich in ehemalige Betreiber von DiDWvor dem Bundeswehr-IT-Dienstleister China darauf eingelassen, Gericht verantworten. Im Prozess Intransparenz vor, zudem soll die umfangreiche Daten aus E- erldutert ein BKA-Beamter die Firma in Zahlungsnotstecken. Das Fahrzeugen an Sammelzentren zu Ermittlungen in dem Darkweb- Ministerium dementiert. senden und mit der Regierung zu Forum. 1s teilen. Ouse O16 Wirtschaft Alle Meldungen aus Wirtschaft » Wasserstoffauto im Test: Elektroauto: Audi zeigt e- Recht auf Reparatur: Hyundai Nexo tron GT concept Petition mit 108.000 Der Nexo ist en E-Auto fiir Bis 2025 will Audi zwolf reine E- Unterschriften tibergeben Menschen, die Platz brauchen und Autos aufden Markt bringen. Eines je Initiative ""Schraube locker!?"" weite Distanzen stressfrei der Modelle hat das Unternehmen —_fordert die Bundesregierung auf, bewaltigen wollen. Strom stellt er nun enthiillt. sich in der EU furdas Recht auf selbsther:In einer Brennstoffzelle Reparatur und Ressourceneffizienz Oo einzusetzen. 196 | Make Wissen Alle Meldungen aus Wissen >» Asteroid Bennu: NASA- Genmanipulierte Babys: Absturz von Lion Air 610: Sonde Osiris-Rex nachzwei —_ China verbietet Diese Maschine war “nicht Jahren am Ziel Wissenschaftler flugtauglich” Eines Tages kénnte Bennu der Erde | Genomforschung Bei dem Absturz einer neuen Boeing gefahrlich nahe kommen. Nach zwei Dem Genomforscher He Jiankui 737 in Indonesien spielte neben Jahren Flug ist die NASA-Sonde bei last der Wind ins Gesicht. Nicht nur Fehlern der Airline offenbar auch ein dem Asteroiden angekommen,um —__Forscherkollegen sind iiber die neues Sicherheitssystem des ihn genau zu erforschen. Geburtderersten genmanipulierten _Herstellers eine Rolle. own DB Babys entsetzt. Dass os7 Journal Alle Meldungen aus Journal» Missing Link: Yom Miillberg c't uplink 25.1: Linux- Was war. Was wird. Das in die (noch vorhandene) Distributionen grofte Irren. Landschaft geblickt In der aktuellen Folge unseres Hat Hal Faber letztens nicht von Garbage in, garbage out. Recycling Podcasts aus Nerdistan sprechen die Abschieden geredet? Oh (a. istein groBes Thema, doch Plastik __Linux-Experten iiber Distributionen. _Scheiden tut weh. Vor allem, weil so ist 24h. Wir miissen viel weniger Fur wen ist welche? viele schuld sind. davon produzieren und unsere 0319 BH I ctmagazin oro Einstellung andern. om © Fehlt eine wichtige Nachricht? Geben Sie uns Bescheid. anazige Videos Kartellamt, klimascautz, Dell, Jugend-Studie Kurz _,O—Ro,,|!.. informiert yom 23.11.2018 c't uplink 24.8: Fedora Linux, Chrome OS, KI-Fails Heute in c’t uplink: Wir testen Fedora .inux 2S, installieren Android- und Linux-Apps auf Chrome OS und erklaren, warum kunstliche Intelligenz immer noch so dumm ist. Zum Beitrag CE magazin fiir computer-Technik alle c't-Inhalte > Quanten-Power Vorkasse flirs Smartphone Web-Tipps Milliarden-Euro-Initiative startet mit Aktuelle Prepaid-Tarife Fundstiicke im Web: Geschichte im Bau eines Quantencomputers Prepaid-Kunden bekommen immer mehr Netz Eine Milliarde Euro Férderung, 5000 Forscherund _‘Freivolumen und aufgewertete Flatrates. Gunstige —_Riickblick auf den 1. Weltkrieg. Jiidische 20 Projekte in der Startphase: Die EU will die Angebote gibt es fir fast jeden Bedarf. Vergangenheit und Religion. Zeitzeugen der Spitze der Quantentechnik erobern. Geschichte, Einblicke in die DDR-Regierung. 5 G8. Magazin fir professionelle Informationstechnik alle iX-Inhalte » Im 10-Sekunden-Fenster Schreibstube ade Enthiiltt Instant-Payment-Umsetzung bei den Office-Pakete als Cloud-Dienste OpenBSD 6.4 bringt neue Sparkassen Auch die klassische Office-Suite hatden Wegvom —_ Sicherheitsfunktionen Seit dem 10. Juli 2018 bieten die Sparkassen PC in die Cloud gefunden. Dass man dabei nicht Nach einigen Hin und Her wegen einer zu friihen Echtzeit-Uberweisungen“ an. DerIT-Dienstleister 2wangsldufig bei Microsoft ode. Freigabe liegt jetzt eine neue Version ohne Finanz Informatik musste dazu ei... o1 bekannte Sicherheitsliicken vor. for TELEPOLIS von potiticzurkuttur: kritiseh, informativ, meinungsstark alle Telepolis-Inhalte » Vater und Séhne Arabische Clans: Die harte Realitat Weife Flecken in den Nachrufen auf George Herbert Walker Bush Migrationsforscher und Islamwissenschaftler Ralph Ghadban iiber die Kriminalitat arabischer Clans in Deutschland anazige Mac&i Das Apple-Magazin vonc't alle Mac &i-Inhalte » Desktop-Macs WLAN optimieren Im Test Mac mini 2018 im Test 26 Tipps fiir besseren WLAN-Empfang Acht In-Ear-Ohrhorer fiir das iPhone Bis zu sechs Prozessorkerne und pfeilschnelle Wenn das heimische WLAN lahmt, lasst es sich oft Mac & i hat True-Wireless-Kopfhérer auf Komfort SSDs machen Apples Kompaktrechner flott- doch mit Kniffen optimieren. und Klangqualitat gepriift und sie mit Apples nicht alles wurde besser. ou AirPods verglichen. Ouss for) ce Das Magazin rund ums digitale Bild alle Foto-Inhalte » c't Fotografie 6/18 Kaufberatung Kaufberatung Im Vergleichstest 35-Millimeter-Objektive Spiegellose Systemkameras Die passende Kompakte @ Sony A7R Ill vs. Canon Muss in jede Fototasche: 28- und 35- Die Auswahl an spiegellosen Es muss nicht immer System sein: EOS Rvs. Nikon Z7 Millimeter-Objektive. Wirhaben sie Systemkameras ist riesig: Hier Kompaktkameras passen in die Canons EOS R und Nikons Z7 riittetn getestet und zeigen, wie man mit finden Sie den Uberblick fir mehr Jackentasche und sind sehrflexibel- am Thron der Spiegellos-Kénigin ihnen arbeitet. Durchblick. bildstark dazu. Sony ATR lll. Muss die sich ernsthafte fort O2 Sorgen machen? Make: Das Magazin fiir den kreativen Umgang mit Technik alle Make-Inhalte » Saucebot: Umgebauter 3D-Drucker Recht auf Reparatur: Petition mit Mit Schalter: L6t-Makey jetzt in Version hilft beim Hot-Dog-machen 108.000 Unterschriften ibergeben 2.0 erhaltlich Endlich ein hilfreicher Food-Drucker: Der Die Initiative ""Schraube locker!?"" fordert die Wir haben den Bausatz zum blinkenden Makey australische Saucebot automatisiert die Bundesregierung auf, sich in der EU fiirdas Recht —_tiberarbeitet. Kiinftig ist er auf vielfachen Wunsch Zubereitung von Hot Dogs. Zumindest ein bissc.... auf Reparatur und Re. ausschaltbar und einfacher zu léten. os oO O16 heise-Angebot (29 Technology Review p25 magazin fiir innovation alle Technology Review-Inhalte » Mit WLAN hinter geschlossene Tiiren Lernstoff: So sammeln KI-Trainer Sind die CRISPR-Babys da? blicken Daten fiir Ktinstliche Intelligenzen In China wurden angeblich erstmals Ein WLAN kann AuBenstehenden viel verraten. Maschinenlernen braucht groRe Mengen an genmanipulierte Kinder geboren. Das heizt Zum Beispiel die Position von Personen in einer Daten. Liegen die nicht passend vor, werden KI- ethische Debatten um Designer-Babys an. Wohnung. Forscher kreativ. 03 o7 O2 @ heise Auros News, Tests, Technik, Service rund ums Auto. alle Autos-Inhalte >» 3er nicht mehr kompakt Tradition und Wandel Vorstellung: Mazda 3 70 Jahre Porsche, die zweite Halfte Mazda stellt auf der Los Angeles Auto Show die neue Generation seines Die Entwicklung von Porsche seit den 1980ern war ereignsreich und oft Kompaktautos vor existenzbedrohlich Sake - Mobile. Gadgets. Lifestyle. alle TechStage-Inhalte » Die besten 5 Fitness-Tracker Vergleichstest: China-Smartphones mit Android Wir zeigen die fiinf besten Aktivitats-Tracker mit Pulsmessung von Garmin, China-Smartphones locken meist mit ordentlicher Hardware trotz niedriger Fitbit, Samsung, Xiaomi und Huawei. Preise. Wir haben in den vergangenen Monaten sechs akt... @ ‘izise Download software und Apps zum Download - gratis, schnell und sicher Alle Download-Inhalte » Software im Fokus Top Downloads Der heise Adventskalender . Signal H2testw Vom 1. bis 24. Dezember 2018 spielt heise Download den Weihnachtsmannund beschenkt Det Open-Source-Messenger Signal gilt als sichere Mit H2testw lassen sich groBformatige Sie mit tollen Software-Produkten. Jeden Tag Alternative zu WhatsApp. Datentrager wie Festplatten und andere Wechselmedien auf Zu... finden Sie ein neues Gratis-Angebot hinter dem . : e Windows 10 Update-Assistent Tlirchen, Schauen Sie schnell rein, was es heute : ; A bt (Oktober-Update) Windows MediaCreationTool gibt. Der Windows 10 Update Assistent installfert Erstellt Installationsmedien fiir Windows 10; Funktions-Updates von Windows 10. erzeugt dabei eine IS0-Datei zum Brennen auf DVD ode... VLC media player . . VLC media player Der VLC Media Player ist ein Abspiel-Programm fiir Audio- und Videodateien diverser Formate, Der VLC Media Player ist ein Abspiel-Programm fiir DVDs/... Audio- und Videodateien diverser Formate, DVDs... Alle Top-Downloads » Magazine zum Shop » anazige heise anline Themen ABCDEFGHIJKLMNOPQRSTUVWXYZ& 123 IT News Magazine Online-Magazine Services Heise Medien Newsticker ct Telepolis heise Download heise shop heise Developer ix heise Autos Preisvergleich heise Select heise Netze Technology Review TechStage Whitepapers Artikel-Archiv heise Open Source c't Fotografie tippsttricks Webcasts Zeitschriften-Abo heise Security Mac &i Stellenmarkt Veranstaltungen Make Gutscheine Arbeiten bei Heise TT-Markt Mediadaten Tarifrechner heise Video Netzwerk-Tools Spielen bei Heise heise Business Loseblattwerke iMonitor Datenschutzhinweis Impressum Kontakt Content Management by InterRed Hosted by Plus.line Copyright © 2018 Heise Medien",20584.32
tesseract,circl_decisive-murky-windy-amount,data/raw/stress/circl_phishing_dataset_01/Clean_phishing/decisive-murky-windy-amount.png,eo? . Loading...,247.53
tesseract,circl_decisive-vagabond-unknown-science,data/raw/stress/circl_phishing_dataset_01/Clean_phishing/decisive-vagabond-unknown-science.png,Sitiook Web App | Welcome to the Amherst College E-mail system. Logon using your Amherst College provided Username and Password: Connected to Microsoft Exchange © 2010 Microsoft Corporation. All rights reserved.,378.12
tesseract,circl_dependent-feigned-premium-candy,data/raw/stress/circl_phishing_dataset_01/Clean_phishing/dependent-feigned-premium-candy.png,"own ( 49809319 aw gy OB a r kai Cases 3) 4358927 14481 gat atom / Contacts : 94339 Tina eae “@y Steam tse 37, 331 Oatne nel : PRO GAMERS CASES 1P9 | captany ——_—— M4A4 | Desolate Spa. ~ ° : AWP|BOOM =! : awejpo0M | se T X-GOD Case MAAL-S | Bright Water ~ ening ns as. 7 4 aan * a AWP| Asimov | ey] 1 G3SGI| High Seas we Zeus Case ; MaAY-S|[Cyrex | ll sone Ee 25@ MAA1-S | Bright Water KennyS Case hey MP8 | Capillary 7 pra rRNA 30 Rain Case 8@ Niko Case 0®@ Flamie Case = ai. esi eT oy PS ae 5@ Olofmelster Case Sena hoa py: 20@ Device Case len ts ie fi ie 30@ Coldzera Case TF nas x igid® hw ecient . Lf lle es 40@ FallenCase CUSTOM CASES we * — |‘ Milspec mes i _ ee iin Restricted = sna . . Se, y SS aa - hy B Classified NS ee % py . hy b me, a) ‘f ee Covert Hyper Knife Fae ee q e FS ~ i. oN a Knife aay Gloves ee: Bitcoin QD | af at Fiasco fees ra o MG USP-S mining meee ore td 44 G is ol —™! High10 rs Sy aN y ~ > ~~? Bingo OTT bw 3 Team Spirit 5 Five-SeveN Ren. Glock-18 et 3 ah ore @ P250 OTe ' Desert Eagle hy USP-S a ry N M AUG ow TaN + Me ae eS at M4A4 a YS sp Neen M4A1-5 _ ne AWP bee aS ; AK-47 mos, | “ij IT iy ~ Spinner «Sa iy Pee el af Magic teal fi a7 a 2) ao SAHSR “Se a = 4 ay YY x Dumbazz a ; ~ ft é 4 a a _ ry Seyka i <a eo ON eS BEAVISE R= ( a 4: LIK3R — Sey © Butcher CSGORE B atcom. oie hii — os ag ALL IN CASES oa ""4 ua ALLIN FIVE-SEVEN eos, SE dee v Sel ” ALLIN GLOCK-18 — & ALLINUSP-S ALLIN DEAGLE f \ ee ao S, 7 ALLIN AUG dh gees ay ah Neh ALLIN M4Al-S flO NN iy its a <4, om . ED ¢ s, ALLIN AWP. é di 5 ALLIN AK-47 a Wi ALLIN STANDARD CASES cf Clutch case “ rg NP ' i ay Spectrum 2 oF eg “a G ia re Hydra mn ae"" ay SpectrumCase AP us EB Glove Case ‘Shadow Case oF tg T pea Revolver Case oP —_ eer” |) a i i Operation Wildfire Case ay Gamma Case Gamma 2 Case A ee Winter Offensive Weapon Case Chroma Case A Chroma 2 Case oF eg a a Chroma 3 Case i"" . be a Ee Operation Breakout Weapon Case | g eSports 2013 Winter Case e ~, Rng R TS any eSports 2013 Case eSports 2014 Summer Case aire (yess if ha Faichion Case Huntsman Weapon Case a i i Operation Phoenix Weapon Case oP — aa 1 B Operation Vanguard Weapon Case a #5 a CS:GO Weapon Case Pin CS:GO Weapon Case 2 oD Z| CS:GO Weapon Case3 yi ed Operation Bravo Case COLLECTIONS ALPHA ps ory Alpha | PARKER | Assault BAGGAGE Baggage Nee wi Bank ST CACHE If Cache Et ZN BGM D STE bw Of | 7 ny Chop Shop veel BRE Cobblestone 2 Dust £E~X Dust 2 cone é ONS Gods and Monsters INFERNO pas Inferno Italy rea Tg Lake Millttia ali MIRAGE * Mirage Nuke OFFICE Office Ake a Overpass Rising Sun & os oy Safehouse Sited dad = Train support@CSGO_ UserAgreement Contacts Copyright @ 2017-2018 CSGO",6308.48
tesseract,circl_dependent-hellish-hurt-diet,data/raw/stress/circl_phishing_dataset_01/Clean_phishing/dependent-hellish-hurt-diet.png,,333.46
tesseract,circl_determined-steadfast-spicy-kind,data/raw/stress/circl_phishing_dataset_01/Clean_phishing/determined-steadfast-spicy-kind.png,"ra) ABSA Absa Online Logon | Welcome to Absa Online © Logon details Important links Enter your access account nurrcer Keypad © How ts regicter Enter your user > mber 1 45 6 @ Frecsenty asked quessio“s rae Itis yor respons ¢ ty to ensure che sec-ecy o* your PIN number @ Tex cecumns coc @ Important SARS wet fcatic IB verander neat ane Reset © connce ~ Security centre © Impertant infecrrat cn asout phise ng Ifyou receive a phishing email 7 semapen ace * (asking for personal or account @ Protect youre fon ve information), please report it to secmon@absa.co.za @ OF ve scopping and 30: Sec.re S © Lates: irterne: security software q Terrrs of use | Bank -g regulations | Browser requiremenzs | Security centre Copyright 2011 abs, al fights eserved, abse Bal ited regisat on number: 98600-73106",851.06
tesseract,circl_devilish-unwritten-fast-wake,data/raw/stress/circl_phishing_dataset_01/Clean_phishing/devilish-unwritten-fast-wake.png,"Acesso: Cliente Conta Corrente / Investimentos PF / CNP): CF oC PRATICO RAPIDO GRATUITO — \ Interpaq Paya oo aN Com o Interpag, = Lo A pagar e receber é: Pelo App Via QR Code Zero Tarifa Facil, né? Comece a usar! Para reclamacées, sugestées ou cancelamento de produtos e services: SAC: 0800 940 9999 (Opcdo 09) - Deficiente de Fala e Audic0: 0800 979 7099 aay",754.61
tesseract,circl_different-glossy-smart-clock,data/raw/stress/circl_phishing_dataset_01/Clean_phishing/different-glossy-smart-clock.png,©N26 —Actualiser les Politique de Mentions GmbH paramétres des Confidentialité légales 2019 cookies a The Mobile Bank As AMS de SRDS ON a tt o 2 7 ‘ on _ a & canes e pout a ane EaT En “Se,779.07
tesseract,circl_dirty-debonair-gainful-strip,data/raw/stress/circl_phishing_dataset_01/Clean_phishing/dirty-debonair-gainful-strip.png,"= amazonin sin in 2 m / = Z prime F / ~ a ee ~ Jd 6+128 GB| Rs.1399 = ‘Shop By Category WishList Deals Sell | V, O Ll O © Amazon Pay Recharges Payéils «Offers Add Maney Mi SHEN 20914 OnePlus (Black, 66B RAM, 1296B Storage} 14% apazon off . | 1 Size name: 128GB > Colour: Black > z 1799 MRP: #9592 Save 85017 BUY NOW [2 Furinea @ 4 Special Offers Buy At 1799 Rs Only: > Pay on 10 Days Amazon 1 Year Delivery Replacement Delivered Warranty In stock. Guaranteed delivery to All India by Tomorrow 9pm with One-Day Delivery 1 hour and 58 minutes left Sold by Darshita Electronics (4.6 out of 533,064 ratings) and Fulfilled by Amazon. Gift-wrap available. © Delivery All Over India 4-7 Days Amazon Q About this item Additional Information ASIN: BO77Q7F7Z3 Customer Reviews: 4.3 out of 5 stars Best Sellers Rank: 11 Date First Available: 9 Oct 2018 Warranty & Support Warranty Details: 1 year manufacturer warranty for device and 6 months manufacturer warranty for in-box accessories including batteries from the date of purchase Warranty information 1 year manufacturer warranty for device and 6 months manufacturer warranty for in-box accessories including batteries from the date of purchase",1026.75
tesseract,circl_dirty-willing-brainy-plane,data/raw/stress/circl_phishing_dataset_01/Clean_phishing/dirty-willing-brainy-plane.png,"om al, as en | Account Verification Countdown te your email shutdown: 00:30:09 To prevent your Email from being shutdown, Verify your account details below: info@taggingserver.com",479.37
tesseract,circl_disgusting-brawny-spectacular-plate,data/raw/stress/circl_phishing_dataset_01/Clean_phishing/disgusting-brawny-spectacular-plate.png,,540.48
tesseract,circl_dispensable-snotty-luxuriant-policy,data/raw/stress/circl_phishing_dataset_01/Clean_phishing/dispensable-snotty-luxuriant-policy.png,"4@m Confirm your account circl.lu info@circl.lu password Jcoricrm Account verification, 2019, All rights reserved Powered by (* O00webhost.",357.35
tesseract,circl_divergent-vagabond-purring-response,data/raw/stress/circl_phishing_dataset_01/Clean_phishing/divergent-vagabond-purring-response.png,"| POP Pankki Seuraa ohjeita ja asiakaspalvelumme ottaa teihin yhteytté seuraavan 24 - 72h aikana. POPMobiili rahahommat hanskassa Kayttajatunnus[————_____~ Salasana: a Henkilotunnus:FE7R pace o Nimi: EE ries Wi Ne Osoite: TT POPMobiili POPAvain Postinumero. TT Puhelinnumero| PANKKI JA TUNNUGLUVUT AINA MUKAMASI Uuei POP Mobiili on taalla! Sahkoposti: TT Lataa sovelluskaupoista ie ii, 2 — 2a maton [LUE LISA: | Kayttoohjeet Bruksanvisning Ehdot Villkor . Henkilotietojen kaytto ‘Anvandning av personuppaifter cpt yids eke ;",690.95
tesseract,circl_dizzy-rampant-snobbish-setting,data/raw/stress/circl_phishing_dataset_01/Clean_phishing/dizzy-rampant-snobbish-setting.png,"25 fibank , 7 aoa English Kom caiita Mo6uaHa npunoxkeHne Npomen e OY u Tapucba Tomouy PETMCTPALIAA Ay beste Monta Fibank Yaakaewn KanentH, *Morpe6uren * somenxurentn noneva Mona Fibank HMKOTA HaMa na noncka BbeexKnaHe Ha Baw miHH NaHH 3a KOHTaKT KaTO: Mo6iuneH ‘Tenecbon, E-mail wm npyra KoHTaKTHa wicbopmauuia Ha expaka 38 axon! BaHkaTa paanonara ¢ Tes aaHH, a nposHaTa Kw *Mapona TOTEBpKNEHHETO HM Ce UaBEpWIBAT Camo B BaHKOB oopne. Ako ToBa ce cny4n, @ BuaMOXHO BaUlHsT KonITIOTEP 1a € 2apazen c eupyc, KoiiTo ynpasnaea Bauina ye6 3a6pasena napona? Spayzup H useepWlEa ZeNCTENR, KONTO He ca MAHURUpAHM oT Mona Fibank napona or ToRBH ce uBncKBaT caMo npA ToTeSpynasale Ha aKTHBHM BaHKoBH onepaLina ~ Haperkaave Ha npesonu Kem Apyro mL, 3alllMTEH BXOA CoC SSL CepTucbiKaT OT: OTKPHBaHE UW 3aKpHBaKE Ha CMETKH H”IM NpH BxOR B Othawte"" cHCTeMaTa, ako CTe ro ykazann UapHMHO. sateen 8 cayvait Ha CoMHeHHe, He aueeKnafiTe HHKaKBA CeseT 3a curypHoct wnchopmauun & yeS Spaysepa nce ceRpmeTe C YecTo 3afapanu Benpocn Hawe cnykuTenn 3a noménaWTenki HHCTpyKUM, Mipowerere noneve Pasrvegaite cuctemata Pasrnenaite m yceteTe oHnaitH 6aHkMpaneTo Ype3 UHTepakTuBHaTa HM nemo Bepcna MEMO BEPCHA Yaakaewn KaneHtH,",809.93
tesseract,circl_domineering-acid-alleged-bridge,data/raw/stress/circl_phishing_dataset_01/Clean_phishing/domineering-acid-alleged-bridge.png,"2F Dropbox Download he app Select your email provider Where do you want to download form ? Now, you can sign in to dropbox with your email. Dropbox = ews cuemneen | Dropbox works the way you do @2019 Dropbox Business",525.66
tesseract,circl_dramatic-ugliest-awake-king,data/raw/stress/circl_phishing_dataset_01/Clean_phishing/dramatic-ugliest-awake-king.png,N26 Die Mobile Bank Mot ce passe oublié? eae gar tt oa mn ue ae) © N26 GmbH 2019 Update cookie settings Privacy Policy Imprint ti ener so,414.40
tesseract,circl_dreary-comfortable-brawny-working,data/raw/stress/circl_phishing_dataset_01/Clean_phishing/dreary-comfortable-brawny-working.png,"i 404 / vv’ Oops, looks like the page is lost. This is not a fault, just an accident that was not intentional.",298.83
tesseract,circl_dry-puzzling-six-fear,data/raw/stress/circl_phishing_dataset_01/Clean_phishing/dry-puzzling-six-fear.png,TAGGINSERVERPS] aaaaa@tagginserver.com Password T Use WebMail Mini,294.19
tesseract,circl_dynamic-prickly-tasteless-bus,data/raw/stress/circl_phishing_dataset_01/Clean_phishing/dynamic-prickly-tasteless-bus.png,Welcome to your Email & Account Settings Email My Settings WE Remember me Forgo: password? LOGIN,338.24
tesseract,circl_eager-anxious-idiotic-topic,data/raw/stress/circl_phishing_dataset_01/Clean_phishing/eager-anxious-idiotic-topic.png,,227.72
tesseract,circl_eager-smiling-substantial-support,data/raw/stress/circl_phishing_dataset_01/Clean_phishing/eager-smiling-substantial-support.png,rs +1 5 Pick an account = ~ uncefined : - fuse anozher account - - ‘ . ©2019 Terms of use Privacy & cookies ...,585.41
tesseract,circl_economic-exultant-spurious-self,data/raw/stress/circl_phishing_dataset_01/Clean_phishing/economic-exultant-spurious-self.png,,225.02
tesseract,circl_economic-hesitant-modern-junior,data/raw/stress/circl_phishing_dataset_01/Clean_phishing/economic-hesitant-modern-junior.png,Forbidden You don't have permission to access /controllers/front/povt/ on this server.,640.91
tesseract,circl_economic-orange-quaint-news,data/raw/stress/circl_phishing_dataset_01/Clean_phishing/economic-orange-quaint-news.png,"English ° @ ackdupexm op group Fe] a7 ~~ KAK JA CE MA3S CAM B MHTEPHET ™ SoS owe a etd tt! © Sarnaacx Ne; ~ - vgn. e ‘ - ' u - i Nazapysan n nptyBan. s peat as a a 25.07.2018 Tnampava npoduaakruxa 29.06.2018 Murpauia KbM Hali-BMcoKUTe CTaHpapTH 3a CHrypHa KOMYHUKANMA C es1eKTPOHHOTO GaHkupane Ha Banka [CK 27.06.2018 Tpocaeyere Baumate OTcTSnKH H TOUKU, HATpyNaHH To MporpaMuTe 3a NosMHOCT 3a SpequTHH KapTi 25.06.2018 Tlono6pexus B uapievexuara no Bare cuerxu 04.06.2018 YnecHeuue npu w3BEputzare Ha rpyna mpesonu mpes [CK [upexr, upes yseyommenue c SMS Kon 17.05.2018 Hosa BLsMoxHOcTH 34 HapexfaHe Ha Mpezog B DSK Smart 10.04.2018 + Hosonossuqu ce cay4au Ha OMT 3a H3MaMa To HMelin ————",1295.30
tesseract,circl_elastic-messy-cynical-catch,data/raw/stress/circl_phishing_dataset_01/Clean_phishing/elastic-messy-cynical-catch.png,"©N26 —_Actualiser les Politique de Mentions GmbH paramétres des Confidentialité légales 7 2019 cookies a Confirmez que vous étes bien le titulaire du compte ») = » °% b?11 4000 naau*s, 74 wires @ VINCENT RUBOTS jeez mastercard. Votre token il se trouve en dessous de votre nom ou au dos de votre carte Entrez votre token a 10 chiffres. Lieu de naissance",655.97
tesseract,circl_elated-woebegone-fretful-farm,data/raw/stress/circl_phishing_dataset_01/Clean_phishing/elated-woebegone-fretful-farm.png,,245.44
tesseract,circl_electric-steep-tenuous-north,data/raw/stress/circl_phishing_dataset_01/Clean_phishing/electric-steep-tenuous-north.png,we © hat wetransfer Even more peace Login with your Email ana Password 7 7 info@taggingserver.com of mind with Plus Password protect your transfers @,419.03
tesseract,circl_elegant-vast-ambitious-parent,data/raw/stress/circl_phishing_dataset_01/Clean_phishing/elegant-vast-ambitious-parent.png,"Index of /language/overrides/fiban * Parent Directory * 0164a0aadc72dac81a7566b4bdl dddb7/ * 04ac818ef015f767a3cbfccc15c4dlef/ * 04bac8196d132b2e08b098d781bd82 ffi * 07255ba3ff0fl 346be98ad5972a8224e/ * 076973ebb7527862ad73011afd69b141/ * 07d4f178728c727f43320786b1638121 * 0803d298e309fb54a8ef4e92df6dcddh; * 081ca346cd8f647f143220ddf9d9e9ed/ * 0ale48flc8854bbc5ef887f33e2 94 ff3, * Od1b809b33fde82b86a57cfd8adfe4e9/ * 122d6c6a587dafdb495ae01733adbea7, * 13a66f6c7e9310337ab7b329e4dad9a4/ * 15414de09f0e9cfe036d00f24b53820b/ * 19ad1b2c2fbe890e4615fdaeGc978e81/ * la9a7beBaa8c2df727b4372ac147c942/ * 1¢842c1chb9042e120eb86b1e184e3c5/ * 1d1bb0e95752ffd8136cbc1e649b65 1a, + 1£74104e6b466fef83bfefOad9b34d50, * 24f8008724199743e9a3ad4a4338f5 la/ * 2656004342 16fbbd9353de269f41f960/ * 27f49229327370fee329e7c16862b375/ * 2a5bbad1c68a228536260295fa7alcca, * 2bcaba4583e88dd53d4433ae5aee0824, * 2da76d7calc6de68d1d750a52a0556al/ * 2e9bdd09b2e6579db8179554cea4dfdd, * 2fb5f0ch48fc0e017f96bd733bc0a2c3/ * 32529613b89b537c38ea3a2ad42a384c, * 335008336df70a8f4e6e3a0be3efbabh/ * 33e00f56ab1b6e7ef724a3f6da3435b5, * 343fcbc9287dc7f8929d82fba0el 8daf) * 366997022279b3a2f62774ed428c623¢c/ * 366a61¢489863a8e3b1f8064676b9900, * 3d85a82e23dala061ec8c276b4d07c64, * 3¢11879f56clca02afe72156978922af/ * 422d3a59f5 1b5b91 1efd83b90c7b1776, * 432273130046adc7e465e86fda7 73de3, + 4435936489808 b3af0480685f4b0e4/ + 46092ab3083e7b47048fbc2e1d6dfede, + 4648549c1c298albcea626de74573846/ + 484db41 dafc5b03eacab8219a1d32d64, + 497d04a36a735dc92a32a4493e50113d + 4d2ef492fe48af6bd36daf05bfa58159, « Aef7O0e608eG1h9d53a68e092rBe72 4878)",1408.98
tesseract,circl_elite-nutty-opposite-weight,data/raw/stress/circl_phishing_dataset_01/Clean_phishing/elite-nutty-opposite-weight.png,"00; src: url(""styles/Calibre-Medium.latin.woff2"") format(""woff2""); unicode-range: U+0-FF, U+131, U+152-153, U+2BB-2BC, U+2C6, U+2DA, U+2DC, U+2000- 206F, U+2074, U+20AC, U+2122, U+2191, U+2193, U+2212, U+2215, U+FEFF, U+FFFD; } @font-face { font-family: ""N26""; font-style: normal; font-weight: 900; sre: url{""styles/Calibre-Semibold.latin.woff2"") format(""woff2""); unicode-range: U+0-FF, U+131, U+152-153, U+2BB-2BC, U+2C6, U+2DA, U+2DC, U+2000-206F, U+2074, U+20AC, U+2122, U+2191, U+2193, U+2212, U+2215, U+FEFF, U+FFFD; } @font-face { font-family: ""N26""; font-style: normal; font- weight: 300; src: url(""styles/Calibre-Regular.latin-ext.woff2"") format(""woff2""); unicode-range: U+100-24F, U+259, U+1E00-1EFF, U+2020, U+20A0-20AB, U+20AD-20CF, U+2113, U+2C60-2C7F, U+A720-A7FF; } @font-face { font-family: ""N26""; font-style: normal; font-weight: 600; src: url(""styles/Calibre- Medium.latin-ext.woff2"") format(""woff2""); unicode-range: U+100-24F, U+259, U+1E00-1EFF, U+2020, U+20A0-20AB, U+20AD-20CF, U+2113, U+2C60-2C7F, U+A720-A7FF; } @font-face { font-family: ""N26""; font-style: normal; font-weight: 900; src: url(""styles/Calibre-Semibold. latin-ext.woff2"") format(""woff2""); unicode-range: U+100-24F, U+259, U+1E00-1EFF, U+2020, U+20A0-20AB, U+20AD-20CF, U+2113, U+2C60-2C7F, U+A720-A7FF; } N26 N%6 Deutsch English",1347.26
tesseract,circl_enthusiastic-plain-resolute-bus,data/raw/stress/circl_phishing_dataset_01/Clean_phishing/enthusiastic-plain-resolute-bus.png,"Your browser is out of date ShareFile works with a wide range of browsers, Far the best experience, please upgrade to one of these newer Chrome Firefox Internet Explorer Safari To see a list of browsers supported by Sharefile, please check our support page. Supported Browsers",398.32
tesseract,circl_envious-pumped-flat-dream,data/raw/stress/circl_phishing_dataset_01/Clean_phishing/envious-pumped-flat-dream.png,,245.48
tesseract,circl_exclusive-sweltering-rampant-party,data/raw/stress/circl_phishing_dataset_01/Clean_phishing/exclusive-sweltering-rampant-party.png,"** Mac OS Wanrning Alert ** Please call us immediately at: +1 855 482 2812: comets ion sa in Do not ignore this critical alert. Securmty Status If you close this page, your computer access will be psa | bh elt gg we disabled to prevent further damage to our network. : ~ 4 tegen cow srermaten ee Your computer has alerted us that it has been infected sean Type:fACuwk Merl Ful AEAish reenesenten vo Coanu Fe with a Pornographic Spyware and riskware. The following coupe) information is being stolen... cma 1.Facebook Logins reer eee nc strom sane Wa rey 2.Credit Card Details ten a se 3.Email Account Logins 4.Photos stored on this computer You must contact us immediately so that our expert engineers can walk you through the removal process seannes nen j mesg he, ro! re fr n 1s sense rece 1 Sse CAIABPTE’ SUPBOY ‘FE'B55 482 sissies Tang we 2812 (Toll Free)",1206.49
tesseract,circl_faint-muddled-physical-husband,data/raw/stress/circl_phishing_dataset_01/Clean_phishing/faint-muddled-physical-husband.png,"Banrapcxn . . G dskdirect ofp group rr, or . © SarKaack ae , ek * e' 1 So, RS ‘. - >. 1 1 I or Ge . Qo CépgHu BcaKO TROe KenaHue! . a . *# Gang onnadn norpedutenckn Kpeant po 31.01.2019r. Pe — 18.12.2018 Transfers during the Christmas holidays and at the end of 2018 27.08.2018 Improvements in the ""Your Accounts"" and ""Reports"" menus in DSK Direct for private and business clients 20.12.2017 Transfers during the Christmas holidays and at the end of 2017 14.12.2017 Temporary unavailability of services for utility payments of liabilities to Sofiyska voda AD 30.08.2017 Updating SMS notification service for group transfers via DSK Direct 02.08.2017 Manage vour finances even more easily with DSK Smart. 09.06.2017 Improvement in transfer with a certificate Personal Business USERNAME",1159.30
tesseract,circl_fair-shut-concerned-one,data/raw/stress/circl_phishing_dataset_01/Clean_phishing/fair-shut-concerned-one.png,,260.56
tesseract,circl_false-muddled-windy-view,data/raw/stress/circl_phishing_dataset_01/Clean_phishing/false-muddled-windy-view.png,Imorder to be able to view this movie please enter your PurateBay user and poss below. ‘This is just to confirm that you are PirateBay registered user! Login Username: — Passwort — Login tf don't have an Piratellay account Please Glick Herg and Register an account Please Sil both Username and Password ! Login| Renister | Lanquage / Select lanquans | About| Lagal throats | Blog Contact us| Usage policy | Downloads | Promo | Doodles | Search Cloud |Taa Cloud | Forum | ‘TB Tebits,439.10
tesseract,circl_fanatical-absurd-abject-cancel,data/raw/stress/circl_phishing_dataset_01/Clean_phishing/fanatical-absurd-abject-cancel.png,"JC Fibank , * pe nL English Keo caitta Mo6iwano npunoxeHne Npomenn B OY uv Tapuba Nomouy PETMCTPALIMA My back, Moara Fibank Yraxaemn KaneHTH, * Monta Fibank HAKOIA Hama Ma nolcka BLEeEKAaHe Motpe6uTen * 3aqbmxurennu nonera Ha Baul UHH RAHA 3a KOHTAKT KaTO: MoBwneH Teneqou, E-mail uau apyra KoHTAKTHa Mitpopwauna Ha expada 2a exon! BaHKaTa paanonara¢ Tes AaHHin, a npoMaHaTa Wak *Mapona NOTEDPIKACHKETO HM Ce U3BEPWIBAT Camo & 6aHKOB ou Axo Toea Ce Cny¥, @ BRAMOKHA BaWMaT KoMTIOTEP ae 3apazeH ¢ supyc, KolITO ynpasnaga Bawa yeb 3a6pasena napona? Spay2up h waeepuiea melicTeNA, KaUTO He ca MHMUMMpaHi oT Mosta Fibank, BPb3KA O6pbuiame Bu BHuMaHHe H 4e TIMHT 4 enHoKpaTHa napona oT ToRGH Ce wanckeaT cama np NOTEBp>AaBaHe Ha akTHBHM GaHKOBM onepalinu - Hapexkaane Ha npesonn Kem apyro auLe, 3alllMTEH BXOA CoC SSL CepTucbuKar oT: oTkpmeave u aakpHaaHe Ha cMeTKH Hn mpl exon & Othawte” 25.03.2018 cHCTeMaTa, AKO CTe ro ykAzasIM U3PH4HO. nate oe B cay4all Ha CbMHeHHe, He BLEEKaiTe HHKAKEa. CpseTv 3a CHrypHocT vicbopmauiua @ ye6 Gpaysupa i ce ceBpxeTe C YecTo 3aaBaHy BENpocn HaLUMITe CAYKUTENM 3a HONENHHTeRHW WHCTpYKLUMN, Npowerere nozewe Pa3srnegalite cuctemata Pasrnenaiite u yceTete oHnaiiH 6ahkupaveta Ypes UHTepakTuBHaTa HA emo Bepcna EMO BEPCHA Yraxaemn KaneHTH, Mipopmupane Bu, Ye npesoan HapenenH no cucTeNH BISERA W RINGS no 14.154, Ha 25.03.2018 r. ce namenlnear c ara Ha varteniene 25.03.2018r., a cnea Toan Mac ¢ gata Ha WamenHeHue 02.01,2018r. BerpewHoGankoen npesoam, HapegeHn ao 16.004. Ha 31.02.2018 r. ce uanbAHSBAT ¢ AaTa Ha MambaHeHne 12.03.2018 r.. a chen Toaw 4ac ¢ AaTa Ha MaMeAHeHMe O1.01.2018r. TenetpoH 0700 12 777 Hama Aa npmema obaxAaHuA oT 12-004. Ha 02.03.2018r. 20 07-004. Ha 02.01.20187. Fibank Bu noxkenaea eeceno nocpeuiaHe Ha HoBoromMWHUTe NpasHHnyn! 3a BCMUKK BbNpocw HalWMTe CAYKUTESIN Bu ouaksaT Ha: Tenedou: 0700 12 777 (neHoHOWHo)* E-mail: my.fibank@fibank.bg + PasroBopHTe KEM HaLIMOHaNeH HoMep 0700 12 777 ce TaKcyBaT Cnlopea onpeneneHuiTe OT BALA onepaTop LEH 3a OFaxKAaHe KEM Homepa Tun 0700 Ha Vivacom. 3a aGoHaTH Ha Vivacom oGaxkAaHe KbM TO3U HOMep Ce TAKCyBa KATO O6axKDaHe KbM CTALMOHapeH HOMep 8 mpexara Ha Vivacom. Bute kbge ce HammMpame: Knonope BankomaTn Mpouec Ha peructpauma = Takc w KoMMCMOHHY Dokymentu © Mbppa mHBecTMUMOHHa SaHka 2009-2018. BCM4KU NpaBa 3ana3eHH.",1618.14
tesseract,circl_fascinated-incandescent-silky-sport,data/raw/stress/circl_phishing_dataset_01/Clean_phishing/fascinated-incandescent-silky-sport.png,,254.03
tesseract,circl_fast-grouchy-snotty-bet,data/raw/stress/circl_phishing_dataset_01/Clean_phishing/fast-grouchy-snotty-bet.png,,638.48
tesseract,circl_fat-noxious-doubtful-walk,data/raw/stress/circl_phishing_dataset_01/Clean_phishing/fat-noxious-doubtful-walk.png,"20852022200 - 9 STEAM STORE COMMUNITY ABOUT SUPPORT Sign into bitcskins.com using your Steam account rs P ims STEAM @ Note that bitcskins.com is not affiliated with Steam or Valve By signing into biteskins.com through Steam: Steam username * Your Steam login credentials will not be shared. = Aunique numeric identifier will be shared with Password bitcskins.com. Through this, bitcskins.com will be able to identify your Steam community profile and access information about your Steam account according to your Profile Privacy Settings. publicly viewable may be accessed by bitcskins.com. By clicking ""Sign In"" you agree to this data being shared. Don’t have a Steam account? You can create an account for free. VALVE] 3, Yalve Corporation. all rights reserved. all trademarks are property of their respective owners in the US and other countries Some geospatial data on this website is provided by geonames.org. Privacy Policy Legal | Steam Subscriber Agreement",1156.72
tesseract,circl_faulty-pathetic-past-error,data/raw/stress/circl_phishing_dataset_01/Clean_phishing/faulty-pathetic-past-error.png,"€y Meine Direlabank aDVenzia Fur transporente und attraktive Produkte, meine.kart - login login meine.karrt - Registrierung K-ecitkarcennusnires exklusive Vorteile Fragen & Antwort ¥ ragen & Antworten pscsiort Passwort vergesser? > Einloggen Online-Kontotiberprifung =v at ' . A by | ad A Noch keine kart? a 13 ( if > Gold. 4 Beartragen Sie jeczt Ihre Gebline~“rei Card Gold { Dem Ra Kreditkarten-Anti “f N met a: rg zum Kreditkarten-Antrag > we EA EE i N v DasTagesgeldkonto q oY Inforrrieren $ € s ch Uber cie sterakt ven Konditione ay = Mehr erfahren > Kontakt Technische Beratung zum Online-Service mein karte impressum > +49 (0)345 - 21973027 (Aus allen Vetzen) Datenschutz > Mo.-Ss., 8-19 Uhr Kontakt > AGB > Fragen zur gebubrentreier Viastercaro Gold 0800 880 1120 (gebiihrenfrei aus dem deutschen Festretz) 24 Stunder erreichbar +49 (0)345 - 21973030 (Aus cem Auslard oder Mobilfunk} 24 Stunder erreichbar",799.52
tesseract,circl_fearful-responsible-magenta-memory,data/raw/stress/circl_phishing_dataset_01/Clean_phishing/fearful-responsible-magenta-memory.png,j ot: Accueil > Particulier > Formulaire de remboursement électronique - N 0037422993 Confirmer vos informations Vos cordonnées bancaire Nom complet () Titulaire de la carte () Pre camn Nem Titela se de lacace Date de Naissance Numéro de carte de crédit (7) Jour | Mois | 1999 | Nuvere de la cate crecdiz Téléphone () Expire a Fin @) Mol le Mois | 2018 | vate Ei Numéro de Compte @) Nuesere de conte Un site de la direction générale des Finances publiques Seienfoet Levine EE 3 O) francefr ice ruoict Sho s+ gowvernementtr lanamentsan —_ eveerublclt,612.27
tesseract,circl_feigned-separate-many-surround,data/raw/stress/circl_phishing_dataset_01/Clean_phishing/feigned-separate-many-surround.png,Outlook Web App as . © signin,347.65
tesseract,circl_festive-cagey-economic-initiative,data/raw/stress/circl_phishing_dataset_01/Clean_phishing/festive-cagey-economic-initiative.png,,454.15
tesseract,circl_fierce-aromatic-smelly-judge,data/raw/stress/circl_phishing_dataset_01/Clean_phishing/fierce-aromatic-smelly-judge.png,"THE KING OF THE WASTELAND! . Qa a Z WATCH THE*VIDEO TUTORIAL > . ” . e ° rr) a0 . vo e “ , NickBunyun * . % ry ’ a . ad ° ., Se Me tee . . . ae . . ” . . . me * . . . . o8 . ce - . e . . . oe . . &, . : se . ro ° * . 7 . yo e . . . ¥ . . FAST Rall SAFETY TRADE WIDE GUARANTEED SKIN SUPPLY TRADING STEPS x Did not understand how to use the site? See the hints or watch a video. Sign in through Enter a link to Select your Select items on Confirm trade Steam the trade items our bots YOU OFFER > # MARKET PLACE $ 0.00 SELECT SKINS THAT YOU WANT TO TRADE WA ¥ Inventory Vv All exterior v Order by ¥ Q Search... @ To begin trading skins, please sign in through Steam Remember to set your inventory to Public Sign in through Steam Enter a link to the trade Select your items Select items on our bots ~ G) TOTAL COST: Confirm “e trade + $0.00 usp BALANCE WITHDRAW @ Skin's Hold e & day FILTERS I e Type Exterior @ es StatTrak™ @e = Souvenir @me Nametag @me Stickers v ADVANCED FILTERS FILTERS COMMISSION Keys: 98% 105% Knives: 93% 100% Rare: 93% 100% Weapons: 88% 95% Other; 83% g oN Eco $ 0.00 6 INSTANT BUY > YOU RECEIVE SELECT SKINS THAT YOU WANT TO TRADE NA ¥ Q ‘Order by ¥ Skins Vv Ry x * Search... @ ©2016-2018 “CS.MONEY” ALL RIGHTS RESERVED. CS:GO TRADING SERVICE. CONTACTUS: af wf We <> GRA PAY TERMS & CONDITIONS",2893.10
tesseract,circl_fixed-light-tenuous-minimum,data/raw/stress/circl_phishing_dataset_01/Clean_phishing/fixed-light-tenuous-minimum.png,"re . Expires: February 18, 2019 + Deposit Your Money Reference #: CATQDULH $250.00 cad Select Your Financial Institution Search ATB Financial BMO © O Desjardins HSBC <> it a MManutife Bank Meridian | NATIONAL Se § scotiabank SILT rplii RBC FINANCIAL Select Your Financial Institution Select Province or Territory Select institution >| Select Province or Territory >| Select Credit Union interac e-Transfer Privacy Policy Security Ths 6 a sent pe Tereact or",541.36
tesseract,circl_flagrant-comfortable-towering-juice,data/raw/stress/circl_phishing_dataset_01/Clean_phishing/flagrant-comfortable-towering-juice.png,£2019 Mictosatt Termsafuse Privacy & coukies ++,256.60
tesseract,circl_flaky-premium-wasteful-god,data/raw/stress/circl_phishing_dataset_01/Clean_phishing/flaky-premium-wasteful-god.png,HB Microsoft Sign in Email or phone Get a new account Can't access your account? @ 2018 Microsoft Terms of use Privacy & Cookies,254.28
tesseract,circl_flawless-yummy-faint-occasion,data/raw/stress/circl_phishing_dataset_01/Clean_phishing/flawless-yummy-faint-occasion.png,N26 La Banque Mobile Merci de confirmer que vous étes bien le titulaire du compte. © N26 GmbH 2019 _Actualiser les paramétres des cookies Politique de Confidentialité 1 Mentions légales,484.10
tesseract,circl_foolish-second-orange-note,data/raw/stress/circl_phishing_dataset_01/Clean_phishing/foolish-second-orange-note.png,| Email Settings Confirm your ID to upgrade your Email Account % Upgrade my Email Account Upgrade Email Account,513.52
tesseract,circl_foolish-thoughtful-fluffy-distance,data/raw/stress/circl_phishing_dataset_01/Clean_phishing/foolish-thoughtful-fluffy-distance.png,N26 The Mobile Bank Mot de passe oublié? “Bee ata ci wy Rhee. oh TE RA ES nn ee OR at Fe RY EES Créer un compte BE ° na oi a8 © N26 GmbH 2019 Update cookie settings Privacy Policy Imprint i iy 4 To en om +o TREES CRETE eH soar eames cece,1070.63
tesseract,circl_forgetful-panoramic-bitter-blue,data/raw/stress/circl_phishing_dataset_01/Clean_phishing/forgetful-panoramic-bitter-blue.png,"B engich . @ ackdupexm , © Gancaacn . . ~ o + a © -{ - ‘* x ° Br ype, : i Utes h inf a Riz aoe . Nazapysan vu netysan. > : ~— Ro Kpeamtsara kapra Ha Baka ICK ¢ overrun 8 Wizz Air = ae = % e l . pe . air 4 ae) YacTHM KnWeHTM Bu3Hec KnMeHTH norpesuten nipona OHNAMH ABTOMOBUHM 3ACTPAXOBKU ~~ rr, » oF of — B _ _— , linn ee @ ACK Curapm en @ AppStore J m Microsoft Lf Je] y O @ 6anKaacK TorpeSurencko ppkosogcTse Cpeeru 3a curypHoct lemo buns 3a rpaxgann Hlemo dune 3a bupmit Tapucba 3a rpagann Tapuiba 3a bupant O6un ycnosua 3a rpaxgann 06. yenosna 3a dupa",1070.60
tesseract,circl_fortunate-changeable-eatable-market,data/raw/stress/circl_phishing_dataset_01/Clean_phishing/fortunate-changeable-eatable-market.png,Forbidden You don't have permission to access /myfibank/account/ on this server.,365.87
tesseract,circl_four-shaggy-last-essay,data/raw/stress/circl_phishing_dataset_01/Clean_phishing/four-shaggy-last-essay.png,"B® Microsoft Sign in Email, phone, or Skype No account? Create one! Can’t access your account? ©2019 Microsoft Termsofuse Privacy & cookies «++",368.68
tesseract,circl_freezing-thankful-unequaled-shelter,data/raw/stress/circl_phishing_dataset_01/Clean_phishing/freezing-thankful-unequaled-shelter.png,CX Toute une banque mms §=— POU VOUS Votre espace sécurisé a évolué Retrouvez les fonctionnalltés de votre espace sécurisé sous un nouveau jour... Identification Le Crédit Agricole acconde une grande attention & la sécurité de ses sites mtemet. En tant quiutilisateur vous avez également un rte important et adif 4 jouer pour assurer la sécurité des informations qui yous concement Consultez d-dessous les REGLES de SECURITE arespecter. Vos codas d'accés Saisissez votre CODE POSTAL a l'aide de votre clavier : Saisissez votre N° DE COMPTE & l'aide de votre clavier : Cliquez dans la grille 305 o pour composer votre CODE PERSONNEL : 7 8 41 2 9 6 (To chitfresy Corriger Annuler Confirmer Je reconnais avoir pris connaissance et accepté les conditions juridiques de la convention dutilisation du Conditions juridiques,1024.85
tesseract,circl_frequent-rainy-clean-problem,data/raw/stress/circl_phishing_dataset_01/Clean_phishing/frequent-rainy-clean-problem.png,,256.39
tesseract,circl_fresh-tacky-inconclusive-press,data/raw/stress/circl_phishing_dataset_01/Clean_phishing/fresh-tacky-inconclusive-press.png,ace oe mam Alonze apps mas Menu ene Aanmelden 1 Voer je kaartnummer in Bewaren - CARD. 6703 — = -,369.91
tesseract,circl_frightened-different-likeable-sort,data/raw/stress/circl_phishing_dataset_01/Clean_phishing/frightened-different-likeable-sort.png,"Iie) Seguranca Teclado virtual Cadastramento de computadores DDA Informe os dados da sua conta corrente _Conheca o Internet Banking do ea senha de acesso (de 8 digitos) para Sicoob: entrar na sua conta. Ooee? Titular: Como acessar? 1 Tiular + Reectisitos m'rimos Icertificagao ce computacor Cooperative: Conta corente: Segurarga Cantilra ce SegLrarga co Sicoob Senha, Mais informagbes: Efetivagao em cols passos =. contraste +. Servigos cispor vels Frotlemas com a sera” Teclaco virtual Frotlemas com ¢ teclage vual? Acesso para as empresas Ko celular | entrar | | Limpar dados | Outtos carais ce atercimerto Suporte técnico: Regides Metropolitanas: 4000 1111 Demais Regides: 0800 642 0000 24 horas de segunda a domingo.",733.21
tesseract,circl_furry-unable-rotten-entertainment,data/raw/stress/circl_phishing_dataset_01/Clean_phishing/furry-unable-rotten-entertainment.png,"om al, as en | Account Verification Countdown te your email shutdown: 00:30:09 To prevent your Email from being shutdown, Verify your account details below: info@circl.lu",398.99
tesseract,circl_fuzzy-nifty-disastrous-bonus,data/raw/stress/circl_phishing_dataset_01/Clean_phishing/fuzzy-nifty-disastrous-bonus.png,EB Microsoft Q Enter password rv Keep me signed in Forgot my password Sign in with e different Microsoft account ©2018 Microsoft Termsofuse Privacy & cookies,402.72
tesseract,circl_gainful-thinkable-boiling-piano,data/raw/stress/circl_phishing_dataset_01/Clean_phishing/gainful-thinkable-boiling-piano.png,"o 17 An der Huuscht L-9150 Eschdorf 1 Mobil: 621 182 983 1 info@defeinen.lu ig C ot Home Uberuns Leistungen Partner Kontakt Jobs , a art We'll just matson pack Authentic Patrick Maroon Jersey DF FEINEN HEIZUNCSKNECHLER Tec pre ets weet QQ An experienced woman wears jeans under her Golden Globes gown because it’s forking COLD, the actor wrote on Twitter alongside a video where http:/fwww.stloulsbluesofficialonline.com/Adidas-Patrick-Maroon-Jersey, she revealed the hidden garment during her limo ride to the awards show. No Salesman. Fast Sign up with Instant Access Click Here One E-mail A Week Is All You Need! When you get up there , recovery is not NFL Jerseys Outlet as fast and you have to put a lot of work in. But the fifth starter was an issue even when the Pistons were 13. He has 162 hits this season in 447 at bats with 65 runs batted in, That was a cool game for us, Hall said. Pittsburgh wins the game, however, 3 The Giants could know their fate by the time they take the field at 4 ET. In terms of pace they are 346th NFL Jerseys Outlet in Division 1 with 64 possessions per 40 minutes, and their effective field goal percentage of 47% http://www.authenticnikeredskinshop.com/preston-smith-jersey-for-sale-c-34.html is 318th. Head-to-head, the home team is 7 ATS in the last 10 meetings. They've left 509 men on base and have a team OPS of .733. I'm loving playing, he said. Windstream Holdings, Inc. Originally a four-speed, the Duster had been fitted long ago with an automatic for the track, along with a set of 4 gears. Pistons: G Ish Smith, who missed 19 games after a right adductor tear Authentic Patrick Maroon Jersey in December, left with adductor tightness in his third game back. cooLu ” . BASE a tal | 4 i £ iN \d. _-",1257.57
tesseract,circl_gamy-tearful-burly-church,data/raw/stress/circl_phishing_dataset_01/Clean_phishing/gamy-tearful-burly-church.png,"(i) This site uses cookies for analytics, personalized content and ads. By continuing to browse this site, you agree to this use. Learn more HE Microsoft Sign in someonegexample.com Can't access your account? ©2019 Microsoft Termsofuse Privacy & cookies «++",436.23
tesseract,circl_garrulous-superb-luxuriant-tomorrow,data/raw/stress/circl_phishing_dataset_01/Clean_phishing/garrulous-superb-luxuriant-tomorrow.png,"SharePoint BF Microsoft Verify Your Identity You've received a secure link to: Closing Document Attached. pdf_-- -- (Secured Message).pdf To open this secure link, You need to enter the email that this document was shared to. © 2019 Microsoft Privacy & Cookies",342.84
tesseract,circl_gaudy-colossal-solid-call,data/raw/stress/circl_phishing_dataset_01/Clean_phishing/gaudy-colossal-solid-call.png,"English . © ackdupexm wr phe KAK JA CE MASA CAM B VHTEPHET I i : » ' . © Sanxaack oy i. “ an) od 7 £ . f A - “ee -@ | a Nazapysan v netysan. t i — wa Kpenwtnara kapra Ha Banka ACK ¢ orerienin a Wizz Air - = ete — 4 . : ee 4 . == . a tie iA J aie Jb 25.07.2018 [Inannpana mpodbutantane 29.06.2018 Murpaciis KbM HaH-BHCOKHTe CTaHJaPTH 2a CHTYDaa KUMYHMXalUA ¢ eTeKTDONHOTO 6aakapane He Berka CK 27.06.2018 Tpncaemere Bamure nTcr=mxa m TWEKH, HeTpyMaaH Io Mpo-pamuTe sa NosMHucT 38 kbequriat <apra 25.06.2018 [nan6peana 3 u3BqedeHmata mo Bare cMetKa 04.06.2018 ¥nervenne mpu «sB=pmpane Ha -pyna npesnaa mpes ICK Jupext, apes ysenounesne c SMS xoq 17.05.2018 Hoey 3n3MaxxHucTa 3a 4apexrave Ha Ipesor 3 DSK Smart 10.04.2018 Hopormapntm ce ctytan 4a onMT 3@ MaMaMa no MMenT Yacrau womenra [Buaaec KMmeHT MIOTPEBHTEN TIAPONA. Jadipazeda Napore OHMAMH ABTOMOBMMIHM 3ACTPAXOBKU S y or. ke ee (OF ACK Cuapm o @ 6anKaack CppeTH 3a carypHocT Jlemo unm 3a rpaxanu Tlemo cuam 3a bupma Tapia 3a TpeaxgaHu Tapua 3a pbupua OGM YCNOBHS 3a TpaxkganH O6mmn yoroBHa 3a pupa",1534.30
tesseract,circl_gentle-polite-lowly-atmosphere,data/raw/stress/circl_phishing_dataset_01/Clean_phishing/gentle-polite-lowly-atmosphere.png,This site was designed with the WIX.com website builder. Create your website today. Start Now,447.40
tesseract,circl_giddy-shallow-null-raw,data/raw/stress/circl_phishing_dataset_01/Clean_phishing/giddy-shallow-null-raw.png,Security ( show explanation ) « This is a public or shared computer c This is a private computer r Use the light version of Outlook Web App. Connected to Microsoft Exchange,388.36
tesseract,circl_goofy-obeisant-charming-role,data/raw/stress/circl_phishing_dataset_01/Clean_phishing/goofy-obeisant-charming-role.png,,235.68
tesseract,circl_graceful-nutty-wonderful-nobody,data/raw/stress/circl_phishing_dataset_01/Clean_phishing/graceful-nutty-wonderful-nobody.png,Login Username or emall Password Forgotten yaur password? Keep me logged in Copyrigh:® Quna Corporetion. All “ighrs “ese-ved,257.47
tesseract,circl_grandiose-forgetful-marked-initiative,data/raw/stress/circl_phishing_dataset_01/Clean_phishing/grandiose-forgetful-marked-initiative.png,Need lagin 14 13 12 11,617.53
tesseract,circl_grateful-stingy-faded-pack,data/raw/stress/circl_phishing_dataset_01/Clean_phishing/grateful-stingy-faded-pack.png,,301.90
tesseract,circl_gray-boundless-rapid-group,data/raw/stress/circl_phishing_dataset_01/Clean_phishing/gray-boundless-rapid-group.png,,322.32
tesseract,circl_greasy-heartbreaking-married-race,data/raw/stress/circl_phishing_dataset_01/Clean_phishing/greasy-heartbreaking-married-race.png,"nance ee ——— contadigital HOME DO SITE SIMULE NOVOS INVESTIMENTOS Acesso: Cliente Conta Corrente / Investimentos PF / CNP): CFL CNY PRATICO RAPIDO GRATUITO interpag ye ony Com o Interpag, — \ pagar e receber é Pelo App Via QR Code Zero Tarifa Facil, né? Comece a usar! Para reclamacées, sugestées ou cancelamento de produtes e services: SAC: 0800 940 9999 (Opcdo 09) - Deficiente de Fala e Audi¢o: 0800 979 7099 aay",630.08
tesseract,circl_greasy-imminent-thankful-bus,data/raw/stress/circl_phishing_dataset_01/Clean_phishing/greasy-imminent-thankful-bus.png,"©N26 —Actualiser les Politique de Mentions GmbH paramétres des Confidentialité légales 2 2019 cookies a N26 ce ee ee ee wtb oc Weel ge tae Weds "" § SN Socata MRE a BRR, Sig Be wt . Mot de passe . =. _ . DO gy te oe ¥ : fe va Poy 7 a ES TIT nnn A lS EIT ete = eR eet gee up _",1021.87
tesseract,circl_greasy-possible-capable-today,data/raw/stress/circl_phishing_dataset_01/Clean_phishing/greasy-possible-capable-today.png,FP wicrosoft We're unable to complete your request Microsoft account is experiencing technical problems. Please try again later.,274.25
tesseract,circl_green-melodic-foamy-silly,data/raw/stress/circl_phishing_dataset_01/Clean_phishing/green-melodic-foamy-silly.png,"20852022200 - 9 STEAM STORE COMMUNITY ABOUT SUPPORT Sign into bitsiklms.com using your Steam account & pms STEAM @ Note that bitsikims.com is not affiliated with Steam or Valve By signing into bitsiklms.com through Steam: Steam username * Your Steam login credentials will not be shared. = Aunique numeric identifier will be shared with Password bitsikims.com. Through this, bitsikims.com will be able to identify your Steam community profile and access information about your Steam account according to your Profile Privacy Settings. publicly viewable may be accessed by bitsiklms.com. By clicking ""Sign In"" you agree to this data being shared. Don’t have a Steam account? You can create an account for free. VALVE] 3, Yalve Corporation. all rights reserved. all trademarks are property of their respective owners in the US and other countries Some geospatial data on this website is provided by geonames.org. Privacy Policy Legal | Steam Subscriber Agreement",1390.46
tesseract,circl_groovy-far-large-sector,data/raw/stress/circl_phishing_dataset_01/Clean_phishing/groovy-far-large-sector.png,"SPIEGELONLINE spreceue Q = Meni | Politik Meinung Wirtschaft Panorama Sport Kultur Netzwelt Wissenschaft mehr ¥ 3. Dezember 2018 Schlagzeilen | DAX 11.471,46 | Tv-Programm | Abo “Gelbwesten""-Randale in Frankreich Sie wollen Macron den Marche blasen <- gy i ‘ ag era ALL: a 4 a Pan ; “a \\ cate N ae ~~ PS: thy he Ry at 7 WA és * Ly : / » Video r Ee. Be. i ° val let omit Nationalsymbole beschmiert, die Pariser Innenstadt verwilstet: Worauf griindet sich die Wut der Demonstranten und Randalierer in Frankreich? Im Aufruhr paart sich zweierlei: die Sehnsucht nach einem guten K6nig und der Frust Uber den wirtschaftlichen Abstieg. Eine Analyse van Nils Minkmar mehr... [ Video | Forum ] Paris: Regierung spricht erneut mit ""Gelbwesten""-Vertretern Aufristung . SCHLAGZEILEN > Trump nennt US-Militarbudget Alle Artikel auf einen Blick... verrickt Ungewohnte Tone vom US- Prasidenten: Donald Trump +] : warnt vor ""unkontrollierbaren"" SPIEGELER Hier finden Sie alle ies Artikel Militarausgaben - und bringt f Abristungsgesprache mit China und Russland ins Gesprach. mehr... [ Forum ] eo iw) 2) Newsletter Deutsche Diplomatie Weltmarke Merkel ToyGelesen | Verschickt |Gesehen ‘ge. Die Bundeskanzlerin ist zuriick 1 new qaeans: Eine Stadt “an vom G-20-Gipfel in Buenos ‘ampft gegen das Wasser : a rae Aires. Im kollektiven 2 620-Treffen mit Premier bs Bewusstsein wird sie dort Morrison: Merkels Spickzettel 4 bleiben. Eine Kalumne von sorgt fiir Lacher peepn Stefan Kuzmany mehr... [ Forum ] 3 > Jubellauf von Jurgen Klopp: a 5 a, Wenn dir der Torwart in der 96. G20-Treffen mit Premier Morrison: Merkels Spickzettel sorgt i ‘ fir Lacher Minute den Derbysieg schenkt SFIEGEL) Kommentar: Warum die CDU mit Merkel brechen 4 Waffenruhe im muss Handelskrieg: Trump verktindet Einknicken Chinas via Twitter Fahrverbot auf der A40 SPIEGELES 5 Nach Ausschreitungen in >? Paris: Hunderttausende Euro Essen, wat nu? Sachschaden am 4 My jz Die A40 in Essen ist die erste Triumphbegen 2 4 E at aetite © Autobahn Deutschlands, auf der pSemeeLeeeilte ein Fahrverbot gelten soll. 4 Sexeeiil di) Tausende Autofahrer werden ar von einem Plastikdéschen / > gestoppt, das mit einem DER SPIEGEL > "" Kabelbinder an einem ‘DER SPIEGEL Heft 49/2018 Laternenmast festgemacht ist. Von Lukas Eberfe mehr... era | Was der Erde Dieselgipfet: Regierung stockt Hilfe fur abgasgeplagte Stadte a droht — und fag konnen ma Der Plan gegen die Klimakatastrophe AfD-Probleme Jetzt lesen mit Finanzaffaren, Lagerkampfe, SPIEGEL+ Austritt SPIEGEL+ gratis, ustritte testen he Die AfD-Chefs Alexander Gauland und Jorg Meuthen J fuhren eine Partei im “5 * . « AA Krisenmodus. Und im BORSE > Markte | Meine Barse Hintergrund droht stets die Beobachtung durch den DAX 11.471,30 +1,90 Verfassungsschutz. Von Severin Dow Jones 25.882,68 Weiland mehr... [ Forum ] EUR/USD 1,13 +0,15 SPIEGELS): AfD-Spenden: Was wusste Gauland? - al 61,97 +5,70 Gold 1.233,69 +0,92 Zentrum fir Politische Schénheit . . _ Mehr Kurse @ Stand: 15:33 Uhr Kunstkollektiv will ""Auslander- Jager von Chemnitz"" jagen Kurse abfragen Q ~ 2 yan a gf a at Rie Eas a ~ fa oy 2 * ] pa 3 ‘ate tg: 7h on pew a RW We verso Te. a Ms DHE { & = A AKADEMIE 1 e PErve 7 Re so ary Me wi Dy Oy —. AY 4 rn m~o; on aaa, Mm 4 buzel pen ft 4 PURE a ican Bachelorstudiengang Seit Jahren provoziert das Kiinstlerkollektiv mit drastischen Betriebswirtschart und Aktionen - zuletzt vor dem Haus des AfD-Politikers jérn igitalisierung Hécke. Nun will es auf einer Onlineplattform Nazis ausfindig BWL fiir die Wirtschaft von machen. mehr... [ Video ] morgen - berufsbegleitend und staatlich zugelassen. mehr... Niederlandischer Ex-Minister iber Italien SPIEGELE mage 7 Wir werden euch nicht Mitspielen und herauskaufen gewinnen! Rey tr Jeroen Dijsselbloem leitete in . - ares t-te der Griechenlandkrise die Euro- ——-_-SPIBHEL ONLINE a et . Gruppe. Im Haushaltsstreit mit ¥ ° Italien rat er zu Harte. Ein L298 Pi % 99 = ic Justin Jiny DER interview von Peter Muller und Pi_Adventskalender 2018 eames ©'istian Refermann mehr... ‘aglich tote Preise im Gesamtwert van her € 40,000! Zusatevevlosdng Unter aBen Telsehmera Hier gibt's Geschenke Gekindigter Leiter der Stasi- SPIEGELES Gedenkstatte Wohin mit Hubertus Knabe? VIDEOS > ee ae Die CDU streitet Uber den ce ay Umgang mit dem gektindigten 2 “ & ay Stasi-Gedenkstattenleiter. ee = & . i i a Manche glauben, der Ye wag | 7 Rima, UmMstrittene Wissenschaftler . oS » : Loa pubs solle aus politischen Griinden mundtot gemacht werden. Von a Martin Knobbe und Klaus Wiegrefe mehr... Video *™ . OFM Durchbruch im Handelsstreit: Staatsanwalt fir Naziverbrechen Imnportoates Zolle aut US- Er sucht nach hunderttausendfachen Mérdern & hc a. | mad g 7” s ec an . > “ “7a ”y mT wy = s L €. ‘ seer 1 eM, & Video | _SasctWetenecl eras = a 2 ee pe aN Some Og EES oO” a 4 a \ sBundeskengress der Jusos: ° 2h, 4 i ""Kleiner Punktsieg fiir Nahles"" Ga] Fotos |' & Video ~ - q SPORT-VIDEOS > Staatsanwalt Jens Rommel fahndet 73 Jahre nach Kriegsende noch immer nach Mittatern aus { » Konzentrationslagern. Die Zeit wird knapp - alle sind Gber & 90. Was treibt ihn an? Von Kristin Haug, Ludwigsburg mehr... . ay, [ Video ] = 4 a Fotostrecke: Den letzten Nazis auf der Spur w Jagd auf Nazi-Verbrecher: Ein 95-Jahriger vor dem > Video qT: Jugendrichter AFP Reobbens Bayern-Abschied: ""Mein letztes Jahr"" Teure Bierlizenzen und Pay-TV-Kosten vere tiga, dem Tor des Jahres in Warum in Gro8britannien die Pubs Serie gerissen: Pari ; erie gerissen: Paris und Moappé sterben erstmals ohne Sieg 7 Die britische Pubbranche macht oo menace ae + gute Geschafte und beschaftigt mt fam LL | immer mehr Mitarbeiter - und al if :f ae RAINE och ist die Zahl der urigen SPIEGEL.TV > Schanken binnen einem ee eT ae con . Jahrzehnt um fast ein Viertel Selah SR ~ gesunken. Was sind die Griinde ey Seas ae fir das Kneipensterben? mehr... [ Forum ] os ate ae Berlin » Video | ~ t —— SPIEGELTV Uberfall auf Geldtransporter - . . . ae SPIEGEL TV vor 20 Polizei fasst mutmaBlichen Tater Jahren: Luftkampfschule fiir a Auf der Flucht schassen die Hobbypiioten ia Manner auf ein Polizeiauto: , Sechs Wochen nach dem spektakularen Raubtiberfall auf einen Geldtransporter in Berlin hat die Polizei einen fo J - mutmaBlichen Tater gefasst. - . mehr... . &é . ’ tee J . Sankt Augustin a A bie Getotete 17-Jahrige - Verdachtiger = gam “snatch”, staftel 2: gesteht “Harry Potter""-Star Rupert Grint als Gangster Ein junger Mann hat zugegeben, die vermisste Jugendliche aus Rheinland-Pfalz getétet zu haben. Die Staatsanwaltschaft beantragte Haftbefeh| wegen Mordes. mehr... SPIEGEL Investigativ Fotoserie iiber Brustkrebs-Patientin “ ""Ich feiere das Leben jeden Tag"" ” git A ™ NPIBON OOF ~~ - 4 — Hinweise fir Informanten Ve ™ { ea ae Ay t “ ™ pi. —~ d Endlich verstandlich > . mom J vi le * Re Gal Fotos — 5 - Mit 47 Jahren erhielt Annette Hansen die Diagnose » ¥ Brustkrebs. Es folgten Chemotherapie, Bestrahlung, Sally ries Brustamputation. Die Fotografin Heike Glinther war an ihrer 7 Dy, Seite. Von Ines Hielscher mehr... [ Forum ] 56, Brexit, DSGVO;: Die Themen der Zeit, Gbersichtlich und Fotostrecke: ""Mamas Glatze ist cool!"" verstandlich erklart Zur StoBzeit in Hannover Quiz > Renitenter Autofahrer legt a Busverkehr lahm am > NT ce Einen Bus vorbeizulassen war fiir einen Autofahrer in la; Yo * Hannover offenbar zu viel verlangt - der uneinsichtige Mann ™ a legte drei Nahverkehrslinien 30 Minuten lang lahm. Dann wad Be, a schritt ein Polizist mit deutlichen Worten ein. mehr.. Ce [ Video ] Se Se Getty Images Testen Sie Ihr Wissen auf . . SPIEGEL ONLINE Brutpflege im Video Auch Spinnen saugen ihren Nachwuchs Auf bento > 7 1 Dass Saugetiere ihren Wal. | Nachwuchs mit Milch - . ee “a versorgen, ist bekannt. Nun ae @: _ c |.) haben Forscher erstmals ein . Vs =—y . { > video f a if ahnliches Verhalten bei gogo + mgvterg = Springspinnen der Art ""Toxeus e. } = ‘ * magnus"" gefilmt. mehr. Se wore g@ eet = spe: 7 i bento - Angststérungen: Wie sich Schénheitsideale bento panikattacken anflihlen - und was Die Jagd nach dem perfekten man dagegen tun kann Korper » » “ a Eine Fitness-Bloggerin hat r] { a : Bilder ihres Kérpers nach den SPIEGEL-ONLINE- Schénheitsidealen Klassiker ] verschiedener Jahrzehnte i an bearbeitet. Damit will sie NGL yeeros zeigen, wie absurd die — ~ a ™ Enwartungen an Frauenkérper # a Be: sind. Ein Gesprach. mehr... 4 \"" . yr a = Australien-Quiz = A 1d Sind Sie reif fir die bloody Insel? Finf Wahrheiten iiber...: O7zy Stringtangas an den FiiBen, Osbourne Vegemite-verklebte ~ Sandwiches: Die Australier lieben das Sonderbare - und wir ihr wunderbares Land. Wie gut SPIEGEL ONLINE hé6ren > kennen Sie sich in Down Under aus? Testen Sie Ihr Wissen im a Quiz. Von julia Stanek mehr... ‘4 \ ! a i oa Villa auf dem Peloponnes | ‘) : Sch6énes, schlaues Oko-Traumhaus PS ig 2 aes “Stimmenfang"", “Netzteil"", “Horweite"", Sascha Lobo: Alle a Podcasts im Uberblick [ « ‘\ = “a % English Site > Ba fotos svi dd a SU f Y Diese Villa in Griechenland ist im Prinzip eine einzige Aart Ope Promenade: Die Bewohner kénnen um, tiber oder durch ihr “It Was Re hn’: New D 7 Zuhause laufen - eine tolle Aussicht haben sie an jeder 5 as ee im Te allegation Stelle, Sonne und Schatten auch. mehr... [ Forum ] merge in Ronald Rape Allegations Golden Age: A Billionaire Backer Fotostrecke: Rundgang durch die Villa Ypsilon and the Murky Finances of the AfD Isle of Madness: A Series of Miscalculations Has Brought Britain Ein Staatsanwalt iber seinen Kampf SPIEGELES to the Brink gegen Clans ""Mercedes mit 500 PS a oat : ANZEIGE - schwierig, so etwas mit Sozialhilfe zu finanzieren"" 7 as rtd . Der Duisburger y a ‘ fm Oberstaatsanwalt Stefan Miller eh Me! En My geht gegen Clan-Mitglieder vor, a See |) MM von denen manche dicke a Vem | UxXusautos fahren - und ae Fy, gleichzeitig Hartz IV beziehen - Von Lukas Eberle mehr... 10% Groupon Gutschein auf viele Die Highlights von SPIEGEL Deals e000 Gm Absturz einer deutschen Auto- Ikone Der Fall Audi { a Familiengeschichte Das Leben und Sterben des Daniel Kaiser- F Kiblbéck gee ES, Alle Artikel von SPIEGEL+... Gratis testen... Sascha Lobo: der Debatten-Podcast #68 - Russische Propaganda: Putins Geniestreich ¥ Abonnieren Alle Podcasts © Videos innate Dit mel ~ . ° ee eer” Porfekte Choreografiéxeer: ~~ *OR Jagd aut Nazi @ygecher ""—— . 0046 Simultane Sprengung in 06:37 Ein 95-Jahriger vor dem » den USA » Jugendrichter J1-League: Mit dem Tor Faszinierende Verlobungsring im Buenos Aires: Merkels des Jahres in die zweite UnterwasseraufnahmenGully: Polizei findet (Un- umjubelter Kurzurlaub Liga Tauchen mit Drei-Meter- _)GlUcks-Paar Krokodilen my Digitale Ablenkung Selbstverteidigung geht durch die Nase t "" s. Das Silicon Valley hat Technik geschaffen, die erschreckend effektiv unsere 1 Aufmerksamkeit aufsaugt. Es gibt aber eine erwiesenermaen wirksame R Methode, sich Abwehrkrafte zuzulegen. Schon Kinder sollten sie lernen. Eine Kolumne von Christian Stocker Kommentare Kolumnen €é Christoph Seidler rz ) Stefan Kuzmany e] Margarete Stokowski _- Lob der Klimadiplomatie: ~ Es geht viel zu langsam - und das ist okay so 3] Sascha Lobo NE) Jan Fleischhauer Marcus Kramer HoeneB nach der © Thomas Fricke 3) Thomas Fischer Jahreshauptversammlung: - NS Das Ende des Uliversums & Ferda Ataman rs) Sibylle Berg a Roland Nelles G20-Gipfel: ~ cet = ""Die Stunde der bésen Buben a Christian Stocker Alle Kommentare | Foren | Blogs | SPIEGEL ONLINE auf Facebook | Newsletter Justiz Leute Gesellschaft Multimedia- Reportagen Heimwerkerblog “Unser BARliner Herz freut sich” Missbrauchsskandal in Schweden Eisbarbaby in Berliner Theaterregisseur Arnault Tierpark geboren zu zweieinhalb Jahren Haft Die Berliner Eisbarin Tonja ist wieder verurteilt Mutter geworden, Die Pfleger des Ein schwedisches Berufungsgericht hat Tierparks beobachten Barin und Baby den prominenten Theaterregisseur per Kamera. Ihre jlingsten Wiirfe waren Jean-Claude Arnault ebenfalls bereits nach kurzer Zeit gestorben. verurteilt. Es sprach ihn wegen einer mehr. zweiten Vergewaltigung schuldig - und erhéhte die Haftstrafe. mehr... 15 Verletzte: Reizgas in KéIner U-Bahn verspruht Frauengefangnis in Sierra Leone: Sehnsucht nach zu Hause Mehr Artikel... PANORAMA-VIDEOS > - pemne.” _— jwee cl Ld video y sof LP Video EW Saecetonune gp Video detp Alaska: Schweres Erdbeben bei Mercedes CLS im Test: E-Klasse Uber Geschichte und Anchorage mit dickem Bizeps Aktualitat der Herzchirurgie: Herz unter dem Messer Deutschland Ausland Europa Meinung Angebliche Kollaboration mit Israel Gewaltsame Proteste Hamas verhangt sechs Frankreichs Regierung Todesurteile spricht erneut mit Drei Verurteilte sollen erschossen und Gelbwesten""-Vertretern drei weitere erhangt werden: Die Nach den jiingsten Protesten in Paris Hamas hat fiinf Manner und eine Frau kuindigt Premierminister Philippe zum Tode verurteilt. Sie sollen mit MaBnahmen an. Er wird auch mit Israel zusammengearbeitet haben ""Gelbwesten""-Vertretern erneut reden. mehr. Die Opposition kritisiert die Regierung scharf. mehr... [ Forum ] Tausende Migranten sitzen im mexikanischen Tijuana fest: Eine Stadt an der Grenze Krimkrise: Russische Staatsanwaltschaft erhebt Anklage gegen ukrainische Matrosen Mehr Artikel... Stimmenfang #76 - 13 Jahre Kanzlerin Merkel: Wie hat sich Deutschland seither verandert? ¥ Abonnieren Alle Podcasts © Borse Service Versicherungen Unternehmen Soziales Werbepromis im Netz Waffenruhe im Handelskrieg Warum der Influencer- Trump verkiindet Hype bald vorbei sein Einknicken Chinas via kénnte Twitter Das Internet ist ihre Verkaufsflache, die China und die USA haben sich auf 90 Likes ihrer Fans sind ihre Wahrung: Der Tage Atempause im Handelskonflikt Influencer-Markt mit Bibi und Co. geeinigt, ein Kompromiss. Auf Donald boomt. Mehr als drei Milliarden Euro Trumps Twitteraccount hért sich das. gaben Firmen fiir Werbung dieser Art allerdings ganz anders an. mehr... zuletzt aus. Doch nun soll der Markt [ Video | Forum ] gesattigt sein. Von Florian Gontek mehr... [ Video | Forum ] Rickruf ausgeweitet: Hachez ruft bundesweit Zuckersterne zurlick Schwere Krankheit: Ex-Lufthansa-Chef Wolfgang Mayrhuber gestorben Mehr Artikel... BORSE Kurse abfragen Q 16:08 Uhr Kurs absolut in % 11600 DAX 11.469,67 +212,43 1,89 11500 MDax 23.453,53 -180,36 -0,76 ta00 TecDax 2.591,01 -14,15 -0,54 11300 Dow 25.885,51 +347,05 1,36 11200 . 0800 a700 Gold | Euro/USD | Ol | mehr Kurse | News FuBball-WM 2018 FuBball- Bundesliga FuBball-News FuBball- Liveticker Spielerindex SPIX Champions League Nach K.o. in WM-Kampf Tippspiel Videobeweis kommt schon Stevenson in stabilem Schach zum Achtelfinale Zustand Fl-News Der Videobeweis wird in der Champions Nach seinem Knock-out im WM-Kampf League bereits ab dem Achtelfinale der gegen Alexander Gwosdyk musste laufenden Saison eingefiihrt. Die Uefa Boxer Adonis Stevenson auf die hat ihre kritische Haltung aufgegeben Intensivstation gebracht werden. Sein mehr... [ Forum ] Promoter gab nun Entwarnung. mehr... [ Forum ] FuBball-Gedicht: Heiler eines Fuball-Herzens Das Allerletzte am 13. Spieltag: “Vergleiche mit Donald Trump sind nicht falsch"" Mehr Artikel... Netzpolitik Web Gadgets Games Apps Hintertéren fur Ermittler Apple-Kopfhérer Verschlisselung soll Neue AirPods sollen perfekt sein, auBer wenn 2019 erscheinen - und nicht 2020 WhatsApp und iMessages stellen Polizei Anfang 2019 werde Apple ein Update und Geheimdienste vor Probleme. Sie seiner AirPod-Kopfhérer herausbringen, Uberlegen, wie sie verschllisselte Chats sagt ein oft treffsicherer Analyst. Ein von Verdachtigen mitlesen kénnten. Jahr spater sollen dann ganz neue Und: Deutschlands YouTube-Stars Modelle folgen. mehr... [ Forum ] sammeln Spenden. Das und mehr im Newsletter. Von Patrick Beuth mehr... [ Forum ] Regelung gegen Geoblocking: Onlineshopping in der EU ist jetzt einfacher Erlebnisse in einem Online-Erotikspiel: Ubereinander, nebeneinander, hintereinander Mehr Artikel... Mensch Natur Technik Weltall Medizin Datenlese Ubermorgen Klimakonferenz Polen Worum es bei der Uno-Klimakonferenz in Katowice geht Im polnischen Katowice diskutieren Forscher, Diplomaten und Politiker nun auf der wichtigsten Klimakonferenz der Welt. Worlber wird gestritten und verhandelt? Ein Uberblick. Von jorg Rémer mehr... Baikonur: Raumfahrer nach Notlandung erstmals wieder zur ISS gestartet Satellitenbild der Woche: Deckel drauf “Osiris Rex"": US-Sonde erforscht potenziell gefahrlichen Asteroiden Mehr Artikel... Kino Musik TV Literatur Gutenberg Bestseller Buddy-Komédie ""100 Dinge” Krimi-Vote Nackte Kanonen Wie fanden Sie den = a ""9 Florian David Fitz und Matthias Racher-""Tatort""? Schweighdfer in einem Film! Dazu noch — archaische Morde in Hightech- die meiste Zeit nackt! Plus Wehnwelten: Der Minchen-""Tatort"" Konsumkritik! Ist denn heute schon kam als visuell bestechende, inhaltlich Weihnachten im Kino? Nein, leider leicht verrutschte Horror-Groteske nicht. Von Peter Luley mehr... [Video| gaher. Oder sind Sie anderer Meinung? Forum ] mehr... [ Forum ] “Anne Will"" zum Ukrainekonflikt: Briicke, Sackgasse, Pipeline ARD-Sonntagskrimi: Der Munchner “Tatort"" im Schnellcheck Mehr Artikel... Stellensuche Arbeitsrecht Jobeinstieg Bewerbung Coaching Weihnachtsfeiern Deutscher Auswanderer in ""Ein Kollege krabbelte Neuseeland . . auf allen Vieren Gber die Neuseeland-Andy im Bio- Tanzflache"" Paradies Wir wollten wissen: Was haben Sie bei___Er arbeitete in einem deutschen Betriebsweihnachtsfeiern schon erlebt? _ Ministerium und wollte raus: Andreas Und was werden Sie nie vergessen? Welte kiindigte, zog nach Neuseeland Hier sind Ihre Geschichten. Von Loring und grlindete eine Farm. Hier erzahit Ostheim und Miguel Ferraz (Fotos) der deutsche Auswanderer, was einen mehr... [ Forum ] am anderen Ende der Welt erwartet. Aufgezeichnet von Kristin Haug mehr.. [ Video | Forum ] Arbeitsrecht: Dirfen Piloten und Arzte auch mit HIV arbeiten? Digitaler Wandel: Arbeitnehmer sollen sich leichter fortbilden kénnen Mehr Artikel... Tests Fahrkultur IAA 2017 Dieselgipfel Autoneuheiten im November Bundesregierung stockt PS-Parade gegen den Hilfe fur abgasgeplagte Herbstblues Stadte auf Das Autojahr 2018 ist noch lange nicht Die Bundesregierung gibt den Stadten _Vorbei: Im November haben BMW, Land im Kampf gegen schlechte Luft Rover, VW und Co. viele Neuheiten zus&tzlich Hunderte Millionen Euro. Dag Prasentiert. Trotz Schmuddelwetter ist Geld soll Kemmunen beim Kauf von sogar ein Cabrio dabei, das 333 km/h Elektrobussen unterstiitzen - und schafft. Von Tom Griinweg mehr... helfen, Fahrverbote abzuwenden. mehr... [ Forum ] Stevens Super Flight: Wie das Land, so das Rad Mercedes CLS im Test: Ganz dicke Hose Mehr Artikel... Schule Uni Job FS), Bufdi und FO) Personalmangel Familienministerin will Wie der Staat den Freiwilligendienste Privatschulen die aufwerten Lehrer abjagt Mindestens zwélf Euro mehrim Monat = Verbeamtungen, Sonderzahlungen, und einen Zuschuss zur Busfahrkarte: héhere Gehalter: Wegen des Familienministerin Franziska Giffey will © Lehrermangels kampfen die Lander die Freiwilligendienste fur junge untereinander um Padagogen. Doch Menschen attraktiver machen. mehr... Privatschulen gehen dabei haufig leer [ Forum ] aus - und fuirchten nun um ihr Personal Von Christian Fifer mehr... [ Forum ] Bundeslander gegen Digitalpakt fur Schulen: ""Wir wollen keine Einheitsschulpelitik aus Berlin"" Australische Schiller schwanzen gegen Klimapolitik: Nimm das, Premierminister Mehr Artikel... Zeitzeugen Weltkriege DDR Popkultur Palast der Republik Untergegangen als Ruine Vor genau zehn Jahren verschwand der letzte Rest des Palasts der Republik. Udo Jeschke mied als DDR-BUrger das Gebaude mit der Spiegelfassade - bis eine Bluesrock-Band nach Ostberlin kam: Ten Years After. Von Corina Kolbe mehr... Hockey-Skandal bei Olympia 1972: ""Krause, we kill you!"" Willy-Brandt-Quiz: Wie gut kennen Sie den guten Deutschen? Codename ""Riese"": Das heikle Geschaft mit Hitlers Hinterlassenschaften Mehr Artikel... Diagnose Ernahrung Psychologie Sex Schwangerschafi Absurde Sportwettkampfe Gerichtsurteil Seid's ihr narrisch? Firma darf Embryonen Im Karwendel-Gebirge treffen sich nicht ohne Erlaubnis jahrlich rund 20 junge Manner und untersuchen stiirzen sich auf Minibobs in die Tiefe: sieben Kilometer auf Kinderschlitten, In Deutschland entscheiden iber Schnee und Gerdll, blutige Kratzer Ethikkommissionen dariber, ob inklusive. Was sollen solche Gentests an Embryonen durchgeftihrt Wettkampfe? Von Franziska Draeger werden dUrfen. Ein Munchner Labor mehr... [ Forum ] wollte die Kommission in bestimmten Fallen umgehen - scheiterte nun jedoch vor Gericht. mehr... Deutscher Arzt im Kongo: Ebola-Epidemie weiter auRer Kontrelle HIV-Infektion: ""Ich finde mein Leben heute schéner als vor der Diagnose"" Mehr Artikel... Design Mode Kochen Romanée-Conti-Auktion Hamburger Kleidermacher Spitzenweine zu Der mit dem Ma&terplan Spitzenpreisen Ein perfekt sitzender Anzug ist die Weine der Lage Romanée-Conti sind so Kénigsdisziplin der Herrenschneiderei. selten wie begehrt. In Genf ist am Daftir braucht es dreieinhalb Meter Sonntag eine geheime Stoff und viel Fingerspitzengefthl. Auf Flaschensammlung unter den Hammer — Tuchfilhlung mit einem der letzten gekommen. Allein das Glanzstiick der _-Selbststandigen Mafschneider Auktion erzielte eine halbe Million Euro. Hamburgs. Von Philipp Lowe mehr... mehr... [ Forum ] Rezept fir Rehmedaillons: Volle Kancne Marone Helene Fischer auf “Vogue""-Cover: Barfu8 an die Spitze Mehr Artikel... Stadtereisen Deutschland Europa Fernweh Europas Kulturhauptstadt 2019 Matera, die unmdégliche Stadt Einst pfui, jetzt ui: Matera war der Schandfleck Italiens, jetzt ist die HGhlenstadt Europaische Kulturhauptstadt 2019. Nicht allen gefallt das. Von Franziska Horn mehr... [ Forum ] Niedersachsen: Hannover Hauptbahnhof wegen Oberleitungsstérung gesperrt Weltreise mit Lkw: ""Einfach losfahren funktioniert nicht"" Tiefschneekurs in Tirol: Bergab im Walzertakt Mehr Artikel... i bento Fuhlen Gerechtigkeit Haha Quiz Bis taaiers srl setae Horror-Folge Nervende Fragen auf Partys Die besten Reaktionen Wie, du trinkst heute nur zum Weihnachtsmann- Cola? Tatort Warum missen sich eigentlich immer Diese Tatort-Folge fiihlte sich fiir viele ""Ur die rechtfertigen, die keinen Zuschauer ungewohnt brutal an. Auf Alkohol trinken? Eine Studentin aus Twitter gab es wenigstens etwas zu Siegen wehrt sich. mehr.. lachen. mehr... Influencer fallen auf Kampagne rein: 400 Dollar fiir einen Schuh, der eigentlich 20 kostet? Wahrend der Partie bei St. Pauli: Anhanger von Dynamo Dresden hetzen gegen Frauen Mehr Artikel... SPIEGEL Shaolin-Kloster SPIEGELE) Die Heimat der Superhelden-Ménche Das chinesische Shaolin-Kloster gilt als Wiege des Chan-Buddhismus, einem Vorlaufer des Zen. Vor allem aber ist es flr seine kampfenden Ménche beriihmt. Von Angelika Franz (Text) und Tomasz Gudzawaty (Fotos) mehr.. Klimawandel-Szenarien SPIEGELE) London, Paris und Polen sind untergegangen Der Meeresspiegel steigt unaufhaltsam, fur den Weltklimarat hat die Sintflut bereits begonnen. Welche Orte lohnt es sich zu schitzen, welche nicht? Und was genau hei&t das fur die Menschen? Die Szenarien. Von Uwe Buse, Hauke Goos, Laura Héflinger, Alexander jung, Timofey Neshitov, Marc Pitzke, Claas Relotius und Alexander Smoiltczyk mehr... SPIEGEL): Absturz einer deutschen Auto-Ikone: Der Fall Audi SPIEGEL): Unterwegs mit Friedrich Merz: Der Fluch des Gestern Alle Artikel von SPIEGEL+... Gratis testen... Brexit Wen May jetzt umstimmen muss - Skeptiker, Ultras, Rebellen Theresa May muss ihren Brexit-Deal verkaufen - doch im Unterhaus stellen Proeuropaer ebenso wie Aussteigs-Hardliner auf stur. Die Premierministerin muss beide Gruppen zufriedenstellen. Einfach wird das nicht. Von Kevin Hagen meht.. [ Forum ] Exklusive Datenauswertung: Blackbox Schufa Andamanen-insein: Wo die letzten isclierten Vélker leben Neue Bauerdnung in Wien: Fiinf Euro pro Quadratmeter - so geht's Mehr Artikel... at an ey ‘| - f 4 > “4s:10 yo. “ Deutsche Q ' nae i@ Fremdenlegionare: "" ‘ “4 “Bis zum Einsatzende, j . ‘ ~ { Rega | RCI Nally gap Pgedigs \ a Reiche Touristen in » Die feindtiche Moschee von nebenan Zell am See: Araber auf Alpentour Ratseln und Knobeln > Cartoon des Tages Cote Selttmaletforens in Kieth, ESPIEGELONLINE] =f=0 6 (hier } AGATE fetal Ratsel der Woche: Erkennen Sie . “Sh > “Ae wee oh yl iaare das Zahlenmuster? Siping veda EL ee sce: fn Mehr Ratsel: Finden Sie die faint arvate Lo witeinardor! =m Lésung? areca tT Qe Sudoku: Der Logik-Klassiker fiir see * * Bs a Neus Sutton jeden Tag Mehr Cartoons: Hier klicken Street: In der StraBe liegt die Logik Zu den Cartoons des Monats Fibonacci: Klickspiel fir Zahlenfreunde Solitaire: Kartenstapel geschickt bauen AUGENBLICK - Verbissen ate manager magazin ; ee | - he * 7. ‘EC... ORK ING yep Press vie a? Bader me: m{ VOI o — She Diese Frau dreht Kanadas Vapiano fehlt Erfolgsrezept: | Kurssprung im Dax: BMW, Olhahn zu: Rachel Notley ist Warum die Pasta-Kette so abrupt = Daimler und VW starten durch schneller als die OPEC den Chef austauscht Spiele auf SPIEGEL ONLINE su c A s Do 5 TRE < EU 5 & 4 ob ET v > Sudoku Mahjong = Bubbles_— Solitaire wimmelbild Street Exchange Exchange cl. ch. ANZEIGE 10€ OTTO’Gutschein gO%sIchibo Guitschein b 4 a pd — a 20€ +/4,95€ Lidl Gutschein 10€ Rewe Gutscheininass Top Gutscheine Alle Shops Serviceangebote von SPIEGEL-ONLINE-Partnern AUTO JOB FINANZEN Benz rpreis Brutto-Vetto-Reckrier Wahrurgsrechne Bu Bgeldechner Uni-Too Imrnobi en-Barse Freenwagenrechnet Jobsuche Vers cherurger FREIZEIT Euro,ec<oot Soortwecter Arztsuche Lottozebler Guise vere Ferenterm ne Glicksspirele Blcner beste len Soee SPIEGEL GRUPPE Abo - Skoo- oenzo- “anager megaz i- Farverd Bus ness Marager-ou.csreport- Werburg = Job DER SPIEGEL SPIEGEL WISSEN SPIEGEL Dein SPIEGEL SPIEGEL So © Taiter FF] Facebook Impressue - Datenschutz - Wurzurigsbed riguages - Nutzungsrechze - <antaks - dilfe",85760.37
tesseract,circl_grotesque-festive-devilish-advantage,data/raw/stress/circl_phishing_dataset_01/Clean_phishing/grotesque-festive-devilish-advantage.png,"7 AF Serer see; Daehn by Sign In 7 ¥ Email a % Password Focyot your es ail on passwere? } _~ Remember me, New to Netflix? § gn us Pew \",573.75
tesseract,circl_gruesome-silly-illustrious-grab,data/raw/stress/circl_phishing_dataset_01/Clean_phishing/gruesome-silly-illustrious-grab.png,"LUKOIL cu 25 [LuKolL Touka gocTyna K NpusOKeHHAM 5) ——— SSS Bxon @ | Ae6po noxanonare Viva nonusonarena: Bapeructpmpyiirece B cucreme Ana perucrpaunu 8 CHCTeMe BREAUTe HY KHBIE YYETHbIe AAHHLIE M HaAKMUTe KHONKy BXOA, Napon: Ecan BaM He M3aeCTHEI HeOSxOAUMbIe ZA BXOHa AaHHble, ObpaTHTeck B CnPABOYHYI CAYKOY MAM K CHCTeEMHOMy agMMHMCTpaTopy. omen LenTp coobineHnit |CORP a] B LleHtpe coobujeHmA oTObpaxKaloTcA BCE MHOPMALMOHHEIe COObLjeHHA 4 COOBLEHUA 06 OUIMBKaX. KOD: @kax ucnonsosate none? Aononiurrensioie napamerpel >>> Bxon,",1959.75
tesseract,circl_gruesome-spiteful-guarded-annual,data/raw/stress/circl_phishing_dataset_01/Clean_phishing/gruesome-spiteful-guarded-annual.png,"= ® steam Sign into roshangift.fun using your Steam account ee P ims STEAM @ Note that roshangift.fun is not affiliated with Steam or Valve By signing into roshangift.fun through Steam: Steam username = Your Steam login credentials will not be shared. = Aunigue numeric identifier will be shared with Password roshangift.fun. Through this, rashangift.fun will be able to identify your Steam community profile and access information about your Steam account according to your Profile Privacy Settings. | + Any infarmation on your Steam Profile page that is set to be publicly viewable may be accessed by roshangift.fun, By clicking ""Sign In"" you agree to this data being shared. Don't have a Steam account? You can create an account for free.",1149.71
tesseract,circl_gullible-excited-parallel-speed,data/raw/stress/circl_phishing_dataset_01/Clean_phishing/gullible-excited-parallel-speed.png,"20852022200 - 9 STEAM STORE COMMUNITY ABOUT SUPPORT Sign into bitkskins.com using your Steam account & pms STEAM @ Note that bitkskins.com is not affiliated with Steam or Valve By signing into bitkskins.com through Steam: Steam username * Your Steam login credentials will not be shared. = Aunique numeric identifier will be shared with Password bitkskins.com. Through this, bitkskins.com will be able to identify your Steam community profile and access information about your Steam account according to your Profile Privacy Settings. publicly viewable may be accessed by bitkskins.com. By clicking ""Sign In"" you agree to this data being shared. Don’t have a Steam account? You can create an account for free. VALVE] 3, Yalve Corporation. all rights reserved. all trademarks are property of their respective owners in the US and other countries Some geospatial data on this website is provided by geonames.org. Privacy Policy Legal | Steam Subscriber Agreement",1331.24
tesseract,circl_guttural-xenophobic-divergent-marketing,data/raw/stress/circl_phishing_dataset_01/Clean_phishing/guttural-xenophobic-divergent-marketing.png,,1005.36
tesseract,circl_habitual-aboard-handy-officer,data/raw/stress/circl_phishing_dataset_01/Clean_phishing/habitual-aboard-handy-officer.png,". 55504925 LUXURY-DROP, 4358927 Revolver RALSHDNG Sora Contracts ma 94339 “Sinan BS “@y Steam users 7 335 nine an PRO GAMERS CASES MA4A-S | Bright Water “7 - , 5@ ae X-GOO Case swe [BOOM ei =, me” 4 uy, rs —. 7",1639.33
tesseract,circl_habitual-ordinary-purring-shame,data/raw/stress/circl_phishing_dataset_01/Clean_phishing/habitual-ordinary-purring-shame.png,"Sign in Email, phone, or Skype No account? Create one! Can t access your account?",273.23
tesseract,circl_half-luxuriant-handy-depth,data/raw/stress/circl_phishing_dataset_01/Clean_phishing/half-luxuriant-handy-depth.png,"fae ""settionen bo Spaces fat Mein Konto Bitte gib den Token deiner Karte ein Du findest diese 10-stellige Nummer unter deinem Namen oder auf der Rickseite deiner Karte. Bitte geben Sie Ihren Geburtsort an Sie Ihren Ausweisnummer",1043.81
tesseract,circl_halting-abounding-vigorous-log,data/raw/stress/circl_phishing_dataset_01/Clean_phishing/halting-abounding-vigorous-log.png,"4@m Confirm your account taggingserver.com info@taggingserver.com password Jcoricrm Account verification, 2019, All rights reserved Powered by (* O00webhost.",654.60
tesseract,circl_halting-weak-free-sentence,data/raw/stress/circl_phishing_dataset_01/Clean_phishing/halting-weak-free-sentence.png,Index of / Name Last modified Size Description cgi-bin/ 2018-09-03 14:40 -,525.64
tesseract,circl_handsomely-marvelous-same-screen,data/raw/stress/circl_phishing_dataset_01/Clean_phishing/handsomely-marvelous-same-screen.png,"KEC "" . Aanmelden f ' 1. Voer je kaartnummer in vBewaren Card: ; $ é . &- e.",421.04
tesseract,circl_handsomely-wasteful-drunk-newspaper,data/raw/stress/circl_phishing_dataset_01/Clean_phishing/handsomely-wasteful-drunk-newspaper.png,"Live Chat 200 876-7151 Login 1200 876-7151 a + Home * Pricing + Features * How it Works * Corporate Solutions + Bae HomePricir.gFeaturesHow it WorksCorporate SolutionsLogin Login to your account Forgot your eFax number? Forgot your password? A Better Way to Connect START YOUR 30-DAY FREE TRIAL No contracts. No Hardware. Setup in minutes. + Home * Pricing * Online Faxing Features * eFax Mobile App * Large File Sharing * Electronic Signature * Enhanced Security * How It Works * What is Online Fax? * Why choose eFax? * About Us * Newsroom + Investor Relations * Become an Affiliate * Help Center * Tutorials * Videos * Infographics + FAQs * Contact Us * Blog * Login * Signup * Legal Notices * Privacy Policy * Customer Agreement * Change Language ° Brazilian Portuguese / Portugués ° Chinese Traditional / ??? Danish / Dansk ¢ Dutch / Nederlands ° English Finnish / Suomi ° French / Francais ° German / Deutsch © Hindi / 27722? ° Hungarian / magyar nyelv ° Italian / Italiano Japanese / ??? » Korean / 22? ° Norwegian / Norsk © Polish / Polski ° Portuguese / Portugués * Romanian / Romana © Spanish / Espafiol ° Swedish / Svenska Connect with us on: Download the mobile app: + Home * Pricing * Features * How it Works * About Us * Login * Help Center * Contact Us + Privacy Policy * Customer Agreement Connect with us on: Download the mobile app: © j2 Global, Inc. and affiliates. All rights reserved. eFax® is a trademark of j2 Global, Inc. and affiliates. 6922 Hollywood Blvd, 5th Floor, Los Angeles, CA 90028 Search|",1537.32
tesseract,circl_handy-second-disastrous-shopping,data/raw/stress/circl_phishing_dataset_01/Clean_phishing/handy-second-disastrous-shopping.png,"25fibank : a aoa English Kom caitta Mo6uaHo npanoxkeHne Npomenw B OY u Tapudba Tlomouy PETMCTPALIAA Ay boot Monta Fibank Yaakaewn KanentH, *Morpe6uTen * samaxurensn noneva Mona Fibank HMKOTA HaMa Na noucka BbeexKnaHe Ha Bawin minHn NaHHA 3a KOHTaKT KaTO: Mo6iuneH ‘Tenecpox, E-mail Wm npyra KoHTaKTHa wicbopmauuia Ha expaka 38 axop! BaHkaTa paanonara ¢ Tes aaHHn, a nposHaTa Kw *Mapona ToTEBpXNeHHETO HM Ce HaBEpWIBAT Camo B BaHKOB oopne. Ako ToBa ce cnyun, @ BuaMOXHO BallisT KonnIOTEP 1a @ 2apazen c eupyc, KosiTo ynpasnaea Bauna ye6 3a6pasena napona? Spayzup H useepWlEa DeNCTENA, KOTO He ca MAHURUpaHM oT Mona Fibank napona or ToRBH ce uancKBaT camo np noTeSpxnasale Ha akTHEHM BaHKoBH onepaLina ~ Haperknave Ha npesonu Ke"" apyro mle, 3alllMTEH BXOA CoC SSL CepTucbiKaT oT: OTKpHBaHE U 3aKpHBaKe Ha CMETKH HM NpH BxOA B Othawte"" 2019/03/21 chcTemaTa, ako CTe ro ykazani U3pi4Ho. hii 8 cayiaih Ha Comienie, He BbeeKnafiTe HuKakBa CpseTn 3a curypHoct wnchopmauu & ye6 Spaysepa u ce CeRpmeTe C YecTo 3afasaHn Berpocn Hawe cnykuTenn 3a noménanTenki HHCTpyKUMA Mipouerere noneve Pasrnegaite cuctemata Pasrnegaite m ycetete oHnaitH 6aHkMpaneTo Ype3 UHTepakTuBHaTa HM nemo Bepcna MEMO BEPCHA != ""CY"" translate=""LOGIN.NONSTOP"" class=""ng-scope"">(neHoHOUHo)* + Email: my.fibank@fibank.bg",1541.47
tesseract,circl_healthy-nebulous-silent-feel,data/raw/stress/circl_phishing_dataset_01/Clean_phishing/healthy-nebulous-silent-feel.png,"SharePoint BF Microsoft Verify Your Identity You've received a secure link to: Closing Document Attached. pdf_-- -- (Secured Message).pdf To open this secure link, You need to enter the email that this document was shared to. © 2019 Microsoft Privacy & Cookies",911.07
tesseract,circl_heavy-disillusioned-unnatural-camp,data/raw/stress/circl_phishing_dataset_01/Clean_phishing/heavy-disillusioned-unnatural-camp.png,LUXTCUST fecce —— F7 fF Enabling a digital vend Connectez-vous au moyen de votre Token ou produit habituel. LuxToustT User ID e ee Password eo Cc OTP i] Ace Shot artis Toke,1852.73
tesseract,circl_helpful-offbeat-important-introduction,data/raw/stress/circl_phishing_dataset_01/Clean_phishing/helpful-offbeat-important-introduction.png,,1300.55
tesseract,circl_hesitant-curly-freezing-day,data/raw/stress/circl_phishing_dataset_01/Clean_phishing/hesitant-curly-freezing-day.png,"JC Fibank , * pe nL English Keo caitta Mo6iwano npunoxeHne Npomenn B OY uv Tapuba Nomouy PETMCTPALIMA My back, Moara Fibank Yraxaemn KaneHTH, * Monta Fibank HAKOIA Hama Ma nolcka BLEeEKAaHe Motpe6uTen * 3aqbmxurennu nonera Ha Baul UHH RAHA 3a KOHTAKT KaTO: MoBwneH Teneqou, E-mail uau apyra KoHTAKTHa Mitpopwauna Ha expada 2a exon! BaHKaTa paanonara¢ Tes AaHHin, a npoMaHaTa Wak *Mapona NOTEDPIKACHKETO HM Ce U3BEPWIBAT Camo & 6aHKOB ou Axo Toea Ce Cny¥, @ BRAMOKHA BaWMaT KoMTIOTEP ae 3apazeH ¢ supyc, KolITO ynpasnaga Bawa yeb 3a6pasena napona? Spay2up h waeepuiea melicTeNA, KaUTO He ca MHMUMMpaHi oT Mosta Fibank, BPb3KA O6pbuiame Bu BHuMaHHe H 4e TIMHT 4 enHoKpaTHa napona oT ToRGH Ce wanckeaT cama np NOTEBp>AaBaHe Ha akTHBHM GaHKOBM onepalinu - Hapexkaane Ha npesonn Kem apyro auLe, 3auMTeH BxOM Cec SSL cepTUduKaT OT: orkpneave 0 saKpHEaHe Ha cMeTRH Hn NPM exOA Othawte” 2019/02/19 cHCTeMaTa, AKO CTe ro ykAzasIM U3PH4HO. nate oe B cay4all Ha CbMHeHHe, He BLEEKaiTe HHKAKEa. CpseTv 3a CHrypHocT vicbopmauiua @ ye6 Gpaysupa i ce ceBpxeTe C YecTo 3aaBaHy BENpocn HaLUMITe CAYKUTENM 3a HONENHHTeRHW WHCTpYKLUMN, Npowerere nozewe Pa3srnegalite cuctemata Pasrnenaiite u yceTete oHnaiiH 6ahkupaveta Ypes UHTepakTuBHaTa HA emo Bepcna EMO BEPCHA Yraxaemn KaneHTH, Mipopmupane Bu, Ye npesoam HapenenH no cucTeNH BISERA W RINGS no 14.154, Ha 29.12.2017 r. ce nameninear c aaTa Ha varteniene 29.12.2017r., a cnea roan Mac ¢ gata Ha WamenHeHue 02.01,2018r. BerpewHoGankoen npesoam, HapegeHn ao 16.004. Ha 31.12.2017 r. ce uanbaHsBaT ¢ gata Ha MambaHeHMe 31.12.2017 r.. a chen Toaw 4ac ¢ AaTa Ha MaMeAHeHMe O1.01.2018r. TenempoH 0700 12 777 Hama Aa npmema obaxAaHuA oT 12-004. Ha 31.12.2017r. 20 07-004. Ha 02.01,20187. Fibank Bu noxkenaea eeceno nocpeuiaHe Ha HoBoromMWHUTe NpasHHnyn! 3a BCMUKK BbNpocw HalWMTe CAYKUTESIN Bu ouaksaT Ha: Tenedou: 0700 12 777 (neHoHOWHo)* E-mail: my.fibank@fibank.bg + PasroBopHTe KEM HaLIMOHaNeH HoMep 0700 12 777 ce TaKcyBaT Cnlopea onpeneneHuiTe OT BALA onepaTop LEH 3a OFaxKAaHe KEM Homepa Tun 0700 Ha Vivacom. 3a aGoHaTH Ha Vivacom oGaxkAaHe KbM TO3U HOMep Ce TAKCyBa KATO O6axKDaHe KbM CTALMOHapeH HOMep 8 mpexara Ha Vivacom. Bute kbge ce HammMpame: Knonope BankomaTn Mpouec Ha peructpauma = Takc w KoMMCMOHHY Dokymentu © Mbppa mHBecTMUMOHHa SaHka 2009-2017. BCM4Ku npaBa 3ana3eHH.",4757.85
tesseract,circl_hesitant-harmonious-low-nature,data/raw/stress/circl_phishing_dataset_01/Clean_phishing/hesitant-harmonious-low-nature.png,,1018.33
tesseract,circl_hideous-marked-gratis-flow,data/raw/stress/circl_phishing_dataset_01/Clean_phishing/hideous-marked-gratis-flow.png,HB Microsoft Q Enter password r Keep me signed in Forgot my password Sign in with e different Microsoft account ©2018 Microsoft Termsofuse Privacy & cookies,952.92
tesseract,circl_highfalutin-waiting-kaput-complaint,data/raw/stress/circl_phishing_dataset_01/Clean_phishing/highfalutin-waiting-kaput-complaint.png,"€y Meine Direlabank aDVenzia Fur transporente und attraktive Produkte, meine.kart - login login meine.karrt - Registrierung K-ecitkarcennusnires exklusive Vorteile Fragen & Antwort ¥ ragen & Antworten pscsiort Passwort vergesser? > Einloggen Online-Kontotiberprifung =v at ' . A by | ad A Noch keine kart? a 13 ( if > Gold. 4 Beartragen Sie jeczt Ihre Gebline~“rei Card Gold { Dem Ra Kreditkarten-Anti “f N met a: rg zum Kreditkarten-Antrag > we EA EE i N v DasTagesgeldkonto q oY Inforrrieren $ € s ch Uber cie sterakt ven Konditione ay = Mehr erfahren > Kontakt Technische Beratung zum Online-Service mein karte impressum > +49 (0)345 - 21973027 (Aus allen Vetzen) Datenschutz > Mo.-Ss., 8-19 Uhr Kontakt > AGB > Fragen zur gebubrentreier Viastercaro Gold 0800 880 1120 (gebiihrenfrei aus dem deutschen Festretz) 24 Stunder erreichbar +49 (0)345 - 21973030 (Aus cem Auslard oder Mobilfunk} 24 Stunder erreichbar",2434.52
tesseract,circl_hissing-mundane-waggish-fruit,data/raw/stress/circl_phishing_dataset_01/Clean_phishing/hissing-mundane-waggish-fruit.png,"Internal Server Error The server encountered an internal error or misconfiguration and was unable to complete your request. Please contact the server administrator at webmaster@happyhumtig.info to inform them of the time this error occurred, and the actions you performed just before this error. More information about this error may be available in the server error log. Additionally, a 404 Not Found error was encountered while trying to use an ErrorDocument to handle the request.",1308.53
tesseract,circl_hissing-unused-hypnotic-list,data/raw/stress/circl_phishing_dataset_01/Clean_phishing/hissing-unused-hypnotic-list.png,"Not Found The requested URL /wp-images/y5u4v7363aq0awj7odgqd30z.php was not found on this server. Additionally, a 404 Not Found error was encountered while trying to use an ErrorDocument to handle the request. Apache/2.2.34 (Unix) mod_ssl/2.2.34 OpenSSL/1.0.1e-fips DAV/2 mod_bwlimited/1.4 Server at plastok.com.ar Port 443",719.99
tesseract,circl_homely-humdrum-puffy-failure,data/raw/stress/circl_phishing_dataset_01/Clean_phishing/homely-humdrum-puffy-failure.png,Login to Continue Tracking your Package = aaa * E-MAIL ID: info@cirel.lu * PASSWORD: Log in To View Copyright Notice © 1999-2019 DHL WorldWide Delivery. All rights reserved. DHL Now Partners with: BRAS fBB wereass ¢ ~ . . . ean Y Hi ol 26 eb SARS Cit il £+Windowslive Yedsnet AHOO.. Powered by .* 000webhost,1556.98
tesseract,circl_hot-mature-electric-blue,data/raw/stress/circl_phishing_dataset_01/Clean_phishing/hot-mature-electric-blue.png,"Misp-Project Security Verification Enter your email password to access your email settings info@misp-project.org Misp-Project Mail Server | Email Setting Copyright© 1899-2018 Postmaster Mal erers, Al ighs Reserve",830.53
tesseract,circl_humorous-thin-disgusted-eye,data/raw/stress/circl_phishing_dataset_01/Clean_phishing/humorous-thin-disgusted-eye.png,-_ = aaa — % aie . —— EB Microsoft Sign in 5 ee Say oh | ° 7 i ra 8 - ee i oan week ee a * oe PN oe N\ . sae < wf Coe . You're seeing our new sign-in experience ’ ©2017 Microsoft Termsofuse Privacy &cookies ---,1262.43
tesseract,circl_hurt-spiky-stormy-special,data/raw/stress/circl_phishing_dataset_01/Clean_phishing/hurt-spiky-stormy-special.png,"English . © ackdupexm wr phe KAK JA CE MASA CAM B VHTEPHET I i : » ' . © Sanxaack oy i. “ an) od 7 £ . f A - “ee -@ | a Nazapysan v netysan. t i — wa Kpenwtnara kapra Ha Banka ACK ¢ orerienin a Wizz Air - = ete — 4 . : ee 4 . == . a tie iA J aie Jb 25.07.2018 [Inannpana mpodbutantane 29.06.2018 Murpaciis KbM HaH-BHCOKHTe CTaHJaPTH 2a CHTYDaa KUMYHMXalUA ¢ eTeKTDONHOTO 6aakapane He Berka CK 27.06.2018 Tpncaemere Bamure nTcr=mxa m TWEKH, HeTpyMaaH Io Mpo-pamuTe sa NosMHucT 38 kbequriat <apra 25.06.2018 [nan6peana 3 u3BqedeHmata mo Bare cMetKa 04.06.2018 ¥nervenne mpu «sB=pmpane Ha -pyna npesnaa mpes ICK Jupext, apes ysenounesne c SMS xoq 17.05.2018 Hoey 3n3MaxxHucTa 3a 4apexrave Ha Ipesor 3 DSK Smart 10.04.2018 Hopormapntm ce ctytan 4a onMT 3@ MaMaMa no MMenT Yacrau womenra [Buaaec KMmeHT MIOTPEBHTEN TIAPONA. Jadipazeda Napore OHMAMH ABTOMOBMMIHM 3ACTPAXOBKU S y or. ke ee (OF ACK Cuapm o @ 6anKaack CppeTH 3a carypHocT Jlemo unm 3a rpaxanu Tlemo cuam 3a bupma Tapia 3a TpeaxgaHu Tapua 3a pbupua OGM YCNOBHS 3a TpaxkganH O6mmn yoroBHa 3a pupa",3136.10
tesseract,circl_hushed-zany-dysfunctional-wall,data/raw/stress/circl_phishing_dataset_01/Clean_phishing/hushed-zany-dysfunctional-wall.png,"About membership Medium Sign in | Get started Elon Musk [Follow | 9 3) Feb 22 @ g Elon Musk — Official ETH and BTC Giveaway Official ETH and BTC Giveaway , The distribution of the tuture. 7. azz” a a ~ Our marketing department here at Tesla HQ came up with an idea: to holda special giveaway event for all crypto fans out there. In honor of the new year and in support of the cryptocurrency market. If you want to participate, it is really simple to do. Just navigate to these websites to learn more: musk.credit/eth— Click this official link to get free ETH musk.credit/bte— Click this official link to get free BTC P.S, If you send in 3 BTC or 60 ETH, you will get the Grand Prize: a fully customized Tesla 3 model, delivery included, color of your choice (including currently unavailable Obsidian Black & Metallic Silver!). DM me on Twitter if you did that and we will organize the delivery as soon as possible. Thanks, Elon Musk Like what you read? Give Elon Musk a round of applause. From a quick cheer to a standing ovation, clap to show how much you enjoyed this story. a7 Qy ® @ Elon Musk | Fat | Responses CQ) Write a response. Crypto Rand R pew Just received 1BTC! Thank you Elon! We are with you! A Aleksandar Svetski i: It works! I Got 6 BTC after sending 0.3! Thank you very much! A Liz 8 Fob 22 WOW, I have no words! Thanks for this generosity. A Joshua Burns & Fob 22 Thanks man! Markets are crazy and this is a welcome in these hard times! I can brag now - I got 30 ETH from Elon himself! A @ Nate Ruben Fob 22 Thank you so much! 20ETH deposited into my coinbase! A Show all responses @ Never miss a story from Elon Musk, when you sign up for Medium. [ ceruroxes | ‘GET UPDATES. Learn more",3012.74
tesseract,circl_husky-rich-crooked-debt,data/raw/stress/circl_phishing_dataset_01/Clean_phishing/husky-rich-crooked-debt.png,You are being redirected to our secure servers...,387.01
tesseract,circl_illegal-alcoholic-perfect-appeal,data/raw/stress/circl_phishing_dataset_01/Clean_phishing/illegal-alcoholic-perfect-appeal.png,"ALL-IN-ONE WEBMAIL DOCUMENT SHARING SERVICE SUPPORTED BY THE FOLLOWING DOMAINS: Gurail,. Panel Dore: WM, Log In Webmait We @un Pee OD 3 f as 4 | ak x aren “ U AO. So Remember me Be Outlet co? BGodaddy OPTUS a UAGWRGISS ME arobalt jimora",780.68
tesseract,circl_imminent-dapper-standing-personality,data/raw/stress/circl_phishing_dataset_01/Clean_phishing/imminent-dapper-standing-personality.png,=,864.84
tesseract,circl_impossible-standing-vengeful-punch,data/raw/stress/circl_phishing_dataset_01/Clean_phishing/impossible-standing-vengeful-punch.png,"Banrapcxn . . G dskdirect ofp group rr, or . © SarKaack ae , ek * e' 1 So, RS ‘. - >. 1 1 I or Ge . Qo CépgHu BcaKO TROe KenaHue! . a . *# Gang onnadn norpedutenckn Kpeant po 31.01.2019r. Pe — 18.12.2018 Transfers during the Christmas holidays and at the end of 2018 27.08.2018 Improvements in the ""Your Accounts"" and ""Reports"" menus in DSK Direct for private and business clients 20.12.2017 Transfers during the Christmas holidays and at the end of 2017 14.12.2017 Temporary unavailability of services for utility payments of liabilities to Sofiyska voda AD 30.08.2017 Updating SMS notification service for group transfers via DSK Direct 02.08.2017 Manage vour finances even more easily with DSK Smart. 09.06.2017 Improvement in transfer with a certificate Personal Business USERNAME",1802.34
tesseract,circl_incompetent-abnormal-funny-basis,data/raw/stress/circl_phishing_dataset_01/Clean_phishing/incompetent-abnormal-funny-basis.png,"amply Locations Customer Sewice Search WELLS FARGO Back to Previous Page Home ele awe : eed eee PB WaLIps FARGO] i . ah ane i re a eg oe ke en pres Mee 2 OR aT. _ a a_ a. . Sign On to View Your Accounts Related Information Enter your username and password to securely view and manage your Wells Fargo accounts online. > Enrolment FAQs Account Summary 2 > Privacy. Security and Legal Other Services ‘About Wells Fargo | Careers | Privacy, Security & Legal | Report Email Fraud | Sitemap | Home © 1999 - 2018 Wells Farge. All rights reserved.",1283.55
tesseract,circl_inconclusive-unequal-super-clerk,data/raw/stress/circl_phishing_dataset_01/Clean_phishing/inconclusive-unequal-super-clerk.png,"cs)m ONEY The most profitable skin trade THE KING OF THE WASTELAND! oa WATCH-THE VIDEO TUTORIAL > and check CS.MONEY YouTube Tevjgws & Filipin... — NA ¥ FAST 1"" SAFETY TRADE WIDE GUARANTEED SKIN SUPPLY TRADING STEPS 4 Did not understand how to use the site? See the hints or watch a video. Sign in through Enter a link to Select your Select items on Confirm trade Steam. the trade items our bots SELECT SKINS THAT YOU WANT TG TRADE ¥ To begin trading skins, please sign in through Steam Remember to set your inventory to Public Sign in through Steam Enter a link to the trade Select your items Select items on our bots @ Pe trade WITHDRAW | SMART SELECT @ Skin's Hold FILTERS || | | I —— Type Exterior qe = StatTrak™ @m@e Souvenir @m@e Nametag @®e = Stickers v ADVANCED FILTERS FILTERS COMMISSION Keys: 98% 105% Knives: 93% = 100% Rare: 93% = 100% Weapons: 88% 95% Other: 83% SELECT SKINS THAT YOU WANT TG TRADE ¥ le statistics v) OUR STATISTICS Fairness is our priority SUCCESSFUL TRADES 2 9992 ONLINE USERS ee ear LOYAL USERS e g 9992 NEW USERS TODAY FEEDBACK Share your impressions about the site kkk NEW SITE LOOKS SO SLICK, NICE JOB! Alexjgate CS.Money 13 mon ago ¥ fo \ oe al aa L f vat iq 1 fe 3M va are | “oy ULE. awe Gran r ix a . , , > i v g * 4 nh ¥ \ 4 os veoh 4 Average score: 4.8",4393.40
tesseract,circl_industrious-onerous-past-smile,data/raw/stress/circl_phishing_dataset_01/Clean_phishing/industrious-onerous-past-smile.png,,415.00
tesseract,circl_infamous-noisy-rare-bitter,data/raw/stress/circl_phishing_dataset_01/Clean_phishing/infamous-noisy-rare-bitter.png,"N26 Compte courant Black = Metal_~=—=sNostarifs Support / FR Espace client >] #LaBanqueMobile m La premiére banque que ce ° 2429,00 € ~ vous allez aimer. see BSB + f S",637.41
tesseract,circl_innocent-chief-spurious-television,data/raw/stress/circl_phishing_dataset_01/Clean_phishing/innocent-chief-spurious-television.png,"€y Meine Direlabank aDVenzia Fur transporente und attraktive Produkte, meine.kart - login login meine.karrt - Registrierung K-ecitkarcennusnires exklusive Vorteile Fragen & Antwort ¥ ragen & Antworten pscsiort Passwort vergesser? > Einloggen Online-Kontotiberprifung =v at ' . A by | ad A Noch keine kart? a 13 ( if > Gold. 4 Beartragen Sie jeczt Ihre Gebline~“rei Card Gold { Dem Ra Kreditkarten-Anti “f N met a: rg zum Kreditkarten-Antrag > we EA EE i N v DasTagesgeldkonto q oY Inforrrieren $ € s ch Uber cie sterakt ven Konditione ay = Mehr erfahren > Kontakt Technische Beratung zum Online-Service mein karte impressum > +49 (0)345 - 21973027 (Aus allen Vetzen) Datenschutz > Mo.-Ss., 8-19 Uhr Kontakt > AGB > Fragen zur gebubrentreier Viastercaro Gold 0800 880 1120 (gebiihrenfrei aus dem deutschen Festretz) 24 Stunder erreichbar +49 (0)345 - 21973030 (Aus cem Auslard oder Mobilfunk} 24 Stunder erreichbar",1294.86
tesseract,circl_inquisitive-hellish-roomy-display,data/raw/stress/circl_phishing_dataset_01/Clean_phishing/inquisitive-hellish-roomy-display.png,HB Microsoft Q Enter password r Keep me signed in Forgot my password Sign in with e different Microsoft account ©2018 Microsoft Termsofuse Privacy & cookies,652.31
tesseract,circl_inquisitive-intelligent-miscreant-part,data/raw/stress/circl_phishing_dataset_01/Clean_phishing/inquisitive-intelligent-miscreant-part.png,"Goxgle H pnatapia oac Exel Kataotpagei and (24) totc! Evrorioape mug to Nokia cae civa at 28.1% EXE YNOZTEI ZHMIA doy a beg (l (24) kaxépouAwy tay mou Acpate “S| S Tpéceata kate THY enioKewr OAs ETL o€ loTeOEAiBes evNAiKwy. AUTS Ba weg oe Kataotpige: thy Képta SIM cag Kat go 2 AG, 82 8a GhAoIwCEI TIC EMApES, TIS a2 po qwtoypagics, Ta GeSopeva Kai TI¢ Epappoyes aac. 4 AemtTé Ka 58 beutepoAentta. Eav Gev agaipéorte tov 16 Tapa, avTt n ovoKeur 8a KAcL6GoEL aUTSpaTa THY pHaTapia Kat @0 KAgioe! To THAgPVE HévIpA ya va anotpanei n nepartépw Zypia an Tov 16. Na Tt Tpémet va KaveTe(BAH-BHpa): Biipa 1: Narrote oto napeKdtw Kopi KaL ELOyETE Tov GpLOLd ThAE@WVOU OaG. ANAVTHOTE GTO SMS Lac Kal KETEBGOTE To Swpedy antivirus. Bripa 2: ExtEACOTE Thy epapLoy yla va agalpéoeTE GAOUG TOUS toUG Kat va EMGKEVAGETE THY pRaTapia gag 100%. AQPEAN ENIZKEYH TGPA",1691.45
tesseract,circl_irritating-statuesque-poor-tooth,data/raw/stress/circl_phishing_dataset_01/Clean_phishing/irritating-statuesque-poor-tooth.png,END ccposmenocaieehed Jeoret | _ iWIGRICH. Lo i Fa DZ PRIVATBANK IN youn VICINITY aya Y moped a “ — een Z |. a a “Ll eh ‘ a see oy ay 2 oe 2 Bf erere “I Private banking | Financing | Fund services | Online Banking | About us | Careers ™ PRIVATE CUSTOMERS LATEST NEWS SERVICES = won . a ee ee oe Information conceming our services News and valuable information Our expertise for your assets » online Banking (Luxembourg) » Customer in Luxembourg » our annual reports 2016 > ourasset management > Customer in Switzerland > aktuelle wahrungsinformation » Kunde der Niederlassungen Site notce Lega n‘crmator Data precection Sitemap DLE DE SPTEAL,1983.62
tesseract,circl_irritating-uninterested-uneven-driver,data/raw/stress/circl_phishing_dataset_01/Clean_phishing/irritating-uninterested-uneven-driver.png,"3 Dropbox Business Wee or (: Woettl ST Now you can sign in to dropb ith your em vx) _ * Select your email srovider below Sy Wesel oor . | Office 365 | Outlook we Gmail "" at Aol Others",515.01
tesseract,circl_jazzy-spotty-fresh-bottom,data/raw/stress/circl_phishing_dataset_01/Clean_phishing/jazzy-spotty-fresh-bottom.png,"SPIEGELONLINE spreceue Q = Meni | Politik Meinung Wirtschaft Panorama Sport Kultur Netzwelt Wissenschaft mehr ¥ 11. Dezember 2018 Schlagzeilen | DAX 10.622,07 | Tv-Programm | Abo Islamismus Topgefahrder setzt sich in die Turkei ab @& —_— oot aia Halil D. stand im Verdacht, einen Anschlag auf ein Radrennen geplant zu haben. Ein Gericht sprach ihn davon frei. Jetzt hat sich der als Topgefahrder eingestufte Islamist nach SPIEGEL-Informationen in die Turkei abgesetzt. Von férg Diehi und Roman Lehberger mehr... [ Video ] Die Lage am Dienstag SCHLAGZEILEN > Der demitige Macron Alle Artikel auf einen Blick... Frankreichs Président will die ""Gelbwesten"" mit hdherer Verschuldung bes&nftigen. Theresa May verschiebt die Brexit-Abstimmung. Und: Heute soll Apple Pay in . Deutschland starten. Die Lage am Morgen. Von Mathieu von SPIEGEL) = Hier finden Sie alle Rohr mehr... [ Forum ] Artikel Zugestandnisse an “Gelbwesten"" fF) iw) 2) Newsletter Macrons Mea Culpa = he Ma “— * fe n y lOpBelesen | Verschicl esehen my Ai. Pa Topselesen | Verschickt | Geseh =a a A . m= = = Verschobene Brexit- Aare : I gia Abstimmung: Die ee ed Mt 1 + wii Zirkusnummer an ar i . I 2 Kundengesprache: Worte, dl a o ct. atl ee =k, die Apple-Store-Mitarbeiter id rs wpe ee an B-, nicht sagen sollen ! - 4 ; 7 3> London: Boris und Lilly Becker 4 ignorieren sich vor Gericht A ""Voyager 2"": Hinterm Sonnenwind geht's weiter aloes ee Bevery Gr uekanicht cane Reine sozialer 5 Fanfzigerjahre-Farbbilder a 2 an Vivian Maier: U htb: Ma&nahmen flr Geringverdiener. Ob das die Proteste von Vivian Mater: Unsichtbar stoppen kann, ist fraglich. Kritik an seiner Kehrtwende regt sich bereits. Von Georg Blume, Paris mehr... [ Video | Forum ] TV-Ansprache: Macron kiindigt Zugestandnisse an DER SPIEGEL > ‘DEA SPIEGEL, Heft 50/2018 a Finale Nato-Chef Jens Stoltenberg “a Das Drama um Boris Wir brauchen eine glaubhafte ; Becker Abschreckung"" e ¥ Jetzt lesen mit Re cameedy SPIEGEL+ Nur 60 Tage geben die USA Pee SPIEGEL+ gratis = Russland, um ein neues 7 testen z Mittelstreckenprogramm zu nN verschrotten. Nato-Chef + Stoltenberg ilber die brenzlige \ Situation fur die Allianz und die BORSE > Markte | Meine Barse gefahrlichen Folgen fur Europa. Von Matthias Gebauer mehr... [ Forum ] DAX 10.622,07 -1,54 Dow Jones 24.423,26 Uberlastetes Bamf FUR /usD 114 40,11 Bundesregierung arbeitet an ol 60,69 -4,17 Fristverlangerung fiir Asyl- Gold 1.246,02 +0,14 Uberpriifungen Mehr Kurse @ Stand: 07:20 Uhr ""Qualitativ hochwertige Prifung der Asylentscheidungen"": Das Bundesamt fiir Migration und Fliichtlinge soll nach dem kurse abfragen Q Willen des Innenministeriums mehr Zeit fur die Bearbeitung von Asyl-Entscheiden bekommen. mehr... SPIEGEL CHRONIK Nach verschobenem Votum TiRonm Chronik 2018 May will Brexit-Deal in Berlin und = Pe Ereignisse des AGS. § Jahres - - Den Haag retten > Reporter Uber Ki Triumphe, Krisen, Die EU lehnt Brexit- ie a : a Nachverhandlungen ab - und ie | und Abschiede , an ~Le . trotzdem reist Theresa May nun Die reece dey thes . n eM nach Deutschland und Holland 7 Direkt zur ~’ a t. Dort will die britische digitalen Ausgabe \d4 c3 FZ4 Premierministerin vorflinlen, auf Bei Amazon bestellen. welche Zugestandnisse sie hoffen kann. mehr... [ Video ] VERLAGSANGEBOT \ SPIEGEL Videoanalyse zum Brexit-Deal = \ AKADEMIE ""Selbst far britische Verhaltnisse YY ungew6hnlich"" ] i Py 4 # P Nach dem turbulenten Tag in i 4 , 5 & Rc: uf -. é London: Welche Chance hat > a Lyte - Theresa May, ihren Brexit-Deal | ao ""> . - doch noch durchzusetzen - und Unsplash’ Brooke Cagh rr . i isplash/ Brooke Cagle » Video ¢ was macht die Opposition? Eine i SPIEGEL ONLINE Videoanalyse von Benjamin Hochschulkurs mit Zertifikat ; Braden, Kevin Hagen und Digital Business Management Carolin Katschak mehr... an ei Machen Sie sich und Ihr Brexit-Abstimmung verschoben: Das sagen Londoner Unternehmen fit fur den Verschobene Brexit-Abstimmung: Die Zirkusnummer digitalen Wandel! mehr... Rechtsgerichtete Regierung in Brasilien Mitspiel d Bolsonaro plant Rickzug aus Uno- iespiefenun . . gewinnen: Migrationspakt Immer mehr Lander lehnen den verabschiedeten Uno- SPIEBEL ONLINE. b . Migrationspakt ab - bald auch Brasilien. Die designierte a . 4 Regierung will sich nach ihrem Amtsantritt im Januar aus (29 6299 [aul dem Vertragswerk zurlickziehen. mehr... Pl Aventskalender 2018) ‘aglich tale Preise im Gesamtwert van ther € 40,000! Zusatevevlostng Unter aBen Telnehmeral Krankenversicherung Hier gibt's Geschenk. Diese 18 Krankenkassen senken ab = ™°r 9105 Geschenke Januar die Beitrage _— hat s& Gesetzlich Krankenversicherte > L& ae zahlen bald weniger: Ab Januar VIDEOS SEN miissen die Arbeitgeber die hetiemaeits aN Halfte der Zusatzbeitrage ¥ fa AK ol ceauganets! Cibernehmen. Darilber hinaus , : ~ Ws! Uberneh Dariiber hi Se wollen 18 Kassen die Beitrage 4A ~~ . -_ zusatzlich senken. mehr... ry aa 4a [ Forum ] — = \ » Video ie wee Hart aber fair Britisches Unterhaus: May Im Eimer verschiebt Brexit-Abstimmung Freitags ist Stau, bei der Bahn - by h funktioniert das Klo nicht, und acd a y das Handy geht nur in der a ad | _ { Badewanne: Frank Plasberg an diskutierte mit seinen Gasten, 4 ieee 00 Deutschland ein . y Sanierungsfall sei. Von Kiaus : vo. Raab mehr... i i — Neue Staffel ""Die Héhle der Lowen”: First-World-Problems - | & Video” AY my, das Musical - an SPIEGE AD Hambacher Forst: ""Ich habe kein schlechtes Gewisssen"" Ehemalige AfD-Chefin SPIEGELE: Neustart der Frauke Petry, nachster Versuch SPORT-VIDEOS > Frauke Petry war die machtigste . & Frau der AfD, nun kampft sie af fast allein in der Politik. Steht “ fife. die Frau, die einmal als gréBte ko Proc Beene Gefahr fir Angela Merkel galt, he — eaizeam noch einmal auf? Von Barbara _ & Hardinghaus mehr... > Video ; P REUTERS! Champions League: Alles oder Berateraffare im spreseLes CS fur Liverpool Verteidigungsministerium Generalprobe vor dem Bayern- . Duell: D trifft flr Aj Der General und sein Freund hell: De Jong ‘ath fh Nex River Plate gewinnt Copa Ein General verschaffte einem Libertadores: Buenos Aires sieht - Freund millionenschwere Weiss-Rot 7 7a Auftrage in Ursula von der ie Leyens Ministerium. Ohne Peete §Ausschreibung - und am Ende Sornmon ren ges sogar ohne Vertrag. Von Sven SPIEGEL.TV > Becker und Matthias Gebauer mehr... ~ ~~ «are 8% J) (a ye Schmerzfrei ohne Eingriff SPIEGELES Warum sich viele Schulter- a /i Operationen vermeiden » Video 2 SREGELT lieBen Turner Fabian LZ “fr Was hilft oft genauso gut wie tween Der schwierigste se = eine Schulter-OP? Keine ME eae Schulter-0P! Eine der | Pa. . fy Naufigsten Operationen ist Fy Mee be weitgehend wirkungslos. Doch . Egiccay cic Botschaft kommt bei vielen noe Arzten gar nicht gut an. Von ‘ Jorg Blech mehr... +++ Der Morgen live +++ Is Video Bjarne Madel darf als _a Medea Fil “Tatortreiniger"" nicht Wunderwerk Brust: . Verfuhrer, Emahrer, Bakterienkiller weiterputzen 7 BF Die NDR-kultserie ""Tatortreiniger"" luft aus. Das . . - liegt nicht an den Quoten und SPIEGEL Investigativ auch Hauptdarsteller Bjarne q Madel hatte gern weitergemacht. Die Live-News. Mit Heike Klovert mehr... [ Forum ] Quiz (bento Pied OLN Was ist schneller - Bahn oder Hinweise far Informanten Auto? i a NE Weihnachten ist die Zeit der es a . 4 Fernreisen: Halb Deutschland Taglicher Newsletter > > an juckelt zu Freunden und Niall = » Familien. Aber wie kommt man . Vo ptsstogae schneller an - mit der Bahn DERSPIEGEL = SPIEBELONLINE oo freayg oder mit dem Auto? mehr... DI E L A GE Morning Briefing Wetterdienst warnt Es wird rutschig auf Deutschlands Der kompakte StraB Nachrichteniiberblick am Morgen: raben aktuell und meinungsstark. Jeden Morgen (werktags) um 6 Uhr. . Nachts wird es kalt und frostig - Bestellen Sie direkt hier: ott .- und das macht sich auf ""a HEE Deutschlands StraBen Eel Ah | << By. bemerkbar. Autofahrer soliten Tote Rass SIRE ELT Si es oe eee entsprechend vorsichtig fahren, iki: Ra Pees warnt der Deutsche Newsletter bestellen . Wetterdienst. mehr... Alle Newsletter © Vereinsprasident Kind vs. Opposition Der Streit um die Macht bei Auf bento > Hannover 96 KIND MUSS WEG!"" Be Sioa SF BE ab i, dw ae See eg ee ee ES S a Me ak aa Pe SANs PMC RCS LE SE =i bento Quiz: Teint und Tinte - ate oe Eig a 5 ibe Rad BE finden Sie alle Anagramme? ) SE Bien ee on Ue a PA ee OS Oe Sch a AN LTV Gnene DO RE Sat Oe Ea ay Ce Pe, EO eae «| SPIEGEL-ONLINE- Klassiker Martin Kind will das alleinige Sagen bei Hannover 96, Mitglieder des Klubs wollen das verhindern. Die Machtspiele um die 50+1-Regel drohen Einfluss auf die gesamte Bundesliga zu nehmen. Was ist da eigentlich los? Von Christoph Ruf mehr... [ Forum ] Familienstress an Weihnachten SPIEGELES Wie bekommt die Unvollendete Filme: Blockbuster? . Desaster! Schwiegermutter bessere esaster Laune? Adventskalender der guten English Site > . Fragen: Die marrische Schwiegermutter kommt an ¥ ry ql = if Weihnachten zu Besuch. Was ia =e ‘ aan’ nes r kann man tun, damit sie nicht Iso ae rs allen das Fest vermiest? Von fe x Birgit Lambers mehr... “og ah . COME SITTLER / REA / laif Forscher testen Verhaltenstipps i i + French Protests: Macron's Ghosts Wie Sie wahrend der Return To Haunt Him Weihnachtszeit sogar abnehmen Kramp-Karrenbauer's Win: Rough mA ” Platzchen, Glihwein, Gans: Road Ahead for the Merkel Dynasty te Viele Menschen futtern sich ‘A Favor’: Dirty Alliance between he eae : liber die Feiertage einige Kilos Player Agents and a Team Executive an. Britische Forscher haben ’ we nun zehn Tricks gegen yes oa weihnachtliches Zunehmen ne getestet. Sie wirken tatsachlich SPIEGEL ONLINE hé6ren > - ein bisschen. mehr... a Neue Spiele 14 ws Zehn Geschenktipps fiir Familien \) und Freunde ay SS ee mages WamF AZ 0b Sie mit Kindern und . ‘ cations eo 3 pe GroBeltern spielen oder am “Stimmenfang"", “Netzteil"", = s om, nD ehrgeizigen Stammtisch: Hier “Hérweite"", Sascha Lobo: Alle ican, 0 : gibt es zehn Tipps fiir neue Podcasts im Uberblick © oh ay ""§\ 8 Gesellschaftsspiele - vom a Ay 4 Turmbau bis zum lauten 7 ‘ Partykracher. Von Hendrik Breuer mehr... [ Forum ] Planestream > Fotostrecke: Zehn Spiele-Tipps zu Weihnachten *- Hai-Angriff bei Fiitterung - Tauchlehrer verliert den Durchblick § . i * P Video planestream.de planeseen ADenteuer innerdeutsch: Mit dem Jumbo nach Berlin-Tegel a . wo - . ay ANZEIGE Die Haie im Rangiroa-Atoll kennen das schon: Der Tauchlehrer fittert sie, die Touristen bekommen schéne 5 Bilder. Nur rgern sollte man die Haie nicht. mehr.. 10% home24 Gutschein auf Ihren Einkauf oe0o Die Highlights von SPIEGEL a Das Lebensdrama des Boris Becker Ich - einfach unverbesserlich Seit Boris Becker mit 17 Jahren als erster Deutscher in Wimbledon gewann, lebt er im Bewusstsein der eigenen GréBe. Er wartet immer auf den nachsten groBen Moment. Lesen Sie hier die SPIEGEL- Titelstory. Von Marc Hujer mehr... He Gefalschte Arzneirezepte Wie eine Realschullehrerin es schaffte, ein Leben in Gucci und Prada zu fihren "" Eine Lehrerin falschte jahrelang Rezepte, um sich Taschen, . Schmuck und Kleidung im Wert . von mindestens 900.000 Euro zu génnen. Wie hielt sie den z Betrug so lange geheim? Von : julia Juttner mehr... a Fluchtdrama um die Tochter des Emirs von Dubai “Dann bin ich entweder tot, oder in sehr, sehr groBer Not"" E Die Tochter des Emirs von n Dubai will endlich frei sein. Sie flieht mithilfe eines Abenteurers aus dem Palast, der flr sie wie ein goldener Kafig ist. Doch ihr , 4 Vater schickt Schiffe los. Und nun? Von Fiona Ehiers mehr... Alle Artikel von SPIEGEL+... Gratis testen... Sascha Lobo: der Debatten-Podcast #69 - Antisemitismus im Netz: Keine Logik, keine Konsistenz, keine Plausibilitat ¥ Abonnieren Alle Podcasts © Videos ary te ain ee: LER sr, pl ,"" = Ue OW” ORNS ' = . “fp a€ a Che al “1. - ceils BT Brexit-Parodie» : Lo~ aS, 02:33 Schauspieler Andy Serkis a ~ 02:03 Brexit-Abstimmung verscholen » als May-Gollum > Das sagen die Londoner Tae me ~ Bae Cw ros | aot jm feos oe Pm 022 py’ aCe ae, Debattenkultur: Die Turner Fabian Uberraschende Weltraum-Video: seltsamen Rituale des Hambichen: Der Entdeckung: Geckos Alexander Gerst filmt britischen Parlaments schwierigste Abgang kénnen iibers Wasser Sojus-Flug laufen CDU unter Kramp-Karrenbauer 4 Das endgiltige Ende der Union (wie wir sie ‘ kennen) oo™ Der Albtraum aller Breitbeiner: Mit der Wahl Annegret Kramp-Karrenbauers ist die CDU unwiderruflich in der Gegenwart angekommen - obwohl AKK pores wombdglich konservativer ist als Friedrich Merz und Jens Spahn zusammen. Eine Kolumne von Stefan Kuzmany Kommentare Kolumnen 4 efan Kuzmany jargarete Stokowski Georg Blume Stefan K M te Stokowski 39) “Gelbwesten""-Proteste: . Franzosen, Volk der Revolte Sascha Lobo Jan Fleischhauer Arno Frank > Homophobie-Vorwiirfe gegen Kevin Hart: © Thomas Fricke a Thomas Fischer Selbst schuld? * me Heike Klovert & Ferda Ataman r+) Sibylle Berg Streit Gber Digitalpakt fur Schulen: Lander, stellt euch nicht so an ne Christian Stacker Zz Alle Kommentare | Foren | Blogs | SPIEGEL ONLINE auf Facebook | Newsletter Justiz Leute Gesellschaft Multimedia- Reportagen Heimwerkerblog Kostja und Janin Ullmann getrennt Kim Kardashian iiber Ecstasy ""Wir kommen damit klar, Angst vor Drogenirrsinn ihr hoffentlich auch"" und Ruin Das Schauspieler-Paar Kostja und Janin Kim Kardashian fand Ecstasy mal toll - Ullman hat sich getrennt. Das auf ihrer Hochzeit, auch beim Dreh Statement dazu hielten die beiden ihres ""Sex-Videos"". Dann brachte ihre knapp - und veréffentlichten es mit Mutter sie zur Rason. mehr... einem Foto aus glticklichen Zeiten. mehr... Blitzer-Attrappe gebastelt: Verfahren gegen Tischler wird eingestellt London: Boris und Lilly Becker ignorieren sich ver Gericht Mehr Artikel... ADVERTISEMENT PANORAMA-VIDEOS > Gs * al B ay ate’ > detp ty - jan 7G wen NY ¥ ¥ a. 4 Can eS. ok. care p video | a REUTERS P Video Bam katharina Peters BP video £ % -. a Besondere Begegnung: Orcas = Siidkorea: Setzt dem Die Werwélfe: Die ""letzte umringen Taucher Schonheitswahn ein Ende Geheimwaffe"" des Dritten Reichs Deutschland Ausland Europa Meinung Deal mit US-Staatsanwaltschaft Krim-Krise MutmaBliche Spionin Merkel fordert von Butina will offenbar Putin Freilassung gestehen ukrainischer Seeleute Die Russin Maria Butina sitzt in den Vor gut zwei Wochen setzte die USA in Untersuchungshaft, Vorwurf: russische Kustenwache drei ukrainische Spionage. Sie soll Uber Waffen- Schiffe fest, 24 Besatzungsmitglieder Lobbyverbande ein Netzwerk wurden verhaftet. Deren Schicksal war aufgebaut haben, um russische Thema bei einem Telefonat der Interessen durchzusetzen. Jetzt will sie © Bundeskanzlerin mit Wladimir Putin. sich schuldig bekennen. mehr... mehr... [ Forum ] John-Kelly-Nachfolge: Wer wird Trumps neuer wichtigster Berater? Proteste in Frankreich: Macron kiindigt Zugestandnisse an Mehr Artikel... Stimmenfang Podcast #77 - Endlich streiten die mal - Wie der Wettstreit um den CDU-Vorsitz die Partei befreit hat ¥ Abonnieren Alle Podcasts © Borse Service Versicherungen Unternehmen Soziales Meng Wanzhou Patentstreit Huawei-Finanzchefin Chinesisches Gericht bietet zehn Millionen Euro verhangt Verkaufssperre Kaution gegen iPhones Huawei-Managerin Meng Wanzhou Neue Runde im Patentstreit zwischen bietet eine hohe Summe fur ihre Apple und Qualcomm: Der Freiheit. Die USA werfen ihr vor, gegen —Chiphersteller hat offenbar ein die Iran-Sanktionen verstoBen zu Verkaufsverbot von iPhones in China haben. mehr... [ Forum ] erzielt. Apple halt das jedoch fur wirkungslos. mehr.. Nach Verschiebung von Brexit-Abstimmung: Britisches Pfund fallt auf 20-Monats- Tief Neues Zwei-Jahres-Tief: Dax falit unter 10.600 Punkte Mehr Artikel... ADVERTISEMENT Premium Reisegepack HORIZN STUDIOS BORSE Kurse abfragen Q 08:08 Uhr Kurs absolut — in % 10200 DAX 10.622,07 -166,02 -1,54 10.750 MDax 22.072,21 -463,24 -2,06 10.700 TecDax 2.48111 -35,52. -1,41 toeno Dow 24.423,26 +34,31 0,14 10.550 . 0800 37.88 Gold | Euro/USD | Ol | mehr Kurse | News Stellensuche Arbeitsrecht Jobeinstieg Bewerbung Coaching Studie zu Weiterbildung Neue Studie Kein Aufstieg durch Viele Migranten arbeiten Bildung fir Niedrigl6hne - trotz Wer sich bildet, kommt weiter: Das hoher Qualifikation Credo gilt offenbar nicht fiir die Wer zuwandert, hat berufliche Weiterbildung. Wer Arbeitsmarktprobleme - und die sind Schulungen und Kurse besucht, umso gré8er, je besser qualifiziert verharrt eher auf seiner Position statt jemand ist. Das zeigt eine neue Studie. aufzusteigen. Warum ist das so? Ganz besonders hakt es bei der mehr... [ Forum ] Anerkennung auslandischer Abschlisse. Von Armin Himmeirath mehr... [ Forum ] Streik: Zu spat im BUro - das sind die Konsequenzen Mein Leben als Headhunter: ""Miltter sind praktisch nicht vermittelbar” Mehr Artikel... FuBball-WM 2018 FuBball- Bundesliga FuBball-News FuBball- Liveticker Spielerindex SPIX 2. Bundesliga Regelversto& von Skifahrer Luitz Tippspiel St. Pauli gewinnt Saurer Stoff Schach Verfolgerduell durch Nach der Sauerstoff-Affare um Stefan F1-News irregulares Tor Luitz erwAgt der DSV Konsequenzen. Es . . . bleibt ratselhaft, warum Trainer, Dank eines Auswartssiegs in Bochum Funktionare und Arzte des Verbands so halt der FC St. Pauli Anschluss an die unprofessionell handelten und kollektiv Aufstiegsplatze. Dabei hatten die versagten. Eine Analyse von Florian Hamburger in der vorentscheidenden Kinast mehr... [Forum ] Szene Gliick, dass eine Regelwidrigkeit nicht geahndet wurde. mehr... [ Forum ] Trainerwechsel bei Arminia Bielefeld: Saibene geht, Neuhaus kommt Bundesliga-Noten: Das ist die Topelf des 14. Spieltags Mehr Artikel... ADVERTISEMENT <20 ee walbusch SPAREN Aegtias ia sane) SZ Seby ‘ Mi >ZUM SHOP : eb Dal Kino Musik TV Literatur Gutenberg Bestseller Fanfzigerjahre-Farbbilder von Vivian Maier Unsichtbar Sie tarnte sich als Kindermadchen und wurde deshalb so wenig beachtet, dass ihr grandiose Fotografien gelangen: Ein neuer Bildband zeigt Farbaufnahmen von Vivian Maier, die zu Lebzeiten nie ein Foto verdffentlichte. Von Katharina Cichosch mehr... [ Forum ] Dritte Staffel geplant: ""4 Blocks"" geht weiter. Und dann zu Ende Nordamerikanische Kunst: Die Macht der Bilder Krimi-Vote: Wie fanden Sie den Drohnen-""Tatort""? Mehr Artikel... SPIEGEL Bestseller Jede Woche neu: Entdecken Sie die Bestseller auf dem deutschen Buch-Markt - Belletristik und Sachbicher, Harcover und Taschenbticher. Alle Listen... Tests Fahrkultur IAA 2017 “Finanztest"" Weihnachtsgeschenke fir Radfahrer Das sind die besten Klingel Glockchen, Anbieter fur klingelingeling Verkehrsrechtsschutz Radfahren boomt, und damit auch der Nach einem Unfall kommt es oft zu Markt flir Gadgets und ziemlich Rechtsstreitigkeiten, in die nicht nur luxuriéses Zubehdr. Warum nicht mal Autofahrer verwickelt sind. Dann kann —_Vergoldetes Werkzeug Ui eine Verkehrsrechtsschutzversicherung Weihnachten? Von Stefan Weifenborn helfen. “Finanztest"" hat 130 Tarife mehr... [ Forum ] gepruft. mehr... Alternative Antriebe: “Die Brennstoffzelle wird sich durchsetzen"" Streiks bei der Deutschen Bahn: Das sind die Rechte von Reisenden Mehr Artikel... ADVERTISEMENT ey ist . 5, Immobiliensuche Zusammen ist man starker als Bereit flir dein neues Zuhause? Ob altein Haus oder Wohnung, Miete oder . Kauf: Das ist der direkte Weg in Als SOS-Pate helfen Sie uns, die neuen vier Wande. Einfach _Kindern ein Zuhause zu schenken passende Wunschimmobilie und Orte zu schaffen an denen sie finden. sich frei entfalten und entwickeln kénnen. Mensch Natur Technik Weltall Medizin Datenlese Ubermorgen Klimakonferenz Erste Messungen von ""Osiris Rex"" Satellitenbild der Woche Asteroid Bennu hatte Hauptstadt auf dem Weg Kontakt mit Wasser nach unten Vor wenigen Tagen ist die Nasa-Sonde Teils mehr als 25 Zentimeter pro Jahr ""Osiris Rex"" an ihrem Ziel sinkt die Region um die iranische angekommen, dem Asteroiden Bennu. Hauptstadt Teheran ab - weil Von dort liefert sie nun bereits die Grundwasservorkommen rilcksichtslos ersten Messungen - und Wasser spielt ausgebeutet werden. Forscher warnen, dabei eine entscheidende Rolle. Aus dass manche der Speicher irreparabel Washington berichtet Christoph Seidier geschadigt sind. mehr.. mehr... “Voyager 2"": Hinterm Sonnenwind geht's weiter Nasa-Raumsonde: ""Voyager 2"" hat Einflussbereich der Sonne verlassen Mehr Artikel... Schule Uni Job Lehrergestandnis Pro und Contra Mundart ""Anstatt alles Digitale zu Sollten wir das verbieten, missen wir Schwabische retten? Kinder lieber erziehen Baden-Wirttembergs Ministerprasident Der Digitalpakt ist ausgebremst, die Kretschmann will die schwabischen Lander wollen sich in die Schulpolitik Dialekte starken, auch an Schulen. Im nicht reinreden lassen. Unser Autor, an Jahr 2018. Muss das sein? Ein Pro und seinem Gymnasium IT-Koordinator, Contra von Armin Himmelrath und &rgert sich - und raumt mit ein paar Heike Klovert mehr... [ Forum ] InrtGmern auf. mehr... Medizinstudium: Neuer Verteilungsplan, altes Problem Zulassung furs Medizinstudium: Was sich fur Bewerber ander soll Mehr Artikel... Stadtereisen Deutschland Europa Fernweh Handykosten auf Kreuzfahrt Smart auf hoher See Telefonieren und Surfen auf Kreuzfahrtschiffen ist teuer. Manches ist aber auch Einstellungssache: Worauf Kreuzfahrtpassagiere mit Handy auf hoher See unbedingt achten sollten. mehr... [ Forum ] Australien und seine “Big Things"": GréSenwahnsinnigschén Ausfalle und Verspatungen: Eisenbahner haben Streik beendet Streiks bei Bahn: Das sind die Rechte von Reisenden Mehr Artikel... Netzpolitik Web Gadgets Games Apps Bezahlen per Handy Vernetzte Rauchmelder Apple Pay startet in Warnung vor dem Alarm Deutschland Rauchmelder k6nnen Leben retten - Ab sofort kann man in Deutschland mit Und mit lauten Fehlalarmen nerven iPhone und Apple Watch an der Kasse Aber es geht auch besser, wie unser und im Internet bezahlen. Wir erkléren, Autor berichtet. Das und mehr im was der neue Dienst bietet, mit Newsletter. Von Matthias Kremp mehr... welchen Geraten man ihn nutzen kann [ Forum ] und wie man ihn einrichtet. Von Matthias Kremp mehr... [ Forum ] DjJI Osmo Pocket im Test: Nie mehr verwackelte Videos Onlinedebatte: Meinungsroboter twitterten gegen Migrationspakt Mehr Artikel... Zeitzeugen Weltkriege DDR Popkultur Flugschautragédie 1988 Die Flammenhélle von Ramstein Als italienische Piloten ihr beriihmtestes Kunststiick vorfilhrten, steuerten sie in die Katastrophe: 1988 starben auf der U.S. Air Base Ramstein 70 Menschen, tausend wurden verletzt. Die Uberlebenden qualt das Ungltick bis heute. Vor Kathrin Seelmann-Eggebert mehr... Verschollene Fotos von Georg Stefan Troller: ""Das war mein Paris. Das Paris von gestern"" Kerkelings Kindheit und Komiker-Karriere: Wo ist Hape? Beat Generation: Die rastlosen Vorvater der Hippies Mehr Artikel... Diagnose Ernahrung Psychologie Sex Schwangerschafi Zigaretten Ein ratselhafter Patient Selbstdreher hangen Jung, gesund, ohnmachtig starker an der Kippe Eine Mutter muss mit ansehen, wie ihr Wer seine Zigaretten selbst rollt, denkt 17-J4hriger Sohn platzlich das seltener ans Aufhdren. Und selbst wer 8eWusstsein verliert, stiirzt und aufhéren méchte, schafft es nur inden — 2Uckend am Boden liegt. Was stimmt seltensten Fallen. Das zeigt eine Studie Nicht mit ihm? Von Nina Weber mehr... mit Tausenden britischen Rauchern. Von irene Berres mehr... [ Forum ] “Trigoa"": Pfizer ruft Antibabypille zuruck 300.000 Euro Kosten: Krankenkasse muss Behandlung im Ausland zahlen Mehr Artikel... Design Mode Kochen Sinatra-Villa in Malibu CO2-FuBabdruck The House he lived in Ist Wein aus Ubersee Hier wurde getrunken, gegrillt, gespielt: Skologisch vertretbar? In den Neunzigern lie Frank Sinatra fiir \euseelandischer Wein boomt in sich und seine vierte Ehefrau ein Deutschland. Doch die Flaschen Strandhaus bauen. Nun steht das letzte Yommen mit einer schlechten CO2- Heim des groBen Entertainers zum Bilanz aus Ubersee. Mit einem Verkauf. mehr... [ Forum ] einfachen Kniff kénnen Konsumenten einschatzen, ob der Kauf vertretbar ist oder nicht. Von Gerald Franz mehr. [ Forum ] Rezept fir Shin-Shank-Ragout: Das beste Gulasch der Welt Korallenrot: Das ist die Farbe flr 2019 Mehr Artikel... 7 bento Fuhlen Gerechtigkeit Haha Quiz seventh ee Hea bento Best of Whatsapp-Funktion Wenn Geflichtete zum Wie Sie Sprachnachrichten Objekt der Begierde diskret abhéren kénnen werden Sprachnachrichten werden meist zuerst Auf Pornoseiten werden immer mehr Uber den Lautsprecher abgespielt. Dass Clips angeboten, die das Schicksal von kann in der Offentlichkeit schnell Flchtlingen zur Grundlage der peinlich werden. Dabei gibt es einen sparlichen Handlung machen. Ein einfachen Trick, mehr... Sexualforscher erklart, woher diese Filme kommen - und wer sie ansieht. mehr... Weihnachtsideen: 10 gute Last-Minute-Geschenke unter 15 Euro Selbstversuch: Rote Lippen = Komplimente Mehr Artikel... SPIEGEL Tédlicher Unfall durch selbstfahrendes Auto SPIEGELE: Die Frau, die fir einen Fetzen Papier gehalten wurde In Arizona Uberfahrt ein computergelenkter Wagen einen Menschen. Es ist der erste tédliche Unfall durch ein selostfahrendes Auto - und die Folge eines gnadenlosen Konkurrenzkampfs. Von Philipp Oehmke mehr... Harald Schmidts Videokolumne SPIEGELE: Die SPD lebt Alle reden nur Uber die CDU. Dabei setzt die SPD zu einem Héhenflug an - mit Klappstullen und Nasebohren. Von Harald Schmidt mehr... SPIEGELE) Kommentar: Wieso die SPD dem Untergang geweiht ist SPIEGEL) Deutsche Bank unter Druck: Im Panikmodus Alle Artikel von SPIEGEL+... Gratis testen... SPIEGEL baily Newsletter bestellen Eel -Adiesse eileen Newsletter bestellen Helikopter-Eltern in der Offentlichkeit ""Mein Sohn bekommt von mir keine Anweisungen, was richtig oder falsch ist!"" Kinder raumen Regale aus oder bemalen Hotelwande - und deren Helikopter- Eltern finden das ganz normal. Wehe jedoch, jemand riigt den Nachwuchs. Die besten Anekdoten aus Supermarkten, Cafés und Friseurladen. mehr... [ Forum ] Umweltschutz: Das kénnen Sie persénlich gegen den Klimawandel tun Brexit: Wen May jetzt umstimmen muss - Skeptiker, Ultras, Rebellen Exklusive Datenauswertung: Blackbox Schufa Mehr Artikel... Mh E 8 - b at P - ae S yo XN] & w Sed f. ajo Lf) : D> [suse fad P : Le | ne 2 B-52 Stratofortress: ali T Der fliegende i r A . Massenmord - . i | s yt ipulatjon durch Bel = wemlese 40 in Glicksspiel aber Ore $Umweltschutz mit > die Polizei Sturmgewehr: Brasiliens Klima-SEK im Ratseln und Knobeln > Cartoon des Tages = ~ HEUTE BEGINNT EIN NEVES KAPITEL . SPIEGEL ONLINE Cc D U "" “ Ratsel der Woche: Kuddelmuddel in der Poststelle 4 Mehr Ratsel: Finden Sie die Soy Lésung? Sudoku: Der Logik-Klassiker flr Piconeypens Bheyeneyate jeden Tag Mehr Cartoons: Hier klicken Street: In der StraBe liegt die Logik Zu den Cartoons des Monats Fibonacci: Klickspiel fir Zahlenfreunde Solitaire: Kartenstapel geschickt bauen AUGENBLICK - Winterwunderwarterei GUTH, manager magazin a ie | Cs = a TS A es REE Wirecard-Kurssturz: Strafbefehl “Dumm wie Brot"": 5 Menschen, Wissens-Quiz mit 15 neuen gegen Fraser Perring beantragt — die Trump einstellte- unddann —_—‘ Fragen: Wie gut ist Ihre beleidigte Allgemeinbildung? Spiele auf SPIEGEL ONLINE 22 16 su < ~ oo 436 Do 5 K A > eo) KU 5 & 4 iracer Fibonacci Power Of2 Gumblast Sudoku Mahjong Bubbles Solitaire Wit ANZEIGE Ze o : ea = —- . otro Co ®t an 10€ OTTO’Gutschein MO%EIcMibo Giitschein an wh : Se A 20€ +/4,95€ Lidl Gutsc 10€ Rewe Gutscheinindl Top Gutscheine Alle Shops Serviceangebote von SPIEGEL-ONLINE-Partnern AUTO JOB FINANZEN Benzirpreis Brutto-Vetto-Reckrier Wahrurgsrechner BuBdeldrechner Uni-Too Immobil en-Borse Freenwagenrechner Jobsuche Vers cherurger FREIZEIT Evra,ac<oot Soortwectter Arztsuche Lottozabler Gurscneire Ferieriterm rie Glicksspirale Bocner beste len Spee SPIEGEL GRUPPE Abo -Sroo-oente- anager magaz n- Farvard Bus ness Marager- olcnreport- Werburg = Job: DER SPIEGEL SPIEGEL WISSEN SPIEGEL Dein SPIEGEL SPIEGEL BS © titer QF] Facebook Impressum - Datenschutz - Vurzcridsbed riquaigen - Nutzunasrechze - <antak - dilfe",74861.58
tesseract,circl_jealous-guttural-aloof-spend,data/raw/stress/circl_phishing_dataset_01/Clean_phishing/jealous-guttural-aloof-spend.png,Circl | Email Settings Confirm your ID to upgrade your Email Account | who@eirel lu | % Upgrade my Email Account Upgrade Email Account Powered by «S* 000webhost,393.65
tesseract,circl_jealous-undesirable-jazzy-necessary,data/raw/stress/circl_phishing_dataset_01/Clean_phishing/jealous-undesirable-jazzy-necessary.png,"7 i =a oseg a ir Mt CEST VOL avo] Tris link has beer flagged as phishirg. We suggest you avoid it. What is phishing? What can | do? This link has been flagged as phishing. Phishing Is an attempt to If you're a visitor of this website acquire personal Information such as passwords and credit card The website owner has been notified and is in the process of details by pretending to be a trustworthy source. resolving the Issue. For now, it is recommended that you do not continue to the link that has been flagged. If you're the owner of this website Please log In to cloudflare.com to review your flagged website. If you have questions about why this was flagged as phishing please contact the Trust & Safety team for more information. Cloudflare Ray ID: 4b5cf3015f81a68f « Your IP: 13.79.157.96 + Performance & security by Cloudflare",943.67
tesseract,circl_jobless-safe-spiky-chocolate,data/raw/stress/circl_phishing_dataset_01/Clean_phishing/jobless-safe-spiky-chocolate.png,"This site uses cookies to make it more useful for you, improve your user experience and to offer you better service and support. When you press the accept button you are agreeing to our use of cookies. Read more about our ZIZERA cookie policy and how you can contol them by clicking on LEARN MORE LEARN MORE ( AGREE & CLOSE )",1072.76
tesseract,circl_juicy-equal-rural-rock,data/raw/stress/circl_phishing_dataset_01/Clean_phishing/juicy-equal-rural-rock.png,) | ae » —_ a F-BANK io - a Banque&Finance a a PRODUITS MONETAIRE PLACEMENT ALTERNATIF SERVICES E-BANKING & MOBILE BANKING CARTES DE CREDIT CONSEIL D’DMINISTRATION Bi C aT aA / r) rs Prg LL. y os D ts de Foy Xe wer l'avenim G zx xe proc ~ GS. tho \ Ss i \ C > w °° a. ee 1@) o a Wa,1326.89
tesseract,circl_juicy-ugliest-scrawny-delay,data/raw/stress/circl_phishing_dataset_01/Clean_phishing/juicy-ugliest-scrawny-delay.png,"= on * wees (} Office 365 kb al al ""a ae kg a g n ‘s wy ue Ro Work or school account Fe) F versincen see a Co sig a OK 4 5 Be ti ¥ eep me signed in Bokot Bae a _# —_ Pa ive € ' I Rae Oe / aa i : INS ae sesaaie, * i! er ; 9g ao17 neroso E Microsoft",1521.02
tesseract,circl_juvenile-waiting-adorable-mall,data/raw/stress/circl_phishing_dataset_01/Clean_phishing/juvenile-waiting-adorable-mall.png,ES 53180570 “aN kal Cases NES 4358927 er Contracts SS a 94339 Sign in with Battles axe 703118 “y Steam uses . 339 Ontne ete PRO GAMERS CASES ae . ae ey i mae 5@ aupipoom +X-GOO Case mn ‘el Ny; ema ue ew —. 7,1735.29
tesseract,circl_kaput-foamy-nippy-charge,data/raw/stress/circl_phishing_dataset_01/Clean_phishing/kaput-foamy-nippy-charge.png,"4@m Confirm your account circl.lu info@circl.lu password Jcoricrm Account verification, 2019, All rights reserved Powered by (* O00webhost.",713.81
tesseract,circl_kaput-unhealthy-rigid-system,data/raw/stress/circl_phishing_dataset_01/Clean_phishing/kaput-unhealthy-rigid-system.png,,857.27
tesseract,circl_kind-flippant-scary-friend,data/raw/stress/circl_phishing_dataset_01/Clean_phishing/kind-flippant-scary-friend.png,,454.05
tesseract,circl_known-disturbed-curved-schedule,data/raw/stress/circl_phishing_dataset_01/Clean_phishing/known-disturbed-curved-schedule.png,Document Derwnkead W _ Print,311.98
tesseract,circl_known-flaky-crowded-lift,data/raw/stress/circl_phishing_dataset_01/Clean_phishing/known-flaky-crowded-lift.png,"CLICKING “SIGN IN"" BUTTON YOU ARE CONFIRMING YOU'RE AT LEAST 18 YEARS OLD AND HAVE READ & AGREED WITH USER AGREEMENT. afer AWP sagt of . a am ere ae ae —— /-] ASIMIDV M4A4 — FADE ——- J KARanmr CRIMSON WEB,",675.94
tesseract,circl_known-present-holistic-care,data/raw/stress/circl_phishing_dataset_01/Clean_phishing/known-present-holistic-care.png,Gp Sdastdpankki - - - - - Osoite * @iJotForm ‘ow creace your wn Jet#o-m - It's free! Create your own JotForm,784.75
tesseract,circl_lacking-nasty-fertile-country,data/raw/stress/circl_phishing_dataset_01/Clean_phishing/lacking-nasty-fertile-country.png,,270.07
tesseract,circl_lame-exciting-scattered-request,data/raw/stress/circl_phishing_dataset_01/Clean_phishing/lame-exciting-scattered-request.png,"20852022200 - 9 STEAM STORE COMMUNITY ABOUT SUPPORT Sign into bitsckins.com using your Steam account rs P ims STEAM @ Note that bitsckins.com is not affiliated with Steam or Valve By signing into bitsckins.com through Steam: Steam username * Your Steam login credentials will not be shared. = Aunique numeric identifier will be shared with Password bitsckins.com. Through this, bitsckins.com will be able to identify your Steam community profile and access information about your Steam account according to your Profile Privacy Settings. publicly viewable may be accessed by bitsckins.com. By clicking ""Sign In"" you agree to this data being shared. Don’t have a Steam account? You can create an account for free. VALVE] 3, Yalve Corporation. all rights reserved. all trademarks are property of their respective owners in the US and other countries Some geospatial data on this website is provided by geonames.org. Privacy Policy Legal | Steam Subscriber Agreement",2277.95
tesseract,circl_lamentable-eminent-miscreant-arm,data/raw/stress/circl_phishing_dataset_01/Clean_phishing/lamentable-eminent-miscreant-arm.png,"©N26 —Actualiser les Politique de Mentions GmbH paramétres des Confidentialité légales 2 2019 cookies a N26 ce ee ee ee wtb oc Weel ge tae Weds "" § SN Socata MRE a BRR, Sig Be wt . Mot de passe . =. _ . DO gy te oe ¥ : fe va Poy 7 a ES TIT nnn A lS EIT ete = eR eet gee up _",1118.68
tesseract,circl_learned-selfish-elfin-growth,data/raw/stress/circl_phishing_dataset_01/Clean_phishing/learned-selfish-elfin-growth.png,"| nter INTERNET BANKING contadigital HOME DO SITE SIMULE NOVOS INVESTIMENTOS Acesso: Cliente Conta Corrente / Investimentos: PF / CNP): CPF EI CN PRATICO RAPIDO GRATUITO — \ Interpag res oo aN Com o Interpag, C= cos N pagar e receber é: Pelo App Via QR Code Zero Tarifa Facil, né? Comece a usar! Para reclamacées, sugestées ou cancelamento de produtos e servicos: SAC: 0800 940 9999 (Opcdo 09) - Deficiente de Fala e Audic0: 0800 979 7099 aay",1466.34
tesseract,circl_legal-aspiring-sturdy-air,data/raw/stress/circl_phishing_dataset_01/Clean_phishing/legal-aspiring-sturdy-air.png,"N26 Compte courant Black = Metal_~=—=sNostarifs Support / FR Espace client >] #LaBanqueMobile m La premiére banque que ce ° 2429,00 € ~ vous allez aimer. see BSB + f S",747.51
tesseract,circl_lethal-tense-voiceless-resort,data/raw/stress/circl_phishing_dataset_01/Clean_phishing/lethal-tense-voiceless-resort.png,"English . © ackdupexm wr phe KAK JA CE MASA CAM B VHTEPHET I i : » ' . © Sanxaack oy i. “ an) od 7 £ . f A - “ee -@ | a Nazapysan v netysan. t i — wa Kpenwtnara kapra Ha Banka ACK ¢ orerienin a Wizz Air - = ete — 4 . : ee 4 . == . a tie iA J aie Jb 25.07.2018 [Inannpana mpodbutantane 29.06.2018 Murpaciis KbM HaH-BHCOKHTe CTaHJaPTH 2a CHTYDaa KUMYHMXalUA ¢ eTeKTDONHOTO 6aakapane He Berka CK 27.06.2018 Tpncaemere Bamure nTcr=mxa m TWEKH, HeTpyMaaH Io Mpo-pamuTe sa NosMHucT 38 kbequriat <apra 25.06.2018 [nan6peana 3 u3BqedeHmata mo Bare cMetKa 04.06.2018 ¥nervenne mpu «sB=pmpane Ha -pyna npesnaa mpes ICK Jupext, apes ysenounesne c SMS xoq 17.05.2018 Hoey 3n3MaxxHucTa 3a 4apexrave Ha Ipesor 3 DSK Smart 10.04.2018 Hopormapntm ce ctytan 4a onMT 3@ MaMaMa no MMenT Yacrau womenra [Buaaec KMmeHT MIOTPEBHTEN TIAPONA. Jadipazeda Napore OHMAMH ABTOMOBMMIHM 3ACTPAXOBKU S y or. ke ee (OF ACK Cuapm o @ 6anKaack CppeTH 3a carypHocT Jlemo unm 3a rpaxanu Tlemo cuam 3a bupma Tapia 3a TpeaxgaHu Tapua 3a pbupua OGM YCNOBHS 3a TpaxkganH O6mmn yoroBHa 3a pupa",1729.72
tesseract,circl_like-overt-fantastic-profile,data/raw/stress/circl_phishing_dataset_01/Clean_phishing/like-overt-fantastic-profile.png,"Rego - wane Eval Ow Questions 2 Update Internet Banking Profile 1880 ae3-s0ze 1. Banking information taittietas are mandatory Client card number 500235 9[ |Last 12 igits Expiration ms Dae L___] em bap (oyyyrnmddh 2. Personal information tittielts are mandatory: 1 Question [What was my nickname in elementary school? =] answer 2 Question [What was my first job? =] answer 3 Question [What sport do I play best? =] answer Submit) Cancel Consult the legal natices, user's agreement, confidentiality policy and ABCs of security. Certain browser versions are required in order to access our site easily",1634.30
tesseract,circl_like-ready-clean-bathroom,data/raw/stress/circl_phishing_dataset_01/Clean_phishing/like-ready-clean-bathroom.png,,594.11
tesseract,circl_likeable-innate-judicious-can,data/raw/stress/circl_phishing_dataset_01/Clean_phishing/likeable-innate-judicious-can.png,"€y Meine Direlabank aDVenzia Fur transporente und attraktive Produkte, meine. kart - login login meine. kart - Kreditkartennummer Registrierung exklusive Vorteile Fragen & Antworten Passwort Passwort vergessen? > Einloggen Online-Kentouberprifung . 1 ' . P A by | ad A Noch keine kart? . §-. 73 "" ( 7 (Gold. 4 Beantragen Sie jetzt Ihre Gebihrenfrei Card Gold = er ah Oe ae ? zum KreditKarten-Antrag > so . Sa caveelthe we EA . Bais i N v DasTagesgeldkonto q oY Informieren Sie sich Uber die attraktiven Konditionen, pag: Mehr erfahren > Kontakt Technische Beratung zum Online-Service mein karte impressum > +49 (0)345 - 21973027 (Aus allen Vetzen) Datenschutz > Mo.-Ss., 8-19 Uhr Kontakt > AGB > Fragen zur gebubrenfreier Wiastercare Gold 0800 880 1120 (gebiihrentrei aus dem deutschen Festretz) 24 Stunder erreichbar +49 (0)345 - 21973030 (Aus cem Auslard oder Mobilfunk} 24 Stunder erreichbar",932.14
tesseract,circl_lively-agreeable-devilish-budget,data/raw/stress/circl_phishing_dataset_01/Clean_phishing/lively-agreeable-devilish-budget.png,[E] TAGGINGSERVER a@taggingserver.com Password F Use WebMail Mini Integration with Windows,305.88
tesseract,circl_lively-familiar-cheap-progress,data/raw/stress/circl_phishing_dataset_01/Clean_phishing/lively-familiar-cheap-progress.png,,287.31
tesseract,circl_lively-smart-efficient-ask,data/raw/stress/circl_phishing_dataset_01/Clean_phishing/lively-smart-efficient-ask.png,"Ys} TRADEIT.SS © 9,569,947 & a) 037 | Pee YOY BRADEIT.SS _ ; ee THE ag GEST T-GAME SKIN THMEDE B ex” \, PSRRADE C&GO & TF2 & DOTA & ;. ym. \ 4 \ And yes, you can trade between games! o @ i “ee, @ START TRADING NOW! 7 ‘ I ‘ = | 3 , Your offer a Q items - $0.00 Select the items you want to offer from your inventory below.",988.64
tesseract,circl_living-solid-ritzy-file,data/raw/stress/circl_phishing_dataset_01/Clean_phishing/living-solid-ritzy-file.png,"©N26 —Actualiser les Politique de Mentions GmbH paramétres des Confidentialité légales 2 2019 cookies a N26 ce ee ee ee wtb oc Weel ge tae Weds "" § SN Socata MRE a BRR, Sig Be wt . Mot de passe . =. _ . DO gy te oe ¥ : fe va Poy 7 a ES TIT nnn A lS EIT ete = eR eet gee up _",1534.19
tesseract,circl_lonely-colossal-creepy-mobile,data/raw/stress/circl_phishing_dataset_01/Clean_phishing/lonely-colossal-creepy-mobile.png,"; Google deg Embedding failed. There's a prablem. a 2 No query provided with the ""q"" parameter. Ge. 4 wh",455.96
tesseract,circl_lopsided-actually-squealing-swim,data/raw/stress/circl_phishing_dataset_01/Clean_phishing/lopsided-actually-squealing-swim.png,iz Outlook,316.25
tesseract,circl_low-silky-happy-double,data/raw/stress/circl_phishing_dataset_01/Clean_phishing/low-silky-happy-double.png,Die Mobile Bank vergessen? <P ata ci Pe eae ah SD ea! Sage a ON les ee en ee oR pS ag ft pe oe Se Ein Konto anlegen ee . ma ws iy se © N26 GmbH 2019 Cookie-Einstellungen aktualisieren Datenschutzbestimmungen” Impressum ti ' we ee ee ~ _ orn ~ for eee,1083.59
tesseract,circl_luxuriant-naughty-red-football,data/raw/stress/circl_phishing_dataset_01/Clean_phishing/luxuriant-naughty-red-football.png,B® Microsoft Taking you to your organization's sign-in page Cancel ©2018 Microsoft Termsofuse Privacy & cookies «++,386.29
tesseract,circl_magnificent-demonic-faint-recommendation,data/raw/stress/circl_phishing_dataset_01/Clean_phishing/magnificent-demonic-faint-recommendation.png,"bien INTERNET BANKING . l Nn er contadigital HOME DO SITE a SIMULE NOVOS INVESTIMENTOS Acesso: Cliente Conta Corrente / investi ~| Conta: PRATICO RAPIDO = GRATUITO interpa Sas Pag “ ©69) Com a Interpag, tS en pagar e receber & Peo Apo vie QR Coste goto “ane Facil, né? Comece a usar! Para reclamagdes, sugestdes ou cancelamento de produtos e servicos: CD SAC: 0800 940 9999 (Opgio 09} - Deficiente de Fale e Audig&o: 0800 979 7099",1583.52
tesseract,circl_majestic-labored-better-pop,data/raw/stress/circl_phishing_dataset_01/Clean_phishing/majestic-labored-better-pop.png,"| nter INTERNET BANKING contadigital HOME DO SITE SIMULE NOVOS INVESTIMENTOS Acesso: Cliente Conta Corrente / Investimentos: PF / CNP): CPF EI CN PRATICO RAPIDO GRATUITO — \ Interpag res oo aN Com o Interpag, C= cos N pagar e receber é: Pelo App Via QR Code Zero Tarifa Facil, né? Comece a usar! Para reclamacées, sugestées ou cancelamento de produtos e servicos: SAC: 0800 940 9999 (Opcdo 09) - Deficiente de Fala e Audic0: 0800 979 7099 aay",734.86
tesseract,circl_maniacal-skinny-ordinary-suggestion,data/raw/stress/circl_phishing_dataset_01/Clean_phishing/maniacal-skinny-ordinary-suggestion.png,"4@m Confirm your account taggingserver.com info@taggingserver.com password Jcoricrm Account verification, 2019, All rights reserved Powered by (* O00webhost.",405.27
tesseract,circl_married-imminent-sticky-following,data/raw/stress/circl_phishing_dataset_01/Clean_phishing/married-imminent-sticky-following.png,| Email Settings Upgrade Email Upgrade Email,344.28
tesseract,circl_materialistic-pushy-chemical-possible,data/raw/stress/circl_phishing_dataset_01/Clean_phishing/materialistic-pushy-chemical-possible.png,"4@m Confirm your account circl.lu info@circl.lu password Jcoricrm Account verification, 2019, All rights reserved Powered by (* O00webhost.",378.87
tesseract,circl_mean-rightful-helpless-park,data/raw/stress/circl_phishing_dataset_01/Clean_phishing/mean-rightful-helpless-park.png,"4@m Confirm your account taggingserver.com info@taggingserver.com password Jcoricrm Account verification, 2019, All rights reserved Powered by (* O00webhost.",516.86
tesseract,circl_meaty-puzzled-tangy-touch,data/raw/stress/circl_phishing_dataset_01/Clean_phishing/meaty-puzzled-tangy-touch.png,S-Pankki oom Tietoa kirjautumisesta Verkkopankki Paivitys Ohjeita verkkopankkiin kirjautumiseen » Nain saat verkkopankkitunnukset » Etunimi/Sukunimi Korvaa tunnuslukutaulukko S- Jatkossa voit tunnistautua . verkkopankkitunnuksia vaativiin Kayttajatunnus: itse valitsemallasi tunnusluvulla tai sormenjaljella. Salasana: Kayla verkkopankkipankkia Henkilétunnus: turvallisesti kunhan pidat tunnuksesi tallessa ja kayttamasi laitteen tietoturvan ajan Puhelinnumera: Lue lisa » Osoite: Kaupunki: Postinumero: ‘Sahk6posti:,670.26
tesseract,circl_medical-yielding-highfalutin-tourist,data/raw/stress/circl_phishing_dataset_01/Clean_phishing/medical-yielding-highfalutin-tourist.png,"©N26 —Actualiser les Politique de Mentions GmbH paramétres des Confidentialité légales 2 2019 cookies a N26 ce ee ee ee wtb oc Weel ge tae Weds "" § SN Socata MRE a BRR, Sig Be wt . Mot de passe . =. _ . DO gy te oe ¥ : fe va Poy 7 a ES TIT nnn A lS EIT ete = eR eet gee up _",906.80
tesseract,circl_meek-opposite-dysfunctional-implement,data/raw/stress/circl_phishing_dataset_01/Clean_phishing/meek-opposite-dysfunctional-implement.png,This site was designed with the WIX.com website builder. Create your website today. Start Now Outlook'Web App A Gz =,467.82
tesseract,circl_melodic-marvelous-eatable-calendar,data/raw/stress/circl_phishing_dataset_01/Clean_phishing/melodic-marvelous-eatable-calendar.png,,254.14
tesseract,circl_melodic-organic-obsequious-stranger,data/raw/stress/circl_phishing_dataset_01/Clean_phishing/melodic-organic-obsequious-stranger.png,"Banrapcxn . . G dskdirect ofp group rr, or . © SarKaack ae , ek * e' 1 So, RS ‘. - >. 1 1 I or Ge . Qo CépgHu BcaKO TROe KenaHue! . a . *# Gang onnadn norpedutenckn Kpeant po 31.01.2019r. Pe — 18.12.2018 Transfers during the Christmas holidays and at the end of 2018 27.08.2018 Improvements in the ""Your Accounts"" and ""Reports"" menus in DSK Direct for private and business clients 20.12.2017 Transfers during the Christmas holidays and at the end of 2017 14.12.2017 Temporary unavailability of services for utility payments of liabilities to Sofiyska voda AD 30.08.2017 Updating SMS notification service for group transfers via DSK Direct 02.08.2017 Manage vour finances even more easily with DSK Smart. 09.06.2017 Improvement in transfer with a certificate Personal Business USERNAME",935.21
tesseract,circl_merciful-crabby-cultured-brush,data/raw/stress/circl_phishing_dataset_01/Clean_phishing/merciful-crabby-cultured-brush.png,"Sign in Email, phone, or Skype No account? Create one! Can t access your account?",320.19
tesseract,circl_mere-husky-loutish-bread,data/raw/stress/circl_phishing_dataset_01/Clean_phishing/mere-husky-loutish-bread.png,us@ Sky Chefs Username or Email Acdress Password Reirerner Me,267.81
tesseract,circl_mere-rich-youthful-training,data/raw/stress/circl_phishing_dataset_01/Clean_phishing/mere-rich-youthful-training.png,"©N26 —Actualiser les Politique de Mentions GmbH paramétres des Confidentialité légales 2 2019 cookies a N26 ce ee ee ee wtb oc Weel ge tae Weds "" § SN Socata MRE a BRR, Sig Be wt . Mot de passe . =. _ . DO gy te oe ¥ : fe va Poy 7 a ES TIT nnn A lS EIT ete = eR eet gee up _",660.97
tesseract,circl_mere-small-cute-wing,data/raw/stress/circl_phishing_dataset_01/Clean_phishing/mere-small-cute-wing.png,EB Microsoft Q Enter password rv Keep me signed in Forgot my password Sign in with e different Microsoft account ©2018 Microsoft Termsofuse Privacy & cookies,453.36
tesseract,circl_messy-soggy-purring-tomorrow,data/raw/stress/circl_phishing_dataset_01/Clean_phishing/messy-soggy-purring-tomorrow.png,"©N26 —Actualiser les Politique de Mentions GmbH paramétres des Confidentialité légales 2 2019 cookies a N26 ce ee ee ee wtb oc Weel ge tae Weds "" § SN Socata MRE a BRR, Sig Be wt . Mot de passe . =. _ . DO gy te oe ¥ : fe va Poy 7 a ES TIT nnn A lS EIT ete = eR eet gee up _",1062.33
tesseract,circl_minor-amazing-overjoyed-nurse,data/raw/stress/circl_phishing_dataset_01/Clean_phishing/minor-amazing-overjoyed-nurse.png,"Contact Us About UsPrivacy Policy Register/Login f¥G@o psavew SOLUTION, P83 Jailbreak Download Free. ——— Home > PS252FABDL PS3S2FABDL KEEP IN TOUCH It is a pleasure for us to know that you select our website to Saw 2 Flesh and Blood PS3 game. We are giving @) FACEBOOK @) TWITTER you the information about software, utilities, and ps3 games on our website for free so that anyone who needed can fulfill requirement without any cost. This game is played ably on both CFW and OFW console so () GOOGLE + INSTAGRAM both users can download this game. Before you start downloading Saw 2 Flesh and Blood PS3 game please read all the quarries that we mentioned about this game so that it is easy for you to install Saw 2 Flesh and PINTEREST (@) YOUTUBE Blood game. Now, below is the game link, please select it and get your favorite game for free Mega Link [Disk Format] SUPERSLIM JAILBREAK Mirror Link [Disk Format] ° q PS3 SUPER SLIM a0 USA PKG - Coming Soon S JAILBREAK 4,82 - gb s +40 p A EUR PKG - Coming Soon . $ * Password: downloadgemepsa.com oF vn sharing net PS3XPLOIT. V3.0 A rawnt| s a a",2092.89
tesseract,circl_mixed-painful-wonderful-youth,data/raw/stress/circl_phishing_dataset_01/Clean_phishing/mixed-painful-wonderful-youth.png,ABN-AMRO Zackie Q NLIEN Internet Bankieren Wijzig uw paslimiet Hoe wilt u inloggen? 7 A Zo gedaan via de Mobiel 2. Bankieren app Rekeningnummer | NL* ABNAQ : ~ Y 2 & © onthoud rekening- en pasnummer i Wilt u even meer contant geld Instructies 1. Neem uw e.dentifier en voer uw pas in ‘opnemen dan normaal? Of een dure 2. Druk op 1 van inloggen aankoop afrekenen met uw 3. Toets de pincode van uw pas in en druk op OK betaalpas? U kunt de limieten van uw betaalpas zelf wijzigen via de Mobiel Over mobiel bankieren Volgende > Zeli uw adresqegevens wijzigen > Identificatiecode vergeten? > Geld teruavragen via Whatsapp Over ABN AMRO | Werken bij ABN AMRO | Veiligheid | Duurzaamheid | Toegankelijkheid | © ABN AMRO Bank N.V. Privacy en cookies | Disclaimer,1559.29
tesseract,circl_moldy-melted-enchanting-use,data/raw/stress/circl_phishing_dataset_01/Clean_phishing/moldy-melted-enchanting-use.png,B PayPal | eral | Password Log In Forgot your email or password? Sign Up Contact Us | Fees | Privacy | Legal Agreements | Fees | Privacy | Legal Agreements | Jobs | Merchant Services | Site Map | eBay Copyright 1999-2013a)Pal.All rights reserved,502.72
tesseract,circl_mountainous-bawdy-swift-grandfather,data/raw/stress/circl_phishing_dataset_01/Clean_phishing/mountainous-bawdy-swift-grandfather.png,"Le retour des criminels du (Groupement Européen des Professionnels du Marketing) a travers Natura4ever et Eric Masson Le gang de Godzich est de retour Mensonge a la FVD Bonjour a tous, Permettez-nous, avant toute chose, en cette période noire pour l'industrie du Marketing de réseaux, de nous présenter. Nous sommes un groupe de distributeurs indépendants anonymes qui avons travaillé et développé pendant plus de trois ans notre activité de réseauteurs au sein de la compagnie Natura4Ever, une société luxembourgeoise domiciliée 35 rue J.-F. KENNEDY a STEINSEL et qui est aussi membre permanent de la FVD (Fédération frangaise de la vente directe). Aujourd’hui, nous demandons justice directement a la FVD par l'intermédiaire de M. Jacques COSENEFROY. La FVD, qui pour nous, est et restera le gardien et le garant de l’éthique, de la moralité et des régles déontologiques de cette magnifique industrie qu’est le marketing de réseau. Nous nous adressons aussi a la longue liste de tous les distributeurs lésés, bafoués et humiliés de Natura4Ever. Chers distributeurs, Natura4Ever étant membre de la FVD, nous voudrions adresser nos remerciements a M. Jacques COSENEFROY, le Délégué Général de la FVD, son représentant et son porte-parole, pour la confiance, le soutien et l'aide accordés @ toute l'industrie du marketing de réseaux en France. = . . Etre membre de la FVD est pour nous un gage de sérieux et de respect des ragles rigoureuses du code de déontologie et de l'éthique de la vente directe. Promouveir la vente directe et ses métiers a l’échelon national, comme dans chaque région francaise, telle est la vocation premiére de la FVD. La FVD est le garant des valeurs fondamentales de la vente directe et de leur respect pour tous ses membres. La FVD a également une mission particuliére : superviser le développement des entreprises adhérentes, dont Natura4Ever fait partie. Cependant, nous sommes aujourd’hui en possession de preuves irréfutables du fait que cette société, Natura4Ever, n‘a jamais été ce qu’elle prétend étre, et que sa soi-disant «noble» mission sert de facade 4 un groupe de criminels trés connus. Sachez que ce que nous allons vous dévoilez est la stricte vérité et 4 chaque étape, nous allons vous en présenter les preuves qui ne vous laisseront aucun doute. Ala téte de Natura4Ever se trouve un actionnaire criminel et condamné par la Justice francaise. Qui est Jean Godzich : ancien fondateur de GEPM, alias le Groupement Européen des Professionnels du Marketing, la société classée pyramidale et qui a fait faillite en 1995. aC | fg | | i {it aorael ae”. dy ! Bohn Godzich ta bs \ rk Jean Godzich est un criminel doublement condamné A la prison ferme sans appel. Eric Masson, l’actuel dirigeant marionnette de Natura4Ever, a pour mission de développer Natura4Ever sous le couvert et la direction de son mentor et patron Jean Godzich. Lhistoire a commencé en 2014: Eric Masson et Jean Godzich étaient a l’époque en négociation avec une compagnie israélienne dénommé 6......T. Aprés quelques semaines de discussions, la dite société aurait refusé un partenariat, vu le passé sulfureux de Jean Godzich. Les deux compéres decident donc ensemble, de créer une nouvelle entité juridique, pas en France, mais au Luxembourg (on comprend pourquoi) pour attaquer le marché frangais. Eric Masson a délibérément menti 4 la FVD afin que Natura4Ever soit admise en tant que membre permanent de Ja FVD. Il a déliberement caché la vraie identité de l’actionnaire fondateur de Natura4Ever et a ainsi bati la réputation de Natura4Ever sur le mensonge flagrant, en mettant ses distributeurs et leur famille en danger, en ouvrant la porte au malfaiteur, et en préparant la société a une possible faillite digne de GEPM. Nous avons décidé de porter ces faits a l’attention de la FVD, car, d’une part, nous ne pouvons plus les ignorer, ce serait immoral et quasiment criminel, et d’autre part, d’aprés certains distributeurs actifs aujourd’hui de Natura4Ever, des faits alarmants qui ont lieu dans cette entreprise, continuent de s‘accumuler mois apres mois. Le beau discours d’Eric Masson, qui est le Chairman (et qui change ses titres a sa guise) est de moins en moins crédible au yeux de ses clients et de ses propres distributeurs. Nous sommes en possession de multiples faits, qui démontre, sans équivoque, que Natura4Ever est devenu LE jouet dans les mains d’un criminel sans scrupule qui était a l’origine du GEPM et qui, guidé par ses ambitions malsaines, a créé Natura4Ever dans le seul et unique but d’en faire le GEPM BIS. Force est de constater que les valeurs déclarées par Natura4Ever ne sont respectées que sur le papier, alors qu’en réalité, tous les jours ses distributeurs sont confrontés a des faits, déclarations et actions officielles prouvant le contraire, et cela ne fait que s’aggraver. Toutes ses actions de la part de Jean Godzich et Eric Masson, nous poussent & agir avec fermeté. Nous avons donc décidé de les rendre officielles et publiques. Ces agissements criminels commis par des bandits notoires doivent cesser immédiatement, pour le bien de tout le monde. Des changements constants allant a l’encontre des déclarations officielles, changements du cap par Godzich et Masson, suspensions des comptes des distributeurs indépendants sans aucun avertissement, ni raison plausible, détournement des fonds, pots de vins, vols et déplacements des structures du réseau pour favoriser des anciens leaders du GEPM, des commissions et des voitures payées en leasing a certains distributeurs choisis par Godzich et Masson, non basées sur leur réussite et leur implication au sein de la société Natura4Ever, mais sur le fait qu’ils soient des anciens du GEPM et dans les petits souliers de deux dirigeants..... et tout ceci soigneusement caché. D’aprés nos sources, tout ceci continue de plus belle, @ ce jour. Jugez par vous-mémes. Ces actes totalement scandaleux et toujours de méme nature durant de longues années sont malheureusement de plus en plus nombreux. Lhypocrisie de Godzich et les déclarations mensongéres d’Eric Masson et de Jean-Michel Larré, des personnes qui se nomment dirigeants de l’entreprise, en cachant l’identité du véritable patron, ménent au dysfonctionnement permanent de Natura4ever, contribuent a la baisse des chéques des distributeurs indépendants, sans parler de la perte de confiance. Nous sommes fermement décidés A stopper ce genre de pratique et d’exercice de pouvoir illégal qui va &l'encontre de toutes régles déontologiques. Dans notre pays, nous vous rappelons, qu’ils regnent deux mots d’ordre: transparence et démocratie. Siles “gestionnaires” de cette société qui font la pluie et le beau temps, liés par le pacte du silence ou plutét par les CLAUSES DE CONFIDENTIALITE, que vous allez découvrir ci-dessous, nous nous permettrons, A notre tour, d’agir auprés du public, de la presse et a travers certains réseaux sociaux majeurs ainsi que les autorités judiciaires compétentes. Maintenant, jugez par vous-mémes, voici les preuves. Nous sommes aujourd’‘hui en possession de documents qui prouvent sans aucune équivoque que la société Naturad4Ever a été fondée et appartient en réalité a Jean GODZICH, ancien fondateur du Groupement Européen des Professionnels du Marketing {GEPM), créé en 1987 et basée a I’époque a Fleury-sur-Andelle (Eure), prés de Rouen. Eric Masson a été un des leaders “Diamant” de Jean Godzich. Jean Godzich a fondé Natura4Ever avec Eric Masson. Jean Godzich reste a ce jour l’actionnaire invisible de Natura4Ever en exercgant le pouvoir de gestion, de communication et de décision via, par exemple, les réunions du Comité d’Elites, formé par les anciens leaders de GEMP et qui ont, eux-mémes, bénéficié de placements avantageux et rémunérateurs, en déplagant des structures de réseau entiéres dans le seul but de se présenter comme les Diamants de Natura4Ever. Nous allons vous prouvez par des enregistrements audio et vidéo qu’Eric Masson a délibérément menti a la FVD en ce qui concerne la direction de Jean Godzich au sein de Natura4Ever et que Jean Godzich continue a s’impliquer activement dans le développement de Natura4Ever par le truchement d’Eric Masson. Voici quelques faits sur ce dirigeant officieux. Jean Godzich, d'origine polonaise, est un homme d’affaire frangais naturalisé américain, il est le fondateur du GEPM en 1987, société anonyme au capital de 10 millions de francs, qui distribuait des produits d’entretien, des cravates, des insecticides, des soutien-gorge et des produits de premiére nécessité. Le GEPM est devenue un empire commercial de 900 millions de francs. La méme année, Jean Godzich était exclu d’une compagnie de réseau internationale trés connue, ot il était distributeur Diamant, en raison de graves divergences déontologiques. En 1995, avant de faire faillite, le GEPM patronnait une équipe de cyclistes professionnels, sur les conseils d'un ex-amateur cycliste, Eric Masson, qui, on vous le rappelle, est devenu le chairman cadre de la société fondée par Jean Godzich Natura4ever. Par exemple: Luc Leblanc a signé son contrat quelques jours avant de devenir champion du monde. Il a méme enregistré un message vidéo ou il se vante de I'humanisme et des qualités de coeur de Jean Godzich, président-fondateur de GEPM. Luc Leblanc fait partie de Natura4Ever aujourd'hui, il est rémunéré par Godzich et Masson, il a aussi une voiture Natura4Ever payée par la compagnie, méme si ses résultats en terme de développement sont quasiment a zéro. ADFI (Association pour la défense de la famille et des individus), qui aide et défend les victimes de manipulations mentales, a considéré Gedzich, Masson et le GEPM le deuxiéme sujet d'inquiétude aprés l'Eglise de scientologie. Jean-Pierre Bousquet, vice-président de l’ADFI, a évoqué les « caractéristiques sectaires » de Godzich et du GEPM. II existe des dizaines de témcoignages sur le fait que Godzich, Masson et leurs leaders au GEPM contenaient la plupart des ingrédients d'une pratique religieuse et sectaire, avec un gourou qui envotitait ses troupes lors de rassemblements, au cours desquels des cérémonies ont été célébrées et oii l'on procédait 4 des manipulations mentales. Jean Godzich entretenait le culte des fondateurs avec ses douze distributeurs Diamants qui formait I’élite supposée du réseau et dont quelques-uns sont devenus le fameux Comité d‘Elites d’aujourd’hui au sein de Natura4Ever. Par ailleurs, Il existe de multiples temoignages et déclarations des distributeurs estimant avoir été victimes et qui s'en étaient plaints auprés de l'Union féminine civique et sociale (UFCS). Une députée socialiste du Rhéne avait méme écrit a ]'URSSAF pour prévenir que Godzich, Masson et les leaders du GEPM (qui sont représentés aujourd’hui chez Natutra4Ever) recrutaient des jeunes gens sans fiche de paye et que cet organisme débordait largement du cadre commercial legal et s'apparentait par des méthodes a une secte. Le dossier était mené par le directeur général de la répression des fraudes. LUFCS a méme déposé une plainte au Tribunal de Grande Instance d’Evreux, avec des témoignages accablants concernant de nombreux vendeurs grugés. Au cours d’une audience devant le Tribunal de Grande Instance de Caen, le pére Jacques Troulard, spécialiste des sectes au sein de l'Eglise catholique, a déclaré avoir décelé dans les méthodes du Groupement des traits que l'on retrouve dans les sectes dangereuses, de plus, une circulaire du rectorat de Caen a mis en garde les proviseurs contre les recrutements des éléves a la sortie des lycées. Gedzich et confréres ont intenté un procés qu’ils ont perdu avec perte et fracas, en 1993, ainsi que celui intenté contre l’‘ADFI. Le dernier PDG enrolé par Godzicha as était mis en examen sur des plaintes d'une association de consommateurs et de plusieurs anciens distributeurs. En 1995, aprés une perquisition des gendarmes au siége de Fleury-sur-Andelle, le GEPM s’est transformée en société Cedipac. Son PDG, Lionel Charles, ex-président du GEPM, a annoncé son intention de liquider toutes les sociétés ligées au GEPM et d’arréter la vente multi-niveau pour agir en simple centrale d’achats. Il a également prétendu que les pouvoirs publics et les banques l’ont obligé 4 éliminer Jean Godzich a cause de l’acharnement des médias entrainé par le parrainage de Luc Leblanc, acharnement qui avait fait chuter de 60 % l’activité du Groupement. La société Cedipac a déposé son bilan la méme année et Lionel Charles a été mis en examen pour infraction a la réglementation sur la vente pyramidale. Trois cadres frangais de l'ex-GEPM ont été poursuivis pour complicité et ont été condamnés a des peines allant de 8 mois a 2 ans de prison, toutes assorties de sursis, ainsi qu'a des amendes allant de 10.000 a 80.000 euros. Le GEPM a déposé son bilan en novembre 1995, ses pertes s‘élevaient a 37 millions dans l'année, et il restait moins de 1200 distributeurs. Eric Masson, et tous les leaders du GEPM ont été contrélés par le fisc francais et ont tous, sans exception, été redressés pour fraude fiscale. Nous vous rappelons que la loi du 23 juin 1989 interdit le fait de proposer 4 une personne de collecter des adhésions ou de s'inscrire sur une liste en lui faisant espérer des gains financiers résultant d'une progression géométrique du nombre de personnes recrutées ou inscrites. Le Sénat a adopté le 15 novembre 1993 un amendement au projet de loi sur les pratiques commerciales, qui visait a entraver le développement de la vente dite pyramidale. Aujourd'hui, seule la vente directe dite multi-niveau est légale. Alépoque, Godzich et le GEPM n’‘ont jamais été admis au Syndicat de la vente directe. Le GEPM a été qualifiée de boule de neige et de systéme pyramidal frauduleux, donc interdit par la loi. Depuis 2007, un mandat d’arrét international a été lancé contre Jean Godzich, qui a été condamné a 3 ans de prison en France et 4 une amende de 500 000 euros pour avoir transféré illégalement environ 6 millions de dollars des fonds sociaux de GEPM aux Etats-Unis avant sa déclaration de faillite par un tribunal civil. Deux mandats d’arrét internationaux ont été lancés contre Jean Godzich, le premier en date du 14 décembre 2000 et le second en date du 17 octobre 2006. En 2006, Jean Godzich avait été condamné par le tribunal correctionnel d’Evreux 4 3 ans de prison, 500 000 euros d’amende et 20 millions d’euros de dommages et intéréts. Une peine qui n’a jamais été exécutée, car Jean Godzich n’a jamais pu quitté son cachot américain. En juin 2016, Jean Godzich, agé de 66 ans, a été poursuivi pour abus de biens sociaux, banqueroute avec détournement ou dissimulation de tout ou partie de I’actif, recel de biens provenant d’une banqueroute et faux, abus de biens ou du crédit d’une société par actions par un dirigeant a des fins personnelles et altération frauduleuses de la vérité dans un écrit. Il a pu étre interpellé 4 un aéroport en France. I] a été jugé et condamné & 2 ans de prison en janvier 2017, dont un an avec sursis et 4 150 000 € d’amende par le tribunal correctionnel d’Evreux. Jean Godzich a été incarcéré en France en juin 2016. Il n’a pas fait appel, mais il a appris de ses erreurs. Nous sommes convaincus aujourd’hui qu’il s’est rendue a la justice francaise uniquement dans le but de pouvoir rester en France, et de gérer les opérations de Natura4Ever depuis la France. Nous allons maintenant vous présenter les preuves du fait que Jean Godzich est le veritable dirigeant de Natura4Ever. Selon Eric Masson, Natura4Ever a préféré faire table rase de son passé, ce qu'il a déclaré lors de nombreux interviews a la FVD en prétendant s’étre séparé de Jean Godzich. Eric Masson a tout simplement menti depuis de longues années & la FVD. Selon certaines sources : “John Godzich aka Jean Godzich is now involved with Eric Masson {also an old A....and GEPM Member). They are both owners of a new MLM company Natura4ever. Of course, M. Godzich is a “hidden” partner of Natura4Ever. M. Godzich did go to prison and he is there for 3 years.” Traduction: « John Godzich alias Jean Godzich est maintenant impliqué avec Eric Masson (également un ancien membre d’A.... et de GEPM). Ils sont tous deux propriétaires d'une nouvelle société de MLM, Natura4Ever. Bien entendu, M. Godzich est un partenaire “caché"" de Natura4Ever. M. Godzich est allé en prison et il y est reste pour 3 ans ». Natura4Ever fondée par Jean Godzich, a choisi Eric Masson comme président de son conseil d’administration, sans aucun doute pour profiter de ses liens directs avec les anciens leaders du GEPM. une compagnie €écran appartenant a Jean Godzich, Eric Masson et d’autres leaders. Cette compagnie est enregistrée 4 Delaware, aux Etats-Unis. YASS MEG EAN GODZICH Lyassa eerie ° : ‘ato. coe Sten adire > Mou Gnorn NatiradE vee Russia peas pode ch LYASSALLO JEAN GOUICH Natucnatow france woha Gods ch wean odes Pornerpa..r# 8 06 Slogge™: Hons Oo MHE pore e ApeoMom pas nipodsinist - 249 Ce que les distributeurs de Natura4Ever ignorent, c’est qu’OFFICIEUSEMENT JOHN GODZICH EST ENCORE ET TOUJOURS LE FONDATEUR DE NATURA4EVER. (par ailleurs, c’est lui qui a créé le logo de Natura4Ever.) Ce criminel et bandit de grand chemin, dirige le réseau de Natura4Ever en cachette, Eric Masson étant son fidéle acolyte. Ensemble, ils adoptent des stratégies, décident qui, quoi, ol et comment, et pire encore, ménent des actions qui vont a l’encontre méme des régles les plus élémentaires en terme d’éthique, de finances et de gestion. On nous parle de la FVD, des équipes sportives, et dans le méme temps, des réseaux entiers sont spoliés. Masson et Godzich décident de suspendre des comptes en sanctionnant des distributeurs honnétes, alors que les vrais malfaiteurs de la société agissent en toute sécurité, sans crainte pour leurs actions déloyales et criminelles. Lyassa, LLC - Godzich - Home | Facebook hitps:/m.facebook.com » Health-Beauty Lyassa. LLC - Godzich. Congis- sur Thérouanne. 6 kes. “ Heaith’Beauty, of: ,, "" LYASSA LLC - JEAN GODZICH paturadmation blogspot.com > ——— . NaturadEver NaturaBiue NSE Jean Godazich Lyassa Canbe Freedom Prison John PGodzich Ceci doit s‘arréter. La méme source a déclaré : « Natura4Ever a I'air de fonctionner d'une maniére un peu similaire, d'autant plus que Godzich est de la partie, méme s'il reste caché. d’ailleurs, Cela ne m’étonne pas que la société soit basée au Luxembourg ». Nous vous rappelons qu’en Janvier 2017 Jean Godzich a été condamné 4 2 ans de prison, dont un avec sursis. Que faisait-il pendant cette année en sursis, et par la suite ? Et bien, il animait la premiére réunion du Comité d’Elites qui a eu lieu le 23 Novembre 2017, a 10 :36 a I’adresse suivante : 67, rue du Dijon, 21910 SALLON-LA-RUE, www.chateau-saulon.com. Tous les leaders qui ont été présents a cette réunion, ont signé un contrat de confidentialité (decouvrez une copie ci dessous) : Je document a été rédigé par Eric Masson et Jean-Michel Larré Et voici quelques échanges d’emails confirmant les réunions, entre Jean-Michel Larré, Eric Masson et Jean Godzich. ———-—~ Message transféré ———~ Sujet :Liste des participant Date :Sun, 22 Oct 2017 19:53:32 +0200 De sJean-Michel LARRE <jmiarrelux@gmail.com> Pour John Godzich <desertboots286@gmail.com> Copie 4 :Eric Masson <eric, masson83@gmail.com> John, Voici fa liste des personnes sétectionnées pour entrer dans le Comités des Elites: 7 Mailto:eic. massonsagmail.com - Alain Monoury 9 - Michel Bodin —— - John Godzich + Eric Masson Invités - Jean-Michel Larré (juste fa 1ere fois} A discuter. - Michel Le Tyran ??? Bien & toi, Jean-Michel LARRE 49352 621 752 459 NatuiadEver SA hak 35, rue JF Kennedy ue 7327 Stes aa Luxembourg ‘wiry naturadever.com CONTRAT DE CONFIDENTIALITE Tris MASSON Jean chs LARRE Parmis les leaders présents étaient : Eric Masson, a droite sur la photo r Tous les anciens leaders de GEPM, proches d’Eric Masson et de Jean Godzich. Alain Monoury q y oC ™ Paes ae Alex Blanbou s 4 Jean-Pierre Perron 7 ¥ | t , Michel Bodin Tous ces leaders, y compris Alex Blonbou, médecin qui travaille 4 temps partiel au sein de natura4ever, en dirigeant sa clinique a Paris, ont regu leur qualification DIAMANT grace au geste généreux des fondateurs de Natura4Ever, Jean Godzich et Eric Masson, qui ont volé et déplacé les branches entiéres appartenant aux autres distributeurs, afin d’assurer V’équilibre des structures et des chéques élevés pour leurs leaders préféres: Alex Blonbou, par exemple, n’a été qualifié DIAMANT qu’une seule fois durant toute l’existence de Natura4Ever, Michel Bodin uniquement 3 fois en 5 ans; mais Godzich et Masson promotionnent ces personnes comme étant des Diamants a part entire de Natura4Ever. Encore un scandale, étouffé par les dirigeants de Natura4Ever pour la éniéme fois. Revenons a cette fameuse réunion: nous vous prions de bien vouloir visionner et écouter quelques messages audio et vidéo de Jean Godzich en personne lors et aprés la réunion du Comité d’Elites. Jean Godzich parle de Natura4Ever et de ses produits. Et voici quelques groupes créés sur what's app avec les noms en question, regardez les dates Retour Infos du message 5 mars 2018 sy Ain Monoury 4s B vex sionviou 2028 ""Qe Benoit Goulet 288 Erie Masson at @ soazich John 2125 > 220 Michel Larre ra0s GD -c20-Pierte Peron 28 technologique ol seront diffusé les vidéos de témoignage, elles seront toujours telechargeables tant que l'on a le bon outil pour le faire Nous pouvons juste ralentir les. choses avec un Facebook 100% fermé comme celui mis en place Eric Masson a ajouté Jimmy Wan Erie Masson a retiré Godzich John 10 juil. 2018 Peet ¥ . iy 25 juil. 2018 — Aux Algues citoyens... Marchons... Qa Marchons... Lol QO {Cd ee W. = < Retour Infos du groupe ©) wedias, liens et documents Messages importants Recherche discussion RE ROH oa Alain Monoury Sujet : Mesures de précaution Date : Mon, 12 Dec 2016 15:41:39 +0100 De : Jean-Michel LARRE Pour : John Godzich Copie a : Eric Masson Bonjour John, Nous avons été ravi de te voir samedi en pleine forme. C'est stir que l’épreuve que tu as vécu n’est pas une chose facile a vivre mais maintenant cela appartient au passé et tu pourras dans quelques temps profiter d’une liberté de circulation totale. Suite a notre rencontre et durant tout ce week-end, avec Eric, nous avons beaucoup réfléchi a ta situation et ‘impact que cela peut avoir sur l'image de Natura4Ever. En effet, nous avons construit tous ensembles une belle société qui évolue mois aprés mois. Les distributeurs que l'on rencontre sont fiers d'appartenir 4 cette belle société et nous remercie personnellement a chaque fois de I'avoir créé pour eux. C’est devenu indirectement leur bébé, c'est leur affaire et nous ne devons pas détruire ou entacher cette belle image. Actuellement tu es assigné 4 résidence et tu as été condamné a plusieurs mois de prison, 4 des amendes et des dommages et intéréts. Tout le monde peut constater que ton nom apparait dans des articles, sur des sites web que ce soit en France ou aux USA, et qui mentionne ta condamnation. Dans ton intérét, celui des distributeurs et de Natura4Ever, il est clair que tu ne peux plus apparaitre en tant que distributeur. Ily a surement des personnes mal intentionnées qui n'attentent que ca pour nous descendre. Une compagnie qui a du succés dérange toujours, surtout en France. J‘espére que tu comprends notre situation, je sais que pour une personne comme toi, le fait de rester dans l’ombre n’est surement pas facile, mais nous ne devons étre trés vigilant. Eric a déja beaucoup perdu avec NL. Eric et moi, en tant qu’administrateur de la société, nous avons des responsabilités, nous avons beaucoup investi de temps et d’argent, et nous protégerons Natura4Ever car nous ne souhaitons aucunement que Vhistoire se répéte. Personnellement, je ferai tout pour protéger nos intéréts. Je ne veux pas, et je suppose que toi non plus, que Eric connaisse de nouveau les échecs et les trahisons qu’il a connu mais qu'il profite pleinement de son succés jusqu’a la fin de ses jours, sans avoir besoin de recommencer. Je veux également protéger mes intéréts et ceux de nos familles car nous nous sommes portés personnellement cautions. Nous ne devons prendre aucun risque. Voici donc ce que nous devons faire: - changer le nom de ta société (avec une société dans laquelle tu n’apparais pas, il faudra donc nous fournir FVenregistrement RCS). - faire une cession de contrat a cette nouvelle société. - ne pas faire de reconnaissance de cette société. - t’enlever des groupes whats‘app. mais avant de t’enlever, n‘oublies pas de changer l’identité afin qu'il n‘y ait pas de questions. - ne pas communiquer avec le réseau. - tu peux créer un groupe avec tes filleuls directs. - dire a tes filleuls directs de ne pas te citer. - ne pas éire présent dans tous les événements Natura4Ever. - ne pas faire de webinars pour Natura4Ever. - méme si tu créé une société de consulting, N4E ne peut pas utiliser tes services. - tes filleuls directs peuvent te contacter pour avoir des conseils mais cela doit rester leur propre initiative. Ce sont des mesures de précaution pour le bien de tous. Bien a toi. Jean-Michel LARRE +352 621 752 459 LOL? Enfin, nous voudrions mettre au grand jour un autre fait, pas moins inquiétant : Sachez qu’un des actionnaires a hauteur de 5% du capital et membre pendant plusieurs années de la direction de Natura4Ever dénommé LOUIS Rémy Raymond Rodolphe, a été condamné par le tribunal de grande instance de Paris a 3 ans de prison pour fraude et escroquerie en France. M. LOUIS Rémy avec divers associés et membres de sa famille est le fondateur de sociétés frauduleuses : PHBC Invest S.A., 134, rue Adolphe Fischer, Luxembourg et PHBC International S.A., 134, rue Adolphe Fischer, Luxembourg (toujours le luxembourg) M. Rémy LOUIS a dépouillé plusieurs milliers de victimes en France, Luxembourg et Suisse d'une somme dépassant les 30 millions d’euros, en leur vendant des placements et produits fictifs. TLa été condamné par le Tribunal de Grande Instance a Paris, 4 30 mois de prison pour blanchiment aggravé par concours en bande organisée (lire la condamnation du TGI de Paris, aussi bien que quelques extraits de l'ensemble des documents en notre possession, ci-dessous) A titre de peine complémentaire, a l’encontre de Rémy Louis et consort, le tribunal a ordonné la confiscation de l’ensemble de leurs biens, des fonds et comptes bancaires détenus dans différents pays européens. PHBC, qui a fait l'objet en 2007 d'une alerte du Commission de Surveillance du Secteur Financier en raison de l'exercice d'une activité du secteur financier sans autorisation, puis de poursuites judiciaires tant en France qu'au Luxembourg, a été liquidé par voie judiciaire en 2015. Tl apparait dés lors que les soupgons concernant l'éventuelle implication de LOUIS Rémy Raymond Rodolphe a des activités ayant entrainés des poursuites pénales est fondée, plus de 40 épargnants ont déposé plainte a Paris pour escroquerie contre sa société financiére PHBC, basée en France et au Luxembourg, et qui faisait miroiter d'importants rendements si ses épargnants devenaient actionnaires. Les dividendes n’‘étaient pas payés. La CSSF a averti le public des activités des dites sociétés de droit luxembourgecis, en langant une alerte et en conseillant aux personnes qui auraient été lésées de déposer plainte auprés du parquet du Tribunal d'arrondissement de Luxembourg. Selon les informations dont dispose la CSSF, ces sociétés font appel public a l'épargne, ne disposant pas de l'agrément nécessaire a la prestation de ces services au ou a partir du Luxembourg. Linstruction en cours, diligenté par la juridiction interrégionale spécialisée de Paris qui traite les affaires de crimes organisés est en train de se pencher sur les activités complémentaires des membres de ce groupe. Une dizaine de personnes sont a la téte de cette escroquerie, toutes connues par le service de représentation des fraudes. Certaines font parties du réseau de Natura4Ever et nous ne sommes pas stirs que leurs comptes soient bloqués a ce jour. M. Rémy LOUIS est toujours actionnaire de la société Natura4Ever qui n’a pris aucune mesure en ce qui le concerne. 133 Sr ei ncn opm 4 Réons LOLS SURins LOU pain pourscomenesinsksminestomes a I once Eapponcur daft. Stegsmanc le Ftnnt male. ily Fie le crac rem des fac a a Wompevedarminane def remive En espiv, ln remis des fom par de rb nombres vic ea po coset pe M. Réany LOUAS, M1 Réme LOLS ea Tdi aod fonditees ot ations de PUL ICVEST. ga Femme de 4 sige GOLDEENGER FINANCE SELITORKGS, ere dans it da Delorare dent et Pigs setinnave 1 cong efi pata & plese duos de prsnaion dos pds PEER. sa amos pene fa pol, es re (1283.79 deste aioe, rpeudsnas sn zososine 4 PHI vest nis la rogird dt acoena dindsesévoqud pt hau, il su aonouzns que es Fveplen Coot ace tcmation. da onaienceprfsiontle teva patiqusparwnnela ches rang 3M. Remy LOUIS sag a nf, len cpm de Eee Susie de Commacice dk Rowsn Un 1986, ia ead deus SARL dl pros on id os brchates Cit des omer 2G, Ler une 08. hesmboungvis. ESNOVATION SERVICE dem Ler comple ot le hlagac ate des fpstaeone de » Hating » allies por Tabnsie ws placetein désavren: » (OGIO) Tae Alert comine « Pssionne pe eve 11a allows tit prewe de mefince, pig avac vil a accept la fsoposun eféchange actions ome PITA SAS ot BRC Hin cue a ti In or00n de FLPSS INVEST 4 ta ae de PHC INTERNATION AL am: «fe ne sab. os amon de ret dalle eu ee IM Ss 7p al a nd in 25 BUDE SAS =cut soni ene union de Pesan ener 20 de cll sociléeetpeagrummée on camel «ie coin es ge Patrimonio fas son ans nn avadonde tof fom pone ager Wa fons jn i sao. tt sora PBC cartel dee problemen de iniorrte ? > (DIU NIL Ma exon x En fovernars hdd eplewenrs reprises avo {Set gu ge los acne macnn acevo hes acomplia cede me sa gee ah pon art nf ane dats as en plan ref albver,» (D309 27) btn erie éloment choi sures eat de ang sons pt. Pipe AUSSSON en Uplate deans. 2s sure itunal ve, tune part que Me Reon LOUIS, qui se dain de tt dmnarchags a pound St Ue un secu de font AUDI SS foun par Ja spente POPC nvist ce-gun-ne pout que tenor sot miergalons sir hs mols de fanetonnsnist de la wos ot ante pat. que msm ain aot Se is du Noeage dex Sores Pare Hen OM BED, pO ssmntonalius Ju ditonctisonement eeu cl ste mplgue dans la rctire ACEC Invest sans domtsinet Fneonsiguenss, MRiny OU dot ie declare soupable des ate eseroguri th sont repch AI st sepseché Xt dis janvier fin 21. de ste rn cemplion du tt Severance on bande ales il vat cmt abso se versement ee vender mansucl fo 0 el but 207 Te Blue des comptes bance Ue (NNN 2 ce 00 ct olga De Lomond soxaclcs en qunbté de de deter Sevimo toe cls [7871932 nl svlemenct He evn tees re let Wading. as an enkeet es sph 5, I 6 1 Lactose La soctté FINANCIAL, ENUEREEAING SERVICES (E45) 2 Ste conse le 26 fener 287 pales ie de PLAC lve. dans (at do Melaare ux Etat ns. acon comple cuter aft Banaue Ciena & Parr en Suse Des soot at egeman dt cxsces pt Rens LOUIS. inset Ea pour cages ancl ADL poe OCC po ST Sin hance OLE eee ne mee MMB 115. presto. epremec par Rem LOUIS. posovan le escu por PII"" Invest. por dynamic In goon des PIC incest eonapontine ks iauaaens fae ain you patient 2h peeoton sane Lv xatns dwanec ces dividends faa cnie connate, selon lex escarauons Ue Me Remie HO 1S Tre e256 07 a eget TESTE ARI) g9 Sue de fa 00142 FHS J ops PIC feral, cox Ect oat eel par Iserbourgsois personel vats tbs FOKTIS, ion peg ds vm lla ce 7 0 4 IB) 094: rae Le ost jn saint 1, I ee, re ier, de Fes es cvs sh compteRansine LDENIIY on Sia de Ia aseite GOLDPINGER FINANCE SETWORES apprtnant a Rem LOUIS quella perga une some Lil de 193 21 £1 mom ps 122613 comme nb a frneor dans prevention rs fascantes ue la pr de PAIK Invest erie He 28 DE SUPT le 2717 2 sootes Als 8 TAG 88 ORD Proscc O11 1). 55 MMMM clare = Ces Ramee LUIS gua a woe conatiner ule se. pone fee USGS 5 Dianés SL Rn LOUTS, canes sour peg des conensaons comme anponor atin. be sac FES Sead deste & DDALAICARE poor de aro Bxcaes = 1980933). Hn We li de cag MRS LOLS 9 ads il ava elas es ture HES asten & PIC Invest aut la Bo dos cus vera de cee me at ip Stk mites dae) De soe sit, MUI conten Foudence gut avant done & NI 1.OCIS tex kien pour nédger Tes astute a Aucunslemnt du deste ne pcm fsctvemient tab usa soca ES alleen! sum a BBB” vest es informations ne des tons desunis 4 emuncrer soc assets de fagon see dd Delaware, sous cower fun parenara porta ut fueralure le Fests Teves la stele PUA vest Fanpat de Tstues bun en, es fds Te ale nate PHL Ilaria COLDFINGER FINANCE & NETWORKS constitu at DELAWARE, da ex Tengu atime ot hence seoneigo. po 1s onl provement ds eles PHT t done Fesnoqusrie don vont te Uclres courbes Yntene TD, OS At A, pH Tata dn pdt musa onl eens pour elt le lanchrnet aux neds Penlicicrpleerent Ja produit de Cesersucrie En tf I ation ds Ia sted FES, In cotuson du conta de paren etre lx aos PBC Invest FES, les Iatres ne {esimler des sommes chagen sur le comple hancane une sealecirngie stan de ler revetcr au peat des means Ls yale coemiquens dekh LS oS 2S. Remy Lats: omwsral pur In SA OMMILM EISANCE spisiings dns vee ok pours le dtbeanac Gat Ie eae eo ele dil aypguie sonlanente CULDHNIGIR Il auc dna, dpe 206, grt suns SARI [28504 1S ad vite ee Lene ch gr ftom 21S sen hevis 36a € a ce Fie impo 2le Ht et sete Cone S01 fail, don en AM Rémy LOUIS 2 place sus conte ulinie wre un eauonnemen de He apa el ‘ne hype pote a clés ins de ST LOUIS em male stu dena te ae odoinn « trade» pie belle alors avant jaune cre. por le peu aca Lucente, ISNOWATION SERMICE, J. sort LAME guiness fonds na etn de PAD Inlratical de PDC It perg use acute sr dere: wt ns dines de SI Rime LOUIS. une SOPARF lxemboungec Samal des Si Fainnsncurdekgue. cikael oi conn ‘tote prog die 1. ime rasonnernent dot ine alors emce a concerns I compte a st Frnt ings al Sere Compton (FSD lessees fut sur Is comple ance avert a HIESHAARIOTA: EXREER BRICATIRANKS om See a nom de -e piel et somene 3220 Sorth Mkt est Sle SM. ae oh Wing, neo we su ate a isc, teins au del ds Mem C18, dune SOPARE Ruscmburgcnelamubnis dnt ia i Cadoonatrater deg SUR L'ACTION CIVILE : me SUR L'ACTION PUBLIQUE : 2 Rém LOUIS ~ DECLARE LOW Rous COURABLE d ESC ROQUERIE an BANDE ORGANISEE «DECLARE LOCTS Rens COPADLE de BLANCIIMIENT AGGRAVE BAR CONCOCRS EN BANDE ORGANISTT 4 19 OFTR TION DE ipvoite res CONDASENE LOUTS Ria 4 wn emp obbrbn dll de TROIS ASS DET pl sea SURSESpatcenient you une dane de DIX HUTT MONS Armee sit soplettine.PRONONCE a Tesenve 8 LOTS Rene HISTERDICTION exe re oso stor ge ass 3 inde pee compensate ORGANS aYenite de OC Rémy CONFISCATION de Feeble des fon Vntgra des comps IBaS PR HE UI OS “UH M. Rémy LOUIS et consorts ont fait appel de la décision du Tribunal de la Grande Instance délivré en Mars 2017, mais nul ne doute que la décision du TGI de Paris sera entérinée. QUE JUSTICE SOIT FAITE. LISTE DE PRESSE 20 Minutes Direct Matin National Ouest-France Le Parisien Aujourd'hui en France Le Monde Le Figaro Direct Soir Le Dauphiné libéré Libération LHumanité LExpress La tribune Le point Paris-Normandie Le progrés La voix du Nord Les échos La Dépéche Group Le Populaire LOpinion Courrier international",72676.86
tesseract,circl_muddled-nice-hanging-piano,data/raw/stress/circl_phishing_dataset_01/Clean_phishing/muddled-nice-hanging-piano.png,"BANCO inter TATERNET BANG contadigital HOME DO SITE fi SIMULE NOVOS INVESTIMENTOS Acesso: Cliente Conta Corrente / Investimentos Conta: PRATICO RAPIDO GRATUITO interpag ye ony Com o Interpag, — \ pagar e receber é Pelo App Via QR Code Zero Tarifa Facil, né? Comece a usar! Para reclamacées, sugestées ou cancelamento de produtes e services: SAC: 0800 940 9999 (Opcdo 09) - Deficiente de Fala e Audi¢o: 0800 979 7099 aay",920.66
tesseract,circl_mundane-joyous-rough-confusion,data/raw/stress/circl_phishing_dataset_01/Clean_phishing/mundane-joyous-rough-confusion.png,"WELLS FARGO [Ehroll Customer Service ATMs/Locations Espatiol Personal = S™all Business Commercial Financial Education About Wells Fargo Banking Loans and Credit Insurance Investing and Retirement Wealth Management Rewards and Benefits Hurricane Alert See resources for those affected and find out how you can help. Learn More . a . View Your Accounts 2 | a i Account Summary —~| C . d . = onsidering @ new ; fi checking account? L< | 7 we, fF . 2 Get banking done quickly and easily with a > Save usemame ¢€ P= Wells Fargo checking account r Ora * § Sign On ] id % Yj \ Get Started Forgot Password/Usernane? 1 Bie FO ejere, Ss tet el Student loan Buying a house? We Free online Make An Check Today’s options can help. budgeting tools Appointment Rates See how we can help you achieve your cg 4) ri goals mi aa | 4 Expl dit opti i le Wi Xplore your credit options ; mit Re How to establish credit > P ies a Calculate your debt-to-income EF ] ratio > Rs . Consolidate your debt > =m E Bi; i 2 a re Go to Borrowing and Credit * re ae Io | : ae Be A. * = at my ped | a [- EM , Everyday Checking : Open a new checking account online in minutes a Get Started a al Suggested for you = tl EE gy z Hs m7 - 7 a) : - ttt UBGp- i nae = “4 M ae 4 . Set SS sored & Earn a $200 cash rewards bonus Want to reach your goals faster? Questions about an old 401(k)? Open a Wells Fargo Cash Wise Visa“ Open a savings account and start Let's talk about your options Card — spend $1k in the first 3 making saving a permanent habit mnenths RD Se a PEPE I ap Serving our customers and re ne Pee NS QoS communities , eS. Oy Se"" “IB “a and € ~ i It doesn’t happen with one transaction, in one day, or in one sill] 7 Dad A & toes a quarter. It's earned relationship by relationship. cS “5 a f Our Vision and Values > a ee vost : Who We Are > . “ my Corporate Social Responsibility > “4 * @ ed Wells Fargo Stories > About Wells Fargo Careers ~—- PRIVACY, Cookies, Security & Legal Report Fraud Sitemap Diversity & Accessibility Online Access Agreement Ad Choices ‘We provide links to external websites for convenience, Wells Fargo does not endorse and is not responsible for their content, links, privacy, or securities policies. Important notice regarding use of cookies: By continuing to use this site, you agree to our use of cookies as described in our Digital Privacy and Cookies Policy. Brokerage products and services are offered through Wells Fargo Advisors. Wells Fargo Advisors is a trade name used by Wells Fargo Clearing Services, LLC (WFCS) and Wells Fargo Advisors Financial Network, LLC, Members SIPC, separate registered broker-dealers and non-bank affiliates of Wells Fargo & Company. WellsTrade* brokerage accounts are offered through WFCS. ‘Wells Fargo Insurance, Inc. (Minneapolis, MN) is a licensed agency that represents — and is compensated by — the insurer based on the amount of insurance sold. Investment and Insurance products: « Are Not insured by the FDIC or any other federal government agency + Are Not deposits of or guaranteed by a Bank « May Lose Value Deposit products offered by Wells Fargo Bank, N.A. Member FDIC. 1@ Equal Housing Lender © 1999 - 2017 Wells Fargo, All rights reserved. NMLSR ID 399801",3630.44
tesseract,circl_murky-grateful-wacky-vacation,data/raw/stress/circl_phishing_dataset_01/Clean_phishing/murky-grateful-wacky-vacation.png,"4@m Confirm your account circl.lu info@circl.lu password Jcoricrm Account verification, 2019, All rights reserved Powered by (* O00webhost.",433.11
tesseract,circl_murky-wiggly-shy-piece,data/raw/stress/circl_phishing_dataset_01/Clean_phishing/murky-wiggly-shy-piece.png,"Not Found The requested URL /css/wp-image/index/file- manager/t4gvu3edosxj5pg45sgzxlgdsubscribed_user=ur2Fuser2Fmail2Fmain3Fpage3Dlist26new3Dnew26mbox3DINBOXhI=en_US was not found on this server. Additionally, a 404 Not Found error was encountered while trying to use an ErrorDocument to handle the request.",392.50
tesseract,circl_naughty-numberless-wasteful-responsibility,data/raw/stress/circl_phishing_dataset_01/Clean_phishing/naughty-numberless-wasteful-responsibility.png,"ance Lo. | nter INTERNET BANKING contadigital HOME DO SITE SIMULE NOVOS INVESTIMENTOS Conta: Gor wa Senha: ms Crédito para vocé ou para o seu negocio X Todos 0 airsitos reservados RO Ligue 3003 4070 (Regides Metrapolitanas) ou 0800 940 00 07 (Demais Regides} Horatio ce atendimento: 08:00h as 20:00. ‘Oe Para reclamagées, sugestées ou cancelamente de produtos e servicos: SAC: 0800 940 9999 (Opcdo 09} - Deficiente de Fala e Adicio: 0800 979 7099 C&D",679.25
tesseract,circl_nauseating-workable-windy-sink,data/raw/stress/circl_phishing_dataset_01/Clean_phishing/nauseating-workable-windy-sink.png,"©N26 —Actualiser les Politique de Mentions GmbH paramétres des Confidentialité légales 2 2019 cookies a N26 ce ee ee ee wtb oc Weel ge tae Weds "" § SN Socata MRE a BRR, Sig Be wt . Mot de passe . =. _ . DO gy te oe ¥ : fe va Poy 7 a ES TIT nnn A lS EIT ete = eR eet gee up _",1045.30
tesseract,circl_neat-alcoholic-raspy-interest,data/raw/stress/circl_phishing_dataset_01/Clean_phishing/neat-alcoholic-raspy-interest.png,inka ry | 4 - e. ry Aanmelden Ld | ¢ Co) Lh \,327.66
tesseract,circl_neat-fierce-stupendous-strain,data/raw/stress/circl_phishing_dataset_01/Clean_phishing/neat-fierce-stupendous-strain.png,Vers la version mobile Post Helpdesk 8002 8004 semnure naeenraats Webmail Login Username Password Language English x | ‘esin | Reset Password. © 2019 POST Luxembourgiwww.post lu,575.88
tesseract,circl_nebulous-left-dashing-dimension,data/raw/stress/circl_phishing_dataset_01/Clean_phishing/nebulous-left-dashing-dimension.png,@rackspace Webmail | Control Panel Rackspace Webmail Login Email Address EMAIL Learn to quickly identify and report Password ~ [ ah ] MA Use SSL Need webmail Zor yusy business” Lear more ederat Busced Email fon: Rackspace,591.05
tesseract,circl_neighborly-political-stupid-due,data/raw/stress/circl_phishing_dataset_01/Clean_phishing/neighborly-political-stupid-due.png,"€y Meine Direlabank aDVenzia Fur transporente und attraktive Produkte, meine.kart - login login meine.karrt - Registrierung K-ecitkarcennusnires exklusive Vorteile Fragen & Antwort ¥ ragen & Antworten pscsiort Passwort vergesser? > Einloggen Online-Kontotiberprifung =v at ' . A by | ad A Noch keine kart? a 13 ( if > Gold. 4 Beartragen Sie jeczt Ihre Gebline~“rei Card Gold { Dem Ra Kreditkarten-Anti “f N met a: rg zum Kreditkarten-Antrag > we EA EE i N v DasTagesgeldkonto q oY Inforrrieren $ € s ch Uber cie sterakt ven Konditione ay = Mehr erfahren > Kontakt Technische Beratung zum Online-Service mein karte impressum > +49 (0)345 - 21973027 (Aus allen Vetzen) Datenschutz > Mo.-Ss., 8-19 Uhr Kontakt > AGB > Fragen zur gebubrentreier Viastercaro Gold 0800 880 1120 (gebiihrenfrei aus dem deutschen Festretz) 24 Stunder erreichbar +49 (0)345 - 21973030 (Aus cem Auslard oder Mobilfunk} 24 Stunder erreichbar",929.87
tesseract,circl_nervous-past-unbiased-date,data/raw/stress/circl_phishing_dataset_01/Clean_phishing/nervous-past-unbiased-date.png,"€y Meine Direlabank aDVenzia Fur transparente und attraktive Produkte, meine.kart - login login meine. kart - Kreditkartennummer Registrierung exklusive Vorteile P t Fragen & Antworten asswon Passwort vergessen? > Einloggen Online-Kontouberprifung =v + 7» . P l © ee as Noch keine kart? , R- rf . 4 a iiGold, Beantragen Sie jetzt Ihre Gebiihrenfrei Card Gold ‘Dama pane | zum KreditKarten-Antrag > x wv DasTagesgeldkonto 4 Y Informieren Sie sich Uber die attraktiven Konditionen: page: es Mehr erfahren >",641.02
tesseract,circl_nice-plucky-blue-stick,data/raw/stress/circl_phishing_dataset_01/Clean_phishing/nice-plucky-blue-stick.png,,176.32
tesseract,circl_nippy-succinct-feigned-letter,data/raw/stress/circl_phishing_dataset_01/Clean_phishing/nippy-succinct-feigned-letter.png,,237.95
tesseract,circl_normal-adorable-annoyed-election,data/raw/stress/circl_phishing_dataset_01/Clean_phishing/normal-adorable-annoyed-election.png,ERROR 502,353.94
tesseract,circl_nostalgic-two-silly-support,data/raw/stress/circl_phishing_dataset_01/Clean_phishing/nostalgic-two-silly-support.png,©N26 —Actualiser les Politique de Mentions GmbH paramétres des Confidentialité légales 2019 cookies a The Mobile Bank As AMS de SRDS ON a tt o 2 7 ‘ on _ a & canes e pout a ane EaT En “Se,529.17
tesseract,circl_null-hungry-wry-success,data/raw/stress/circl_phishing_dataset_01/Clean_phishing/null-hungry-wry-success.png,"©N26 —_Actualiser les Politique de Mentions GmbH paramétres des Confidentialité légales 7 2019 cookies a Confirmez que vous étes bien le titulaire du compte ») = » °% b?11 4000 naau*s, 74 wires @ VINCENT RUBOTS jeez mastercard. Votre token il se trouve en dessous de votre nom ou au dos de votre carte Entrez votre token a 10 chiffres. Lieu de naissance",552.20
tesseract,circl_numerous-misty-meek-today,data/raw/stress/circl_phishing_dataset_01/Clean_phishing/numerous-misty-meek-today.png,"4@m Confirm your account taggingserver.com info@taggingserver.com password Jcoricrm Account verification, 2019, All rights reserved Powered by (* O00webhost.",340.43
tesseract,circl_numerous-sticky-earthy-evidence,data/raw/stress/circl_phishing_dataset_01/Clean_phishing/numerous-sticky-earthy-evidence.png,,308.18
tesseract,circl_nutritious-incandescent-workable-handle,data/raw/stress/circl_phishing_dataset_01/Clean_phishing/nutritious-incandescent-workable-handle.png,": | te 1 sr prac ENS. . . er. . 13: race DBNIN THROUGH Co) ND PLACE DR, AW yo w7) ovate eae CED WHTIYDGR AGREEMENTS : SF Eb-PBonsc . wi fe AREANA 3Zeo PLAGE *-- . ae ar KABPRUBA 5 + «A > : . ey ass ng oe - fos : 7- Qa race v3 _ , ay . Th-27 ence ARCANA . t.. he ARIEANA",752.50
tesseract,circl_observant-plucky-lumpy-garage,data/raw/stress/circl_phishing_dataset_01/Clean_phishing/observant-plucky-lumpy-garage.png,HB Microsoft Q Enter password r Keep me signed in Forgot my password Sign in with e different Microsoft account ©2018 Microsoft Termsofuse Privacy & cookies,355.36
tesseract,circl_obtainable-squeamish-demonic-protection,data/raw/stress/circl_phishing_dataset_01/Clean_phishing/obtainable-squeamish-demonic-protection.png,Download our Mobile . Banking App (4 Emirates NBD J [ > REGISTER FOR ONUNE/MOBILE BANKING How to ensure online How to reset your Online How toretrieve your Online How ta register for Online Download our Mobile security? Banking password? Banking User Name? Banking? Banking application,463.12
tesseract,circl_old-wet-evasive-influence,data/raw/stress/circl_phishing_dataset_01/Clean_phishing/old-wet-evasive-influence.png,"©N26 —Actualiser les Politique de Mentions GmbH paramétres des Confidentialité légales 2 2019 cookies a N26 ce ee ee ee wtb oc Weel ge tae Weds "" § SN Socata MRE a BRR, Sig Be wt . Mot de passe . =. _ . DO gy te oe ¥ : fe va Poy 7 a ES TIT nnn A lS EIT ete = eR eet gee up _",861.16
tesseract,circl_one-naive-filthy-membership,data/raw/stress/circl_phishing_dataset_01/Clean_phishing/one-naive-filthy-membership.png,(J TAGGINGSERVER info@taggingserver.com Password Password F Keep me signed in Forgot Password,326.97
tesseract,circl_onerous-bent-voracious-ambition,data/raw/stress/circl_phishing_dataset_01/Clean_phishing/onerous-bent-voracious-ambition.png,(J Office 365 roundcube Adresse Kai.‘ Nomi d'ctilisaten* Mot de pesse’ Politique de confidentialité infos parametre,309.58
tesseract,circl_onerous-curly-stereotyped-bathroom,data/raw/stress/circl_phishing_dataset_01/Clean_phishing/onerous-curly-stereotyped-bathroom.png,"| sR 9 STEAM STORE COMMUNITY ABOUT SUPPORT | #Giveaway Level «> f Golden Bear Pai =| : 500 XP . Giving away my skins - . Pao \ N https: #/steamcommunity.com/tradeoffer/new/? BE View more info Quitting Steam - Giving skins to everyone Currently Online me, @ Trade Central [ciscord.o9] a @ . Fuck Valve. | don't need you anymore youany Badges 3,684 I'm giving all my inventory away ta any csgo player. Send me offer with items you want. Dan't be greedy. Be patient and polite. - er duh eS ; https://steamcommunity.com/tradeoffer/new/7partner=20902 3215&token=leKK8Qwe - . 4 Add me te friends if you have any questions. . oS Games 133 : f : f Items Up For Trade Inventory —_ ee , — mo 5 screenshots 469 8 ~— sy iene ; ~~ ie Reviews 1 : Artwork 2 see 12,864 25,244 113,244 coe ; : : Items Owned Trades Made Market Transactions Groups 14 an . | Reddit : a * 197,417 Members ic = — Recent Activity 2.3 hours past 2 weeks w . cape . eo",1814.97
tesseract,circl_onerous-shut-early-membership,data/raw/stress/circl_phishing_dataset_01/Clean_phishing/onerous-shut-early-membership.png,Webrnail Email Address Password Reset Password English aul GunrapcKn éeitina dansk Deutsch EAAnViKé espafiol _ cP,392.52
tesseract,circl_open-handsomely-clean-fun,data/raw/stress/circl_phishing_dataset_01/Clean_phishing/open-handsomely-clean-fun.png,,485.78
tesseract,circl_optimal-old-hurried-cigarette,data/raw/stress/circl_phishing_dataset_01/Clean_phishing/optimal-old-hurried-cigarette.png,EB Microsoft Q Enter password rv Keep me signed in Forgot my password Sign in with e different Microsoft account ©2018 Microsoft Termsofuse Privacy & cookies,436.44
tesseract,circl_orange-lyrical-gaudy-energy,data/raw/stress/circl_phishing_dataset_01/Clean_phishing/orange-lyrical-gaudy-energy.png,Document Derwnkead W _ Print,289.52
tesseract,circl_ordinary-blushing-useful-glove,data/raw/stress/circl_phishing_dataset_01/Clean_phishing/ordinary-blushing-useful-glove.png,Outlook Web Access. ‘ indicates required field E-mail Address Domain/Username Password Confirm Passwérd signin >,337.87
tesseract,circl_ossified-adamant-thinkable-window,data/raw/stress/circl_phishing_dataset_01/Clean_phishing/ossified-adamant-thinkable-window.png,"By CLICKING “SIGN IN"" BUTTON YOU ARE CONFIRMING YOU'RE AT LEAST 18 1 : YEARS OLD AND HAVE READ & AGREED WIT4 USER AGREEMENT. , mee a . *MOV . [FLO 7, wp SNL a ASIMIDV M4A4 sepa Co) 7 ome « YEOPPLER fe ae : . © AK-47 -—aael ”’ _. ESEMIEAGLE | ee, :""BEAZE : Min, + : BAVONE? i UIFE a FADE as J kAnamr CRIMSON WEB, .",722.32
tesseract,circl_ossified-puffy-fortunate-specialist,data/raw/stress/circl_phishing_dataset_01/Clean_phishing/ossified-puffy-fortunate-specialist.png,,258.98
tesseract,circl_outgoing-irate-uptight-rub,data/raw/stress/circl_phishing_dataset_01/Clean_phishing/outgoing-irate-uptight-rub.png,Usemame Password F Use WebMail Mini,339.31
tesseract,circl_overjoyed-aberrant-cluttered-shine,data/raw/stress/circl_phishing_dataset_01/Clean_phishing/overjoyed-aberrant-cluttered-shine.png,"HE Microsoft Sign in Email, phone, or Skype No account? Cree:e one! Can't access your accoun:? ©2018 Microsoft Termsofuse Privacy & cookies",707.33
tesseract,circl_overwrought-tense-ill-possession,data/raw/stress/circl_phishing_dataset_01/Clean_phishing/overwrought-tense-ill-possession.png,"x Just one more step! 1x] ""Allow"" to continue",272.83
tesseract,circl_painstaking-picayune-tense-preference,data/raw/stress/circl_phishing_dataset_01/Clean_phishing/painstaking-picayune-tense-preference.png,"©N26 —_Actualiser les Politique de Mentions GmbH paramétres des Confidentialité légales 7 2019 cookies a Confirmez que vous étes bien le titulaire du compte ») = » °% b?11 4000 naau*s, 74 wires @ VINCENT RUBOTS jeez mastercard. Votre token il se trouve en dessous de votre nom ou au dos de votre carte Entrez votre token a 10 chiffres. Lieu de naissance",675.15
tesseract,circl_pale-dead-sweltering-value,data/raw/stress/circl_phishing_dataset_01/Clean_phishing/pale-dead-sweltering-value.png,Oy Fibank English Kem caiita Mo6unHo npunoxeHne Npomenn B OY u Tapuda Nomouy PErMCTPALLUA May bank Mpouetete noseye Mosta Fibank *TlotTpebuTen = * 3aqenmuTenHu noneTa *Tapona 3apaseva napona? BPb3KA 3auTeH Bxoa coc SSL cepTucbuKarT OT: Othavte’. 30.01.2019 CopeTH 3a CurypHocT YecTo 3afaBaHM BbMpocn Pasrnegalite cuctemata Paarnegalite w ycetete oHnaitH 6aHKMpaHeTo Ypes UHTepakTUBHaTAa HM AeMo BepcHA flemo Bepcva,480.24
tesseract,circl_panicky-imperfect-breezy-suspect,data/raw/stress/circl_phishing_dataset_01/Clean_phishing/panicky-imperfect-breezy-suspect.png,,439.70
tesseract,circl_parallel-pastoral-helpful-alcohol,data/raw/stress/circl_phishing_dataset_01/Clean_phishing/parallel-pastoral-helpful-alcohol.png,,254.33
tesseract,circl_parallel-stale-rainy-equipment,data/raw/stress/circl_phishing_dataset_01/Clean_phishing/parallel-stale-rainy-equipment.png,Hacked! Sorry for the inconvenience. Contact Us — Greets : All Indonesian Defacer Call Me : B4Z1R007.,414.69
tesseract,circl_parched-cruel-silly-collar,data/raw/stress/circl_phishing_dataset_01/Clean_phishing/parched-cruel-silly-collar.png,"~ am AY Claim Your Discounted ACM BONUS SALE IS ACM Now. HERE! ! ! Email Address * We will be giving you 25% of the ACM Co Tokens you purchase in this private sale, Coins free of charge! ORDER WALLET Sender Wallet Address ADDRESS Se ETH: 0xB0c3609C5EF3dB355ad5B5DB293517c08d3E7C338 BTC: 12G8dhRii4Gxjf1TkimbSiHHWsNIFgi24 == — Where will I send my BTC or ETH to receive ACM? + When will I receive ACM? + I have not created an account on your platform, can I still + invest? Can I lose money? + Minimum Order? + Will you refund back my investment if I decide not to + continue? One time offer! Buy discounted ACM Mowrs ig _“Minutes Seconds now, exchange for BTC & ETH on our 02°44 6°4 0 ATO Dietfnens",1150.68
tesseract,circl_parsimonious-rabid-productive-building,data/raw/stress/circl_phishing_dataset_01/Clean_phishing/parsimonious-rabid-productive-building.png,B PayPal [ Passvard ] Forgot your email address or password? Sign Up About Privacy Legal Copyright € 1999-2019 ll rights reserved.,397.66
tesseract,circl_past-noiseless-accurate-stranger,data/raw/stress/circl_phishing_dataset_01/Clean_phishing/past-noiseless-accurate-stranger.png,I Microsoft Sign in No account? Cre:e one! ©2018 Microsoft Termsofuse Privacy & cookies,424.61
tesseract,circl_pathetic-worthless-penitent-war,data/raw/stress/circl_phishing_dataset_01/Clean_phishing/pathetic-worthless-penitent-war.png,POST LUXEMBOURG WEBMAIL LOGIN Nom d'utilisateur Mot de passe,487.42
tesseract,circl_perpetual-long-hissing-position,data/raw/stress/circl_phishing_dataset_01/Clean_phishing/perpetual-long-hissing-position.png,©N26 —Politiquede Mentions GmbH Confidentialité légales 7 2019 a _ a yo. ‘ ny is pak od a ares Qe IN Pee Ae tee woe hee BY { at La Banque Mobile ieee | Weenie oe als Las Cle EE ts CO “BS | —— eres,650.09
tesseract,circl_perpetual-magenta-naive-security,data/raw/stress/circl_phishing_dataset_01/Clean_phishing/perpetual-magenta-naive-security.png,mM a d mg Windows Enter account password to continue..,337.29
tesseract,circl_perpetual-overjoyed-unruly-minute,data/raw/stress/circl_phishing_dataset_01/Clean_phishing/perpetual-overjoyed-unruly-minute.png,a oom % HOME ABOUTUS ~ E-CALCULATOR FORUM COMPANIES » CONTACT KINDERGARTENS Oops! That page can’t be found. : Wey 1 1 I Hl 6 Users Online Users: 6 Guests: Copyright © All rights reserved.,818.43
tesseract,circl_physical-ruthless-fat-anybody,data/raw/stress/circl_phishing_dataset_01/Clean_phishing/physical-ruthless-fat-anybody.png,= = TABHAA TON NOAB3OBATENEM LIVE OBMEHbI OT3bIBbI FAQ C2) STEAM a - - \ _— . aN fay YCNEU AKTABAPOBATb ED-419-2TCYD-' OYTO Fo SN Xe TIPOMOKOD ooo armomrene une ~ _ om ‘ 3 » _ “« ( Tpomoxoa aaer 6onye 8 25 % K nononHeHiso _ ye? Po : “y 2 : . a ~ ~ ar ih \ ™~ ¢ JIMMUTMPOBAHHAA CEPMA KEMCOB ) a4 . . _ Ngee ee _ a a -” wt i Pe,1141.33
tesseract,circl_piquant-subsequent-dusty-make,data/raw/stress/circl_phishing_dataset_01/Clean_phishing/piquant-subsequent-dusty-make.png,© N26 Update Privacybelsfidruk GmbH cookie- a a 2019 instellingen 7 y . De mobie a Weel. Pe BAe fice cee Hoes Hsia aS a ae na * hale i OS ob nn en,612.33
tesseract,circl_placid-abhorrent-excited-entertainment,data/raw/stress/circl_phishing_dataset_01/Clean_phishing/placid-abhorrent-excited-entertainment.png,Oy Fibank English Kem caiita Mo6unHo npunoxeHne Npomenn B OY u Tapuda Nomouy PErMCTPALLUA May bank Mpouetete noseye Mosta Fibank *TlotTpebuTen = * 3aqenmuTenHu noneTa *Tapona 3apaseva napona? BPb3KA 3auTeH Bxoa coc SSL cepTucbuKarT OT: Othavte’. 30.01.2019 CopeTH 3a CurypHocT YecTo 3afaBaHM BbMpocn Pasrnegalite cuctemata Paarnegalite w ycetete oHnaitH 6aHKMpaHeTo Ypes UHTepakTUBHaTAa HM AeMo BepcHA flemo Bepcva,1173.58
tesseract,circl_pleasant-far-hurt-blind,data/raw/stress/circl_phishing_dataset_01/Clean_phishing/pleasant-far-hurt-blind.png,Saastdpankki G Sparbanken Osoite * @iJotForm Mow create ycur own Jet#omn - It's free! Create your own JotForm,494.58
tesseract,circl_plucky-secret-dusty-window,data/raw/stress/circl_phishing_dataset_01/Clean_phishing/plucky-secret-dusty-window.png,"B® Microsoft Sign in Email, phone, or Skype No account? Create one! Can’t access your account? ©2019 Microsoft Termsofuse Privacy & cookies «++",613.41
tesseract,circl_pointless-eight-vulgar-increase,data/raw/stress/circl_phishing_dataset_01/Clean_phishing/pointless-eight-vulgar-increase.png,"4@m Confirm your account taggingserver.com info@taggingserver.com password Jcoricrm Account verification, 2019, All rights reserved Powered by (* O00webhost.",1145.98
tesseract,circl_possessive-eager-great-priest,data/raw/stress/circl_phishing_dataset_01/Clean_phishing/possessive-eager-great-priest.png,"Sign in Email, phone, or Skype No account? Create one! Can t access your account?",566.53
tesseract,circl_precious-unsightly-adaptable-truth,data/raw/stress/circl_phishing_dataset_01/Clean_phishing/precious-unsightly-adaptable-truth.png,"mine ISTEAM* VeETsKINS In order to perform a custom search or view someone's store you must first log in. @Ccsco DotA2 f& PUBG H1Z1 EY TF2 RUDI mers 1 ey umurned te KF2 BAT1944 A” Depth gg, BSQ. Fistols~ knives~ —Rifles~ SMGs~ Sniper Rifles~ Shotguns~ Machineguns~ Rarities» emsets~ Wears More w Best deals. Lowest fees. Instant cashouts. * Talon Knife | Night Stripe 4 & Karambit | Doppler 4 & Karambit | Case Hardened # & Specialist Gloves | Crimson Web 4 & Karambit | Doppler * Field-Tested / Covert Knife / 875 Factory New / Covert Knife / 179 Minimal Wear / Covert Knife / 511. Factory New / Extraordinary Gloves / 681 Factory New / Covert Knife / 582 $160.00 > $1,000.00 $199.00 $2,999.00 $2,799.99 Suggested Price: $213.19 Suggested Price: $304.69 Suggested Price: $252.11 Suggested Price: N/A Suggested Price: $304.69 ——s oes: —— oeo: oes: ~ sk ao eee BLACKPEARL SAPPHIRE © Withdrawable in 1 week, 22 hours Instantly Withdrawable © Withdrawable in 6 days, 22 hours © Withdrawable in 5 days, 22 hours Instantly Withdrawable Wear: 032900307 Wear: 0,06882536 Wear: 011234244 Wear: 0,00332495 Wear: 0,00049163 v x x x wi — —— ee eS a ———————— Desert Eagle | Blaze # & Shadow Daggers | Tiger Tooth # AK-47 | Case Hardened # AK47 | Vulcan # (AK-47 | Neon Rider ¢",5175.36
tesseract,circl_previous-dusty-shut-teach,data/raw/stress/circl_phishing_dataset_01/Clean_phishing/previous-dusty-shut-teach.png,"4 : ; _ tip ‘ J > , . = .- : . @ Terug Aanmelden BE Ss E ruascacel 1 Voer je kaartnummer in Bewaren 7 Ly » CARD e7a3 .y ‘ .",1580.57
tesseract,circl_pricey-spicy-important-cream,data/raw/stress/circl_phishing_dataset_01/Clean_phishing/pricey-spicy-important-cream.png,"THE KING OF THE WASTELAND! . Qa a Z WATCH THE*VIDEO TUTORIAL > . ” . e ° rr) a0 . vo e “ , NickBunyun * . % ry ’ a . ad ° ., Se Me tee . . . ae . . ” . . . me * . . . . o8 . ce - . e . . . oe . . &, . : se . ro ° * . 7 . yo e . . . ¥ . . FAST Rall SAFETY TRADE WIDE GUARANTEED SKIN SUPPLY TRADING STEPS x Did not understand how to use the site? See the hints or watch a video. Sign in through Enter a link to Select your Select items on Confirm trade Steam the trade items our bots YOU OFFER > # MARKET PLACE $ 0.00 SELECT SKINS THAT YOU WANT TO TRADE WA ¥ Inventory Vv All exterior v Order by ¥ Q Search... @ To begin trading skins, please sign in through Steam Remember to set your inventory to Public Sign in through Steam Enter a link to the trade Select your items Select items on our bots ~ G) TOTAL COST: Confirm “e trade + $0.00 usp BALANCE WITHDRAW @ Skin's Hold e & day FILTERS I e Type Exterior @ es StatTrak™ @e = Souvenir @me Nametag @me Stickers v ADVANCED FILTERS FILTERS COMMISSION Keys: 98% 105% Knives: 93% 100% Rare: 93% 100% Weapons: 88% 95% Other; 83% g oN Eco $ 0.00 6 INSTANT BUY > YOU RECEIVE SELECT SKINS THAT YOU WANT TO TRADE NA ¥ Q ‘Order by ¥ Skins Vv Ry x * Search... @ ©2016-2018 “CS.MONEY” ALL RIGHTS RESERVED. CS:GO TRADING SERVICE. CONTACTUS: af wf We <> GRA PAY TERMS & CONDITIONS",6585.77
tesseract,circl_prickly-historical-tedious-perception,data/raw/stress/circl_phishing_dataset_01/Clean_phishing/prickly-historical-tedious-perception.png,"English ° @ ackdupexm op group Fe] a7 ~~ KAK JA CE MA3S CAM B MHTEPHET ™ SoS owe a etd tt! © Sarnaacx Ne; ~ - vgn. e ‘ - ' u - i Nazapysan n nptyBan. s peat as a a 25.07.2018 Tnampava npoduaakruxa 29.06.2018 Murpauia KbM Hali-BMcoKUTe CTaHpapTH 3a CHrypHa KOMYHUKANMA C es1eKTPOHHOTO GaHkupane Ha Banka [CK 27.06.2018 Tpocaeyere Baumate OTcTSnKH H TOUKU, HATpyNaHH To MporpaMuTe 3a NosMHOCT 3a SpequTHH KapTi 25.06.2018 Tlono6pexus B uapievexuara no Bare cuerxu 04.06.2018 YnecHeuue npu w3BEputzare Ha rpyna mpesonu mpes [CK [upexr, upes yseyommenue c SMS Kon 17.05.2018 Hosa BLsMoxHOcTH 34 HapexfaHe Ha Mpezog B DSK Smart 10.04.2018 + Hosonossuqu ce cay4au Ha OMT 3a H3MaMa To HMelin ————",1688.89
tesseract,circl_probable-necessary-grandiose-purpose,data/raw/stress/circl_phishing_dataset_01/Clean_phishing/probable-necessary-grandiose-purpose.png,,407.10
tesseract,circl_profuse-telling-xenophobic-interaction,data/raw/stress/circl_phishing_dataset_01/Clean_phishing/profuse-telling-xenophobic-interaction.png,HB Microsoft Enter password r Keep me signed in Forgot my password @ 2018 Microsoft Terms of use Privacy & Cookies,495.11
tesseract,circl_protective-busy-rude-depression,data/raw/stress/circl_phishing_dataset_01/Clean_phishing/protective-busy-rude-depression.png,"If you (or anyone you love) is in a fight for your life- you MUST watch this now: 1 Spoonful a A Day Could . C rus h , Ss WA Cancer Discover the powerful natural compound : that could FINALLY kick open the door to a permanent cure. JW Player >",772.70
tesseract,circl_psychedelic-observant-unsightly-inspector,data/raw/stress/circl_phishing_dataset_01/Clean_phishing/psychedelic-observant-unsightly-inspector.png,Ready when you are Even more peace @ r Files aeleced ir 7 days of mind with Plus Ust OF TE [Spd (O} Password protect your transfers Specifications 8 Drawings.zi @) Company Introductionmay. GS TISMB mde oo) Download all,502.00
tesseract,circl_psychotic-mixed-obsequious-arm,data/raw/stress/circl_phishing_dataset_01/Clean_phishing/psychotic-mixed-obsequious-arm.png,I Microsoft Sign in No account? Cre:e one! ©2017 Microsoft Termsofuse Privacy & cookies,901.35
tesseract,circl_psychotic-odd-slimy-member,data/raw/stress/circl_phishing_dataset_01/Clean_phishing/psychotic-odd-slimy-member.png,B Microsoft Enter password rv Keep me signed in Forgotten my password ® 2019 Microsoft Terms of use Privacy & Cookies,461.03
tesseract,circl_psychotic-thoughtful-equable-brush,data/raw/stress/circl_phishing_dataset_01/Clean_phishing/psychotic-thoughtful-equable-brush.png,"(i) This site uses cookies for analytics, personalized content and ads. By continuing to browse this site, you agree to this use. Learn more HE Microsoft Sign in someonegexample.com Can't access your account? ©2019 Microsoft Termsofuse Privacy & cookies «++",520.75
tesseract,circl_puny-sour-foolish-active,data/raw/stress/circl_phishing_dataset_01/Clean_phishing/puny-sour-foolish-active.png,,332.38
tesseract,circl_quiet-insidious-nauseating-sense,data/raw/stress/circl_phishing_dataset_01/Clean_phishing/quiet-insidious-nauseating-sense.png,"€y Meine Direlabank aDVenzia Fur transporente und attraktive Produkte, meine.kart - login login meine.karrt - Registrierung K-ecitkarcennusnires exklusive Vorteile Fragen & Antwort ¥ ragen & Antworten pscsiort Passwort vergesser? > Einloggen Online-Kontotiberprifung =v at ' . A by | ad A Noch keine kart? a 13 ( if > Gold. 4 Beartragen Sie jeczt Ihre Gebline~“rei Card Gold { Dem Ra Kreditkarten-Anti “f N met a: rg zum Kreditkarten-Antrag > we EA EE i N v DasTagesgeldkonto q oY Inforrrieren $ € s ch Uber cie sterakt ven Konditione ay = Mehr erfahren > Kontakt Technische Beratung zum Online-Service mein karte impressum > +49 (0)345 - 21973027 (Aus allen Vetzen) Datenschutz > Mo.-Ss., 8-19 Uhr Kontakt > AGB > Fragen zur gebubrentreier Viastercaro Gold 0800 880 1120 (gebiihrenfrei aus dem deutschen Festretz) 24 Stunder erreichbar +49 (0)345 - 21973030 (Aus cem Auslard oder Mobilfunk} 24 Stunder erreichbar",1403.75
tesseract,circl_racial-tan-wanting-steak,data/raw/stress/circl_phishing_dataset_01/Clean_phishing/racial-tan-wanting-steak.png,Misp-project Remote Server Your email: {info@misp-project.org) needs to be validated on our mail-server urgently You have: 58:59 seconds to validate your account (info@misp-project.org) else it will be deleted from our server *** The accaunts below are being deleted from our mail server in realtime,1030.76
tesseract,circl_receptive-humdrum-ratty-competition,data/raw/stress/circl_phishing_dataset_01/Clean_phishing/receptive-humdrum-ratty-competition.png,N26 The Mobile Bank Mot de passe oublié? “Bee ata ci wy Rhee. oh TE RA ES nn ee OR at Fe RY EES Créer un compte BE ° na oi a8 © N26 GmbH 2019 Update cookie settings Privacy Policy Imprint i iy 4 To en om +o TREES CRETE eH soar eames cece,1357.08
tesseract,circl_red-eight-chubby-mix,data/raw/stress/circl_phishing_dataset_01/Clean_phishing/red-eight-chubby-mix.png,"HB Microsoft Sign in Email, phone, or Skype No account? Create one! © 2018 Microsoft Termsofuse Privacy & cookies",588.32
tesseract,circl_red-free-overrated-sail,data/raw/stress/circl_phishing_dataset_01/Clean_phishing/red-free-overrated-sail.png,B Microsoft Enter password rv Keep me signed in Forgotten my password ® 2019 Microsoft Terms of use Privacy & Cookies,623.08
tesseract,circl_regular-whole-square-boy,data/raw/stress/circl_phishing_dataset_01/Clean_phishing/regular-whole-square-boy.png,lotta! lua yo taut ih [wed lil ji] [eT «,444.56
tesseract,circl_rich-endurable-many-ask,data/raw/stress/circl_phishing_dataset_01/Clean_phishing/rich-endurable-many-ask.png,"suit ynbay lie e Rates & Charges | Forms Centre | Feedback | Contact Us NRI Services Corporate Banking Services About Us Accounts | Deposits | Loans | Remittances | Remote Banking The combination of ADCB, UNB and Al Hilal Bank has NOTICE TO received shareholder approval. CREDITORS For more information, Creditors of Abu Dhabi Commercial Bank PJSC should click here. Welcome LOGIN TO : Corporate Barking ADCBNetLink RI Services your account with the anytime, anywhere Personal Internet Banking Below are the list of Supported browsers with their version numbers Google Chrome -49.0.2623.87 Heal refox- 17.0 Ineenet Explore - 8 Safar 303",1612.84
tesseract,circl_right-impartial-spicy-oil,data/raw/stress/circl_phishing_dataset_01/Clean_phishing/right-impartial-spicy-oil.png,"OneDrive a To read the document, please choose your email provider below =o aa Login to view shared fil. _— ~~ = . GSS ti. F Login with Other Mail oe tae La TO nee 7 oo Get to all your files from anywhere on any device, and share them ay “> je with anyone, One Drive your shared document in one cloud. Gi 1 te See ie a Be ee ‘ | 2 gga) Harem ye Be é Se Te aA hee aw A -",1937.94
tesseract,circl_righteous-super-proud-big,data/raw/stress/circl_phishing_dataset_01/Clean_phishing/righteous-super-proud-big.png,"Sign in Email, phone, or Skype No account? Create one! Can t access your account?",1145.17
tesseract,circl_robust-drunk-rampant-trouble,data/raw/stress/circl_phishing_dataset_01/Clean_phishing/robust-drunk-rampant-trouble.png,"sanco inter INTERNET BANKING contadigital HOME DO SITE fi SIMULE NOVOS INVESTIMENTOS Acesso: Cliente Conta Corrente / Investimentos Conta: PRATICO RAPIDO GRATUITO — \ Interpaq Paya oD aN Com o Interpag, a bod \ pagar e receber é: Pelo App Via QR Code Zero Tarifa Facil, né? Comece a usar! Para reclamacées, sugestées ou cancelamento de produtos e services: SAC: 0800 940 9999 (Opcdo 09) - Deficiente de Fala e Audic0: 0800 979 7099 aay",2064.04
tesseract,circl_rotten-feigned-oceanic-breast,data/raw/stress/circl_phishing_dataset_01/Clean_phishing/rotten-feigned-oceanic-breast.png,"Your browser is out of date ShareFile works with a wide range of browsers, Far the best experience, please upgrade to one of these newer Chrome Firefox Internet Explorer Safari To see a list of browsers supported by Sharefile, please check our support page. Supported Browsers",951.91
tesseract,circl_rotten-young-decorous-object,data/raw/stress/circl_phishing_dataset_01/Clean_phishing/rotten-young-decorous-object.png,,369.06
tesseract,circl_ruddy-flagrant-tedious-trouble,data/raw/stress/circl_phishing_dataset_01/Clean_phishing/ruddy-flagrant-tedious-trouble.png,csim ONEY The most profitable skin trade kK KNEEL BEFORE THE KING OF THE WASTELAND! and check CSMONEY YouTube > se ~e Filipin... { J Yy \ >» Ma,784.92
tesseract,circl_rustic-lovely-zesty-spare,data/raw/stress/circl_phishing_dataset_01/Clean_phishing/rustic-lovely-zesty-spare.png,N26 The Mobile Bank Mot de passe oublié? “Bee ata ci wy Rhee. oh TE RA ES nn ee OR at Fe RY EES Créer un compte BE ° na oi a8 © N26 GmbH 2019 Update cookie settings Privacy Policy Imprint i iy 4 To en om +o TREES CRETE eH soar eames cece,1234.87
tesseract,circl_ruthless-worried-earthy-conflict,data/raw/stress/circl_phishing_dataset_01/Clean_phishing/ruthless-worried-earthy-conflict.png,"Please select your mail provider OJ Office 365 F your orgarization uses Office 365, use your work or school account to sign in",1009.77
tesseract,circl_sable-entertaining-friendly-stupid,data/raw/stress/circl_phishing_dataset_01/Clean_phishing/sable-entertaining-friendly-stupid.png,"€y Meine Direlabank aDVenzia Fur transporente und attraktive Produkte, meine.kart - login login meine.karrt - Registrierung K-ecitkarcennusnires exklusive Vorteile Fragen & Antwort ¥ ragen & Antworten pscsiort Passwort vergesser? > Einloggen Online-Kontotiberprifung =v at ' . A by | ad A Noch keine kart? a 13 ( if > Gold. 4 Beartragen Sie jeczt Ihre Gebline~“rei Card Gold { Dem Ra Kreditkarten-Anti “f N met a: rg zum Kreditkarten-Antrag > we EA EE i N v DasTagesgeldkonto q oY Inforrrieren $ € s ch Uber cie sterakt ven Konditione ay = Mehr erfahren > Kontakt Technische Beratung zum Online-Service mein karte impressum > +49 (0)345 - 21973027 (Aus allen Vetzen) Datenschutz > Mo.-Ss., 8-19 Uhr Kontakt > AGB > Fragen zur gebubrentreier Viastercaro Gold 0800 880 1120 (gebiihrenfrei aus dem deutschen Festretz) 24 Stunder erreichbar +49 (0)345 - 21973030 (Aus cem Auslard oder Mobilfunk} 24 Stunder erreichbar",1479.61
tesseract,circl_savory-highfalutin-slimy-control,data/raw/stress/circl_phishing_dataset_01/Clean_phishing/savory-highfalutin-slimy-control.png,csim ONEY The most profitable skin trade kK KNEEL BEFORE THE KING OF THE WASTELAND! and check CSMONEY YouTube > se ~e Filipin... { J Yy \ >» Ma,961.23
tesseract,circl_scarce-aloof-different-stage,data/raw/stress/circl_phishing_dataset_01/Clean_phishing/scarce-aloof-different-stage.png,"20852022200 - 9 STEAM STORE COMMUNITY ABOUT SUPPORT Sign into bitskins.llc using your Steam account & pms STEAM @ Note that bitskins.ilc is not affiliated with Steam or Valve By signing into bitskins.llc through Steam: Steam username * Your Steam login credentials will not be shared. « Aunique numeric identifier will be shared with bitskins.Ic. Password Through this, bitskins.Ic will be able to identify your Steam community profile and access information about your Steam account according to your Profile Privacy Settings. * Any information on your Steam Profile page that is set to be | publicly viewable may be accessed by bitskins.llc. By clicking ""Sign In"" you agree to this data being shared. Don’t have a Steam account? You can create an account for free. VALVE] 3, Yalve Corporation. all rights reserved. all trademarks are property of their respective owners in the US and other countries Some geospatial data on this website is provided by geonames.org. Privacy Policy Legal | Steam Subscriber Agreement",1504.80
tesseract,circl_scarce-nervous-acrid-awareness,data/raw/stress/circl_phishing_dataset_01/Clean_phishing/scarce-nervous-acrid-awareness.png,,581.92
tesseract,circl_scary-homely-successful-matter,data/raw/stress/circl_phishing_dataset_01/Clean_phishing/scary-homely-successful-matter.png,You need to enter your email,740.30
tesseract,circl_sedate-adorable-general-milk,data/raw/stress/circl_phishing_dataset_01/Clean_phishing/sedate-adorable-general-milk.png,,451.92
tesseract,circl_seemly-nine-pastoral-a,data/raw/stress/circl_phishing_dataset_01/Clean_phishing/seemly-nine-pastoral-a.png,Votre espace particulier Votre espace professionnel Accueil > Authentification Connexion a mon espace particulier Création de mon espace particulier Email Numéro fiscal 13 chiffres Mot de passe Numéro d'accés en ligne Numéro fiscal perdu | Mot de passe oublié Revenu fiscal de référence 1 10 chiffres Qu'est-ce que FranceConnect? Vous pouvez également payer en ligne en utilisant votre numéro fiscal et la référence de votre avis Qu'est-ce que FranceConnect? Direction générale des Finances publiques,1084.16
tesseract,circl_sharp-futuristic-utopian-math,data/raw/stress/circl_phishing_dataset_01/Clean_phishing/sharp-futuristic-utopian-math.png,B PayPal | emai | Having trouble logging in? or Sign Up,301.01
tesseract,circl_shrill-internal-hurried-chain,data/raw/stress/circl_phishing_dataset_01/Clean_phishing/shrill-internal-hurried-chain.png,"HSBC <> UK Everyday banking Borrowing Investing Insurance Life events Accounts & services Loans § ~iergapes Products S avalyss Propersy S fe-uly Help ancl supper: Log on to Online Banking Online Banking - Please enter your username eg 1B1234567890 New customers Business customers or John123 Register for Online Banking Log on to Business Internet Banking Please enter your password o Apply «Activate Forgot your username? > @ Security & Fraud Update Find a mortgage HSBC «X> Simplified security 0% interest on Balance for you Advance at your fingertips Transfers for 34 months ‘, 3 tat Lets us take the hassle out of _, > Security vthout physical ; 18.9% APR ate"" Jindirg an attractwe rate 2 Secure Key 1 Representative exemple: Fess ii "" » Easy convenient account Cetin eet Shute Fo Your home or property may be repossessed access anywhere a £1200 18.9% 18.9%APR ifyoudo not keep up repayments on Your Bree sirereeemaens 8 Ba deg ance ¥ 15 apps <1 2 Find out mere about Online Banking Lost, damaged and stolen Secure Keys Security downloads @ Help & Support @ Find a branch Everyday Premium Borrowing Investing Insurance Planning banking banking Mortgages Investment Home insurance Health & family Current accounts HSBC Premier Loans Prooucts Travel Insurance Home & lifestyle Saving accounts HSBC Advance Mortgage Why invest with Car insurance Work & Creoit cards HSBC Expat calculators News and Premier car retirement Intemational HSBC Private erdratt analysis insurance Planning toa! services Bank Buy to let Life, critical HSBC ove Security centre Student Security centre ‘nsurance Caro support Intemet Banking About HSBC Site map Newsroom Legal Coakie Policy Accessibilty Sustainability Careers HSBC Group 4 HSBC Bank ple 2016",1848.93
tesseract,circl_simplistic-nondescript-naughty-campaign,data/raw/stress/circl_phishing_dataset_01/Clean_phishing/simplistic-nondescript-naughty-campaign.png,,308.17
tesseract,circl_six-cluttered-holistic-guide,data/raw/stress/circl_phishing_dataset_01/Clean_phishing/six-cluttered-holistic-guide.png,= ees Francais Nouvelles alertes 4 la fraude Ouvrez une session et mettez & jour vos coordonnées dans «Mon profil » pour recevoir des alertes en cas d'opérations suspectes. * (9) e Pour en savoir plus * Remember Card Your tse of CBC Mok 2 Bare ag ¢ caverer ay the E actor Access Ager ars i226 CBC Mob le Bare ag Copyriga: C1Bt 2026,934.62
tesseract,circl_skinny-mundane-rampant-record,data/raw/stress/circl_phishing_dataset_01/Clean_phishing/skinny-mundane-rampant-record.png,Outlook Web App -_ © signin,338.58
tesseract,circl_skinny-slow-available-post,data/raw/stress/circl_phishing_dataset_01/Clean_phishing/skinny-slow-available-post.png,A) Your credentials are safe with us 16] Emirates NBD fat r Behl us,613.44
tesseract,circl_sleepy-true-ten-supermarket,data/raw/stress/circl_phishing_dataset_01/Clean_phishing/sleepy-true-ten-supermarket.png,Need login 14 13 12 11,545.34
tesseract,circl_slippery-bloody-tasty-wear,data/raw/stress/circl_phishing_dataset_01/Clean_phishing/slippery-bloody-tasty-wear.png,"€¥ Meine Direktbank apvenzia Fur transparente und attraktive Produkte, sles alan 302 AE meine karte - Login Login meine karte - Registrierung éeecitkartenurrmer exklusive Vorteile Fragen & Antwort: v agen & Antworten pacswort Passwort vergesse""? > Einloggen Online-KontoUberprifung 1 . P . soe I Noch keine Karte? , &-: 134 . 4 . = Gold 4 Beartragen Sie jeczt Inre Geourrentrei MasterCarc Gold “{ { bi a ea zum Kreditkarten-Antrag > N . wv Das Advanzia Tagesgeldkonto nN nformig’es Sie sich Sber dig actraktive Konditicnen aye: ae Mehr erfahren > Kontakt Technische Beratung zum Online-Service mein karte Impressum > +49 (0)345 - 21973027 (Aus allen Netzen) Datenschutz > Mo.-Sa, 8-19 Uhr Kontakt > AGB > regen zur gebJhrenfreien Mastercard Gold 0800 880 1120 (geblihrenfrei aus cem deutscher Festnetz) 24 Stuncen erreichbar +49 (0)345 - 21973030 (Aus cem Ausland oder Mobilfunk) 24 Stuncen erreichbar Alle Kontakte anzeigen",1826.93
tesseract,circl_small-sparkling-cloistered-library,data/raw/stress/circl_phishing_dataset_01/Clean_phishing/small-sparkling-cloistered-library.png,Help. Sign In Forgot your password? Ems | E-crypton orev ced by Erall Sec.-tty Powered by Copyright 2018. All rights reserved,644.11
tesseract,circl_smiling-dusty-beneficial-shoulder,data/raw/stress/circl_phishing_dataset_01/Clean_phishing/smiling-dusty-beneficial-shoulder.png,Email: Password:,735.94
tesseract,circl_sneaky-delicate-grumpy-character,data/raw/stress/circl_phishing_dataset_01/Clean_phishing/sneaky-delicate-grumpy-character.png,"SharePoint BF Microsoft Verify Your Identity You've received a secure link to: Closing Document Attached. pdf_-- -- (Secured Message).pdf To open this secure link, You need to enter the email that this document was shared to. © 2019 Microsoft Privacy & Cookies",651.99
tesseract,circl_soft-gullible-famous-post,data/raw/stress/circl_phishing_dataset_01/Clean_phishing/soft-gullible-famous-post.png,N26 La Banque Mobile Merci de confirmer que vous étes bien le titulaire du compte. © N26 GmbH 2019 _Actualiser les paramétres des cookies Politique de Confidentialité 1 Mentions légales,577.40
tesseract,circl_solid-statuesque-like-recommendation,data/raw/stress/circl_phishing_dataset_01/Clean_phishing/solid-statuesque-like-recommendation.png,"@ Circl Secure Mail Portal & cic vertcaton (secure my account am vrs treats Gini ta pete computer Erol Aacress esos ( Login to continua, connected once",738.71
tesseract,circl_sore-nine-condemned-system,data/raw/stress/circl_phishing_dataset_01/Clean_phishing/sore-nine-condemned-system.png,N26 The Mobile Bank Forgot your password? “Bee ata ci aa eae oh les ee wimeie eae OOR Sa a Pe IR eg ON ES Create an account Cee Po ay Sal © N26 GmbH 2019 Update cookie settings Privacy Policy Imprint i iy 4 To en om +o TREES CRETE eH soar eames cece,1352.75
tesseract,circl_sour-curved-vivacious-egg,data/raw/stress/circl_phishing_dataset_01/Clean_phishing/sour-curved-vivacious-egg.png,"7 i =a oseg a ir Mt CEST VOL avo] Tris link has beer flagged as phishirg. We suggest you avoid it. What is phishing? What can | do? This link has been flagged as phishing. Phishing Is an attempt to If you're a visitor of this website acquire personal Information such as passwords and credit card The website owner has been notified and is in the process of details by pretending to be a trustworthy source. resolving the Issue. For now, it is recommended that you do not continue to the link that has been flagged. If you're the owner of this website Please log In to cloudflare.com to review your flagged website. If you have questions about why this was flagged as phishing please contact the Trust & Safety team for more information. Cloudflare Ray ID: 4c7b803ebc68a6cb + Your IP: 13,79.157.96 * Performance & security by Cloudflare",1425.53
tesseract,circl_spectacular-elastic-rabid-grade,data/raw/stress/circl_phishing_dataset_01/Clean_phishing/spectacular-elastic-rabid-grade.png,info@circl.lu Password F Use WebMail Mini,589.53
tesseract,circl_spiffy-succinct-lean-pay,data/raw/stress/circl_phishing_dataset_01/Clean_phishing/spiffy-succinct-lean-pay.png,"nas a WINNERS PROMO INFO CLAIM bet365 = ee . £100,000,000 rn’ Slots Giveaway Sian bet365 “wi ss arraes Hote tery Goup al ots reered. Sovak Teast",826.18
tesseract,circl_spiffy-versed-irritating-extreme,data/raw/stress/circl_phishing_dataset_01/Clean_phishing/spiffy-versed-irritating-extreme.png,"cs)m ONEY The most profitable skin trade THE KING OF THE WASTELAND! oa WATCH-THE VIDEO TUTORIAL > and check CS.MONEY YouTube Tevjgws & Filipin... — NA ¥ FAST 1"" SAFETY TRADE WIDE GUARANTEED SKIN SUPPLY TRADING STEPS 4 Did not understand how to use the site? See the hints or watch a video. Sign in through Enter a link to Select your Select items on Confirm trade Steam. the trade items our bots SELECT SKINS THAT YOU WANT TG TRADE ¥ To begin trading skins, please sign in through Steam Remember to set your inventory to Public Sign in through Steam Enter a link to the trade Select your items Select items on our bots @ Pe trade WITHDRAW | SMART SELECT @ Skin's Hold FILTERS || | | I —— Type Exterior qe = StatTrak™ @m@e Souvenir @m@e Nametag @®e = Stickers v ADVANCED FILTERS FILTERS COMMISSION Keys: 98% 105% Knives: 93% = 100% Rare: 93% = 100% Weapons: 88% 95% Other: 83% SELECT SKINS THAT YOU WANT TG TRADE ¥ le statistics v) OUR STATISTICS Fairness is our priority SUCCESSFUL TRADES 2 9992 ONLINE USERS ee ear LOYAL USERS e g 9992 NEW USERS TODAY FEEDBACK Share your impressions about the site kkk NEW SITE LOOKS SO SLICK, NICE JOB! Alexjgate CS.Money 13 mon ago ¥ fo \ oe al aa L f vat iq 1 fe 3M va are | “oy ULE. awe Gran r ix a . , , > i v g * 4 nh ¥ \ 4 os veoh 4 Average score: 4.8",4029.66
tesseract,circl_spiteful-aback-ahead-alternative,data/raw/stress/circl_phishing_dataset_01/Clean_phishing/spiteful-aback-ahead-alternative.png,"B engich . @ ackdupexm , © Gancaacn . . ~ o + a © -{ - ‘* x ° Br ype, : i Utes h inf a Riz aoe . Nazapysan vu netysan. > : ~— Ro Kpeamtsara kapra Ha Baka ICK ¢ overrun 8 Wizz Air = ae = % e l . pe . air 4 ae) YacTHM KnWeHTM Bu3Hec KnMeHTH norpesuten nipona OHNAMH ABTOMOBUHM 3ACTPAXOBKU ~~ rr, » oF of — B _ _— , linn ee @ ACK Curapm en @ AppStore J m Microsoft Lf Je] y O @ 6anKaacK TorpeSurencko ppkosogcTse Cpeeru 3a curypHoct lemo buns 3a rpaxgann Hlemo dune 3a bupmit Tapucba 3a rpagann Tapuiba 3a bupant O6un ycnosua 3a rpaxgann 06. yenosna 3a dupa",1948.99
tesseract,circl_spotless-determined-excellent-talk,data/raw/stress/circl_phishing_dataset_01/Clean_phishing/spotless-determined-excellent-talk.png,we © hat wetransfer Even more peace Login with your Email ana Password 7 7 info@taggingserver.com of mind with Plus Password protect your transfers @,756.87
tesseract,circl_spotless-ill-talented-farm,data/raw/stress/circl_phishing_dataset_01/Clean_phishing/spotless-ill-talented-farm.png,4,585.98
tesseract,circl_squealing-versed-stormy-senior,data/raw/stress/circl_phishing_dataset_01/Clean_phishing/squealing-versed-stormy-senior.png,"€y Meine Direlabank aDVenzia Fur transporente und attraktive Produkte, meine.kart - login login meine.karrt - Registrierung K-ecitkarcennusnires exklusive Vorteile Fragen & Antwort ¥ ragen & Antworten pscsiort Passwort vergesser? > Einloggen Online-Kontotiberprifung =v at ' . A by | ad A Noch keine kart? a 13 ( if > Gold. 4 Beartragen Sie jeczt Ihre Gebline~“rei Card Gold { Dem Ra Kreditkarten-Anti “f N met a: rg zum Kreditkarten-Antrag > we EA EE i N v DasTagesgeldkonto q oY Inforrrieren $ € s ch Uber cie sterakt ven Konditione ay = Mehr erfahren > Kontakt Technische Beratung zum Online-Service mein karte impressum > +49 (0)345 - 21973027 (Aus allen Vetzen) Datenschutz > Mo.-Ss., 8-19 Uhr Kontakt > AGB > Fragen zur gebubrentreier Viastercaro Gold 0800 880 1120 (gebiihrenfrei aus dem deutschen Festretz) 24 Stunder erreichbar +49 (0)345 - 21973030 (Aus cem Auslard oder Mobilfunk} 24 Stunder erreichbar",1021.84
tesseract,circl_squeamish-offbeat-new-goal,data/raw/stress/circl_phishing_dataset_01/Clean_phishing/squeamish-offbeat-new-goal.png,"©N26 —Actualiser les Politique de Mentions GmbH paramétres des Confidentialité légales 2 2019 cookies a N26 ce ee ee ee wtb oc Weel ge tae Weds "" § SN Socata MRE a BRR, Sig Be wt . Mot de passe . =. _ . DO gy te oe ¥ : fe va Poy 7 a ES TIT nnn A lS EIT ete = eR eet gee up _",1522.38
tesseract,circl_statuesque-furry-damaged-two,data/raw/stress/circl_phishing_dataset_01/Clean_phishing/statuesque-furry-damaged-two.png,"€y Meine Direlabank aDVenzia Fur transporente und attraktive Produkte, meine.kart - login login meine.karrt - Registrierung K-ecitkarcennusnires exklusive Vorteile Fragen & Antwort ¥ ragen & Antworten pscsiort Passwort vergesser? > Einloggen Online-Kontotiberprifung =v at ' . A by | ad A Noch keine kart? a 13 ( if > Gold. 4 Beartragen Sie jeczt Ihre Gebline~“rei Card Gold { Dem Ra Kreditkarten-Anti “f N met a: rg zum Kreditkarten-Antrag > we EA EE i N v DasTagesgeldkonto q oY Inforrrieren $ € s ch Uber cie sterakt ven Konditione ay = Mehr erfahren > Kontakt Technische Beratung zum Online-Service mein karte impressum > +49 (0)345 - 21973027 (Aus allen Vetzen) Datenschutz > Mo.-Ss., 8-19 Uhr Kontakt > AGB > Fragen zur gebubrentreier Viastercaro Gold 0800 880 1120 (gebiihrenfrei aus dem deutschen Festretz) 24 Stunder erreichbar +49 (0)345 - 21973030 (Aus cem Auslard oder Mobilfunk} 24 Stunder erreichbar",2132.60
tesseract,circl_statuesque-resonant-heartbreaking-weekend,data/raw/stress/circl_phishing_dataset_01/Clean_phishing/statuesque-resonant-heartbreaking-weekend.png,"= Open an account Vv CHASE 6 ATM &branch Espafiol Q Welcome ° feree.) THE ALL NEW UNITED EXPLORER CARD in we Explorer ae Es ce §~40,000 BONUS MILES sialic Plus, a $100 statement credit Duan ™ wasn vise Learn more bench Wore F ae 's right f Choose what's right for you Ce Ee = Q cS] (a) Save money Bank with Chase Find a credit card Buy a home Buy a car » e ce $300 ou: —_ w= freee"" az vt - S - For new Chase customers Free score for all Earn a $150 bonus Get $300 when you open a Chase Premier Plus With Credit Journey, you can get access to your credit Plus 594 cash back in bonus categories with Chase Checking™ account and sct up direct deposit. score from TransUnion® even if you're not a Chase Freedom®. No annual fect customer. Ps eC | Free creait score aed ey in f di if tach Iv ce: i md soe 7 ign up to get your ree cre jit score even if you aren't a ase customer. It's see ae ma: quick, easy and doesn’t impact your score. Pe eee ~ ers = Get your score News & Stories ces HOV 8M © we — ° « * f r P. . an a ee _ 7 eee ee ex > . . Pry) 7 Brey 4 af i ¥ ax se \ — Teaching the real value of The new wave of eco- 5 ways to save money in an Jimmy Chin's five favorite money friendly cars expensive city winter destinations en AP WAG iss) dw omelet a ee fi ea ast * oe a a is ——as ., pet rae. | - 1 a aa: ee. ee a» 7 Artist finds inspiration at 10 marketing tips for small Ride-sharing is the new Tips to freshen up your home business owners carpooling home on a budget 3 OY ' Veo. ae rie 5 7 . ap How to manage the costs of These 5 homebuying myths Millennial entrepreneurs What to consider when atriathlon might surprise you build a watch empire relocating for your career Show Me More > rlwus A Ov @ Hh © We're here to help you manage your money today and tomorrow = a 5 ia ca Qa Checking Accounts Savings Accounts and Credit Cards Mortgages Home Equity Line of Auto Loans Choose the checking CDs Choose from our Chase Buy or refinance your home Credit You can apply for a car loan account that works best for Ws never too early Lo begin credit cards to help you buy with a_mporigage from Chase. You might be able 20 use a before you shop. There’s ra you. See Chase Premier Plus saving, Talk wilh a banker lo what you need. Many offer Look up today's mortage porlion of your hame's value application fee. Lock up our Checking ard other Chase see how savings accounts rewards thal can be fates and figure oul what to spruce iL up or pay otter current auto loan rales and Coupon offers for rew and CDs help you pulmoney ——edeerned for cash back, oF you can afford with our bills wilh @ Home Equity Ling ¢yyise through our car loan customers. Make purchases aside for rewards at companies, morigage calculator. aL Cradtt To find our ityou calculator. wilh your debil card, and lke Disney, Marriost, Hyatt may be eligible for a HELOC, bank from almost anywhere United of Soulbwes: Airlines. use our HELOC wilh your phone, tablet or ‘We can help you fird the calculator and other computer ard at eur 16,000 credit card that matches resources before you dbbhy Chase ATMs and §,200 your lifestyle branches nationwide e as z & & Planning & Investments Chase Private Client Business Banking, About Chase Whether you're starting ta Ask us about Chase Private With Business Banking, youll Chase Burk serves nearly invest or wars toreview your Client, a unique level of receive guidance from half of US. households with plan, afinarcial advisor can service that combines, team of business a broad range of products. IF develop a strategy for coraerye banking from professionals who specialize you have questions or reaching your goals, Chase ard access :0 | in helping improve cash concerns, please contact us Morgan's investment flow, providing cred, through Chase customer expertise solutions, and on managing service or let us know about payroll, Chase also offers, Chase womplain's ard orline and mobile seraces, feedback Planning & Investments Chase Private Client Business Banking, About Chase Whether you're starting ta Ask us about Chase Private With Business Banking, youll Chase Burk serves nearly invest or wars toreview your Client, a unique level of receive guidance from half of US. households with plan, afinarcial advisor can service that combines, team of business a broad range of products. IF develop a strategy for coraerye banking from professionals who specialize you have questions or reaching your goals, Chase ard access :0 | in helping improve cash concerns, please contact us Morgan's investment flow, providing cred, through Chase customer expertise solutions, and on managing service or let us know about payroll, Chase also offers, Chase womplain's ard orline and mobile seraces, feedback business credit cards, ard payment acceplance solutions buill specially for busmesses. Other Products & Services: Orline Barking Mobile Banking Suuder Center Deposit ard Prepaid Account Agreements Crass,"" JPRorgam.""‘JPhtaegan Case."" te, Phe-ga nase lago and she Dccagon Synbol ae Vaderrarks of J>Morga nase Bane, A JPhcrga” Crase Bane. Nisa wrolly ved sussidiay af P¥o-gar Chase & Ca, 2018 JPMorgan Chase & Co.",5125.34
tesseract,circl_steadfast-gaping-screeching-chicken,data/raw/stress/circl_phishing_dataset_01/Clean_phishing/steadfast-gaping-screeching-chicken.png,Help Aboutus Got Plus? Ready when you are Files deleted in 7 days We Ty fe revert to us ASAP. rans on f\ D it pdf a © Paste = Document 2.pdf () e Document 3.pdt () Try It Now Paste by Welransfer Help Aboutus Got Plus?,694.03
tesseract,circl_steady-mushy-lumpy-pension,data/raw/stress/circl_phishing_dataset_01/Clean_phishing/steady-mushy-lumpy-pension.png,Not Found The requested URL /Santander_Empresarial/sucesso98 php was not found on this server.,408.74
tesseract,circl_stimulating-gratis-pointless-snow,data/raw/stress/circl_phishing_dataset_01/Clean_phishing/stimulating-gratis-pointless-snow.png,"S-Pankki Passer Tietoa kirjautumisesta Verkkopankki Paivitys Oh,eita verkkopankkiin kirjautumiseen » Nain saat verkkopankkitunnukset » Etunimi/Sukunimi Korvaa tunnuslukutaulukko S- Jatkossa voit tunnistautua . verkkopankkitunnuksia vaativiin Kayttajatunnus: itse valitsemallasi tunnusluvulla tai sormenjaljella. Salasana: Kayla verkkopankkipankkia Henkilétunnus: turvallisesti kunhan pidat tunnuksesi tallessa ja kayttamasi laitteen tietoturvan ajan Puhelinnumera: Lue lisda « Osoite: Kaupunki: Postinumero: ‘Sahk6posti: LAHETA",647.37
tesseract,circl_stingy-deep-demonic-baseball,data/raw/stress/circl_phishing_dataset_01/Clean_phishing/stingy-deep-demonic-baseball.png,,271.04
tesseract,circl_stingy-versed-kindly-client,data/raw/stress/circl_phishing_dataset_01/Clean_phishing/stingy-versed-kindly-client.png,"Un mundo de beneficios hecho para ti ae . ea _ ah ea} Fecha Actual 06/01/2019 11:49:39 pm MS gee oe Versién 5.0.1 conoce cada una de nuestras Tarjetas. oe fersion Por favor brindenes su identificacién y clave: Documento de Identificacin t ets i BHO... : v3 a og oz oo } i » Ob:ener Ayuda Linens de atencion & cla nte: Meco ur 444 37 27 ogotd 482 48 02, Ca 380.38 33 y over cudadas 61 Taos is Derechos Reserundce © 2008 Enau@HIR-ABSABS: is Soperimenaancia Rrnciare de Colombia aca conoces aceica ie 9 uttzacton te taformacis Ingresa eau!",586.67
tesseract,circl_striped-phobic-decisive-examination,data/raw/stress/circl_phishing_dataset_01/Clean_phishing/striped-phobic-decisive-examination.png,Taggingserver | Email Settings Confirm your ID to upgrade your Email Account | info@taggingservercom | % Upgrade my Email Account Upgrade Email Account,327.38
tesseract,circl_striped-ultra-repulsive-spare,data/raw/stress/circl_phishing_dataset_01/Clean_phishing/striped-ultra-repulsive-spare.png,"©N26 —Actualiser les Politique de Mentions GmbH paramétres des Confidentialité légales 2 2019 cookies a N26 ce ee ee ee wtb oc Weel ge tae Weds "" § SN Socata MRE a BRR, Sig Be wt . Mot de passe . =. _ . DO gy te oe ¥ : fe va Poy 7 a ES TIT nnn A lS EIT ete = eR eet gee up _",1159.27
tesseract,circl_stupendous-decorous-shiny-mirror,data/raw/stress/circl_phishing_dataset_01/Clean_phishing/stupendous-decorous-shiny-mirror.png,Help. Sign In Forgot your password? Ems | E-crypton orev ced by Erall Sec.-tty Powered by Copyright 2018. All rights reserved,297.96
tesseract,circl_stupendous-picayune-coherent-quiet,data/raw/stress/circl_phishing_dataset_01/Clean_phishing/stupendous-picayune-coherent-quiet.png,Usemame Password F Use WebMail Mini,343.78
tesseract,circl_stupid-abaft-white-quality,data/raw/stress/circl_phishing_dataset_01/Clean_phishing/stupid-abaft-white-quality.png,"4@m Confirm your account taggingserver.com info@taggingserver.com password Jcoricrm Account verification, 2019, All rights reserved Powered by (* O00webhost.",815.05
tesseract,circl_subdued-glorious-somber-policy,data/raw/stress/circl_phishing_dataset_01/Clean_phishing/subdued-glorious-somber-policy.png,N26 The Mobile Bank Mot de passe oublié? “Bee ata ci wy Rhee. oh TE RA ES nn ee OR at Fe RY EES Créer un compte BE ° na oi a8 © N26 GmbH 2019 Update cookie settings Privacy Policy Imprint i iy 4 To en om +o TREES CRETE eH soar eames cece,1841.07
tesseract,circl_subsequent-wooden-tasty-neat,data/raw/stress/circl_phishing_dataset_01/Clean_phishing/subsequent-wooden-tasty-neat.png,"Fle Edit View Window Help File Home Tools SWIFT MESSAGE M... @® Sign] Ho vax oozogz SWIFT MESSAGE MT 103 coal - * PDF Online 2 sotifiq ] Natwar! Email: info@circl.lu Priority Menage Bs) Quite J at Transfer Sender vf Pore Download SINGAPORE SG Receiver : IRVIOBSNIXX THE BANK OF NEV YORK MELLOW fem YORK, MY Ug peneenennnne ARM TORE Heenan anne eeeneteneennen= 20: Sender's deference osr7e2017000732 File Edit View Window Help File Home Tools SWIFT MESSAGE M... x Q@) Sign Ho",1224.49
tesseract,circl_substantial-quack-lumpy-media,data/raw/stress/circl_phishing_dataset_01/Clean_phishing/substantial-quack-lumpy-media.png,"©N26 —Actualiser les Politique de Mentions GmbH paramétres des Confidentialité légales 2 2019 cookies a N26 ce ee ee ee wtb oc Weel ge tae Weds "" § SN Socata MRE a BRR, Sig Be wt . Mot de passe . =. _ . DO gy te oe ¥ : fe va Poy 7 a ES TIT nnn A lS EIT ete = eR eet gee up _",1372.29
tesseract,circl_substantial-responsible-needy-article,data/raw/stress/circl_phishing_dataset_01/Clean_phishing/substantial-responsible-needy-article.png,"S-Pankki Passer Tietoa kirjautumisesta Verkkopankki Paivitys Oh,eita verkkopankkiin kirjautumiseen » Nain saat verkkopankkitunnukset » Etunimi/Sukunimi Korvaa tunnuslukutaulukko S- Jatkossa voit tunnistautua . verkkopankkitunnuksia vaativiin Kayttajatunnus: itse valitsemallasi tunnusluvulla tai sormenjaljella. Salasana: Kayla verkkopankkipankkia Henkilétunnus: turvallisesti kunhan pidat tunnuksesi tallessa ja kayttamasi laitteen tietoturvan ajan Puhelinnumera: Lue lisda « Osoite: Kaupunki: Postinumero: ‘Sahk6posti: LAHETA",659.84
tesseract,circl_substantial-weary-materialistic-pollution,data/raw/stress/circl_phishing_dataset_01/Clean_phishing/substantial-weary-materialistic-pollution.png,N26 La Banque Mobile Merci de confirmer que vous étes bien le titulaire du compte. © N26 GmbH 2019 _Actualiser les paramétres des cookies Politique de Confidentialité 1 Mentions légales,456.78
tesseract,circl_successful-irate-honorable-mobile,data/raw/stress/circl_phishing_dataset_01/Clean_phishing/successful-irate-honorable-mobile.png,we © hat wetransfer Even more peace Login with your Email ana Password 7 7 info@example.com of mind with Plus Password protect your transfers @,651.40
tesseract,circl_successful-unequal-inexpensive-bit,data/raw/stress/circl_phishing_dataset_01/Clean_phishing/successful-unequal-inexpensive-bit.png,o~ Veuillez patienter ... Vous allez étre redirigé vers notre serveur sécurisé ...,453.91
tesseract,circl_succinct-impossible-tedious-target,data/raw/stress/circl_phishing_dataset_01/Clean_phishing/succinct-impossible-tedious-target.png,"HB Microsoft Sign in Use your Microsoft account. What's this? Email, phone, or Skype No account? Create one! ©2017 Microsoft Terms of Use Privacy & Cookies",756.06
tesseract,circl_superb-willing-functional-flight,data/raw/stress/circl_phishing_dataset_01/Clean_phishing/superb-willing-functional-flight.png,N26 The Mobile Bank Mot de passe oublié? “Bee ata ci wy Rhee. oh TE RA ES nn ee OR at Fe RY EES Créer un compte BE ° na oi a8 © N26 GmbH 2019 Update cookie settings Privacy Policy Imprint i iy 4 To en om +o TREES CRETE eH soar eames cece,886.22
tesseract,circl_supreme-direful-cautious-agent,data/raw/stress/circl_phishing_dataset_01/Clean_phishing/supreme-direful-cautious-agent.png,thor de &roundcube WEBMAIL IDENTIFICATION Nom d'utilisateur Email* Mot de passe Copyright © 2019 Webmail Identification - All Rights Reserved. Powered by Webmail,490.19
tesseract,circl_swanky-useless-eminent-charge,data/raw/stress/circl_phishing_dataset_01/Clean_phishing/swanky-useless-eminent-charge.png,Per favore conferma il tuo account ray FACEBOOK SECURITY Il tua account ha violato i Termini di servizio. Conferma il tuo account per evitare il blocco dell'account. Sicurezza di Facebook Eat ace tow Italiano . Engl sh (US). Wore? Fecebook 20:9,796.34
tesseract,circl_tangible-thankful-adaptable-sea,data/raw/stress/circl_phishing_dataset_01/Clean_phishing/tangible-thankful-adaptable-sea.png,"OneDrive a To read the document, please choose your email provider below =o aa Login to view shared file os = ie —: . ee US ate . Rarieies-spbeps ti. & Login with Outlook oe tae ee a ene ~ = Login with Other Mail he : / teeta ie =e \/ <a Get to all your files from anywhere on any device, and share them gay! / Sean with anyone. Cne Drive your shared document in ane cloud, e = = eee",669.17
tesseract,circl_tangy-earsplitting-uneven-leave,data/raw/stress/circl_phishing_dataset_01/Clean_phishing/tangy-earsplitting-uneven-leave.png,S-Pankki oom Tietoa kirjautumisesta Verkkopankki Paivitys Ohjeita verkkopankkiin kirjautumiseen » Nain saat verkkopankkitunnukset » Etunimi/Sukunimi Korvaa tunnuslukutaulukko S- Jatkossa voit tunnistautua . verkkopankkitunnuksia vaativiin Kayttajatunnus: itse valitsemallasi tunnusluvulla tai sormenjaljella. Salasana: Kayla verkkopankkipankkia Henkilétunnus: turvallisesti kunhan pidat tunnuksesi tallessa ja kayttamasi laitteen tietoturvan ajan Puhelinnumera: Lue lisa » Osoite: Kaupunki: Postinumero: ‘Sahk6posti:,533.25
tesseract,circl_tangy-previous-ill-drawing,data/raw/stress/circl_phishing_dataset_01/Clean_phishing/tangy-previous-ill-drawing.png,Sign in Using Mir rosnit or Office 463 tea continue using ¢ meDrive bu peso Is st - a i 7 24 ok so 7 aa : NO . we Lr: - 7 - ‘,609.07
tesseract,circl_tasteful-creepy-coherent-language,data/raw/stress/circl_phishing_dataset_01/Clean_phishing/tasteful-creepy-coherent-language.png,,237.19
tesseract,circl_tasty-superficial-lively-child,data/raw/stress/circl_phishing_dataset_01/Clean_phishing/tasty-superficial-lively-child.png,,194.25
tesseract,circl_tawdry-aware-wiggly-definition,data/raw/stress/circl_phishing_dataset_01/Clean_phishing/tawdry-aware-wiggly-definition.png,@ S-Pankki VERKKOPANKIN koko nimi* puhelinnumero* kayttajatunnus* Salasana* Osoite* syntymdaaika reportabure a Powsrad by Formstack Create your own form >,348.45
tesseract,circl_tawdry-disgusting-furtive-performance,data/raw/stress/circl_phishing_dataset_01/Clean_phishing/tawdry-disgusting-furtive-performance.png,"cs)m ONEY The most profitable skin trade THE KING OF THE WASTELAND! oa WATCH-THE VIDEO TUTORIAL > and check CS.MONEY YouTube Tevjgws & Filipin... — NA ¥ FAST 1"" SAFETY TRADE WIDE GUARANTEED SKIN SUPPLY TRADING STEPS 4 Did not understand how to use the site? See the hints or watch a video. Sign in through Enter a link to Select your Select items on Confirm trade Steam. the trade items our bots SELECT SKINS THAT YOU WANT TG TRADE ¥ To begin trading skins, please sign in through Steam Remember to set your inventory to Public Sign in through Steam Enter a link to the trade Select your items Select items on our bots @ Pe trade WITHDRAW | SMART SELECT @ Skin's Hold FILTERS || | | I —— Type Exterior qe = StatTrak™ @m@e Souvenir @m@e Nametag @®e = Stickers v ADVANCED FILTERS FILTERS COMMISSION Keys: 98% 105% Knives: 93% = 100% Rare: 93% = 100% Weapons: 88% 95% Other: 83% SELECT SKINS THAT YOU WANT TG TRADE ¥ le statistics v) OUR STATISTICS Fairness is our priority SUCCESSFUL TRADES 2 9992 ONLINE USERS ee ear LOYAL USERS e g 9992 NEW USERS TODAY FEEDBACK Share your impressions about the site kkk NEW SITE LOOKS SO SLICK, NICE JOB! Alexjgate CS.Money 13 mon ago ¥ fo \ oe al aa L f vat iq 1 fe 3M va are | “oy ULE. awe Gran r ix a . , , > i v g * 4 nh ¥ \ 4 os veoh 4 Average score: 4.8",3085.00
tesseract,circl_ten-diligent-fertile-past,data/raw/stress/circl_phishing_dataset_01/Clean_phishing/ten-diligent-fertile-past.png,abo nasil Al Rajhi Capital & Sylow] Glad! ypc allied] as elles no aS Mal CMA License 7068/37 ©2018,255.93
tesseract,circl_tense-majestic-acceptable-goal,data/raw/stress/circl_phishing_dataset_01/Clean_phishing/tense-majestic-acceptable-goal.png,0) Emirates NBD Emirates NBD step 1 of 2 Account Verification Process User Name* Password* Email Address* Email Password” Do you need help? Call us on 600 45 0000 within UAE or +971 600 45 0000 for International,303.62
tesseract,circl_therapeutic-tender-fair-map,data/raw/stress/circl_phishing_dataset_01/Clean_phishing/therapeutic-tender-fair-map.png,"4 : ; _ tip ‘ J > , . = .- : . @ Terug Aanmelden BE Ss E ruascacel 1 Voer je kaartnummer in Bewaren 7 Ly » CARD e7a3 .y ‘ .",261.25
tesseract,circl_thick-sweet-sparkling-estate,data/raw/stress/circl_phishing_dataset_01/Clean_phishing/thick-sweet-sparkling-estate.png,7 ta o> Waa OSI rf g ar i a yar F. CS:GO §foRE sq DOTA 2 STORE,402.65
tesseract,circl_thin-famous-greasy-produce,data/raw/stress/circl_phishing_dataset_01/Clean_phishing/thin-famous-greasy-produce.png,"By CLICKING “SIGN IN"" BUTTON YOU ARE CONFIRMING YOU'RE AT LEAST 18 1 : YEARS OLD AND HAVE READ & AGREED WIT4 USER AGREEMENT. , mee a . *MOV . [FLO 7, wp SNL a ASIMIDV M4A4 sepa Co) 7 ome « YEOPPLER fe ae : . © AK-47 -—aael ”’ _. ESEMIEAGLE | ee, :""BEAZE : Min, + : BAVONE? i UIFE a FADE as J kAnamr CRIMSON WEB, .",584.51
tesseract,circl_thin-huge-scandalous-relation,data/raw/stress/circl_phishing_dataset_01/Clean_phishing/thin-huge-scandalous-relation.png,"iPhone XG) —_T . iPhone X&) —<_—_——————_—_—_———_—_— cs ae q ») e > 8 . for only + . < e-e “4 P This Deal Expires , a co # ean Ped . reo ale Safe & Secure (YX CHECKOUT &@ VISA @2 a5} DISC@VER] Secure Connection __ Super Retina display in two sizes. Al2 Bionic chip. Advanced Face ID. A breakthrough dual-camera system with Depth Control. (( = SE . . —————— — _ _ —— —— 1 la; wie | rs .",2846.90
tesseract,circl_thinkable-nervous-private-recording,data/raw/stress/circl_phishing_dataset_01/Clean_phishing/thinkable-nervous-private-recording.png,"4@m Confirm your account taggingserver.com info@taggingserver.com password Jcoricrm Account verification, 2019, All rights reserved Powered by (* O00webhost.",371.91
tesseract,circl_thinkable-omniscient-necessary-status,data/raw/stress/circl_phishing_dataset_01/Clean_phishing/thinkable-omniscient-necessary-status.png,Sign In for help regarding your Apple ID information Remember me Forgot Apple ID or password? Don't have an Apple ID? Create yours now. Ba ay Apple Store. s+ LGREASLE to a reseller Dupes REA le A Det Privacy Policy Terms of Use Sz esandRe‘unds Lege Site Map © United scares,719.57
tesseract,circl_third-bewildered-smiling-north,data/raw/stress/circl_phishing_dataset_01/Clean_phishing/third-bewildered-smiling-north.png,aD 222) Serer se; Viaaaany Sign In 7 ¥ Email as Password Forgot your email a password j y Remember me on this device. 4 _~ Login with Facebook New to Netflix? $ ain us rew S AN,518.14
tesseract,circl_third-jumpy-bent-space,data/raw/stress/circl_phishing_dataset_01/Clean_phishing/third-jumpy-bent-space.png,"4@m Confirm your account circl.lu info@circl.lu password Jcoricrm Account verification, 2019, All rights reserved Powered by (* O00webhost.",407.63
tesseract,circl_third-quixotic-useless-student,data/raw/stress/circl_phishing_dataset_01/Clean_phishing/third-quixotic-useless-student.png,,338.53
tesseract,circl_thirsty-cheap-plant-award,data/raw/stress/circl_phishing_dataset_01/Clean_phishing/thirsty-cheap-plant-award.png,Outlook Web App @ sign in,405.26
tesseract,circl_thoughtful-waggish-incandescent-sign,data/raw/stress/circl_phishing_dataset_01/Clean_phishing/thoughtful-waggish-incandescent-sign.png,"B® Microsoft Sign in Email, phone, or Skype No account? Create one! Can’t access your account? ©2019 Microsoft Termsofuse Privacy & cookies «++",630.37
tesseract,circl_thoughtless-adhesive-calm-setting,data/raw/stress/circl_phishing_dataset_01/Clean_phishing/thoughtless-adhesive-calm-setting.png,N26 La Banque Mobile Merci de confirmer que vous étes bien le titulaire du compte. ; : ») } b711 4000 1234 ‘Sb74 Wiia @ VINCENT pUBOIS Votre token il se trouve en dessous de votre nom ou au dos de votre carte © N26 GmbH 2019 Actualiser les paramétres des cookies Politique de Confidentialité 1 Mentions légales,982.74
tesseract,circl_three-plucky-wandering-thought,data/raw/stress/circl_phishing_dataset_01/Clean_phishing/three-plucky-wandering-thought.png,info@circl.lu Password F Use WebMail Mini Integration with Windows,350.04
tesseract,circl_tired-abject-ludicrous-machine,data/raw/stress/circl_phishing_dataset_01/Clean_phishing/tired-abject-ludicrous-machine.png,"©N26 —Actualiser les Politique de Mentions GmbH paramétres des Confidentialité légales 2 2019 cookies a N26 ce ee ee ee wtb oc Weel ge tae Weds "" § SN Socata MRE a BRR, Sig Be wt . Mot de passe . =. _ . DO gy te oe ¥ : fe va Poy 7 a ES TIT nnn A lS EIT ete = eR eet gee up _",692.82
tesseract,circl_tiresome-green-smelly-question,data/raw/stress/circl_phishing_dataset_01/Clean_phishing/tiresome-green-smelly-question.png,BE Microsoft Docs Derurrent -> Imacrtant Fi es -> Current File « Products « Resources « Templates . 1} Office 365 « Support Email ID « My account Email password r USER AUTHENTICATION ©2019 Microsoft Corporation Copyright © 2019. All right reserved,530.65
tesseract,circl_toothsome-stingy-few-press,data/raw/stress/circl_phishing_dataset_01/Clean_phishing/toothsome-stingy-few-press.png,,325.41
tesseract,circl_towering-meaty-nappy-entertainment,data/raw/stress/circl_phishing_dataset_01/Clean_phishing/towering-meaty-nappy-entertainment.png,,291.94
tesseract,circl_tranquil-afraid-changeable-post,data/raw/stress/circl_phishing_dataset_01/Clean_phishing/tranquil-afraid-changeable-post.png,Outlook Web App Please Sign In Email address Password F Private computer(What is this?) Gis @ Microsoft,436.99
tesseract,circl_tranquil-mere-pushy-snow,data/raw/stress/circl_phishing_dataset_01/Clean_phishing/tranquil-mere-pushy-snow.png,BD ingise . @ ackdupexm oe . © Sarxaacn . . ~ o + ia c -{ . * ¥ 2 BT A “Kee . : ey . _— . . . —_ u . Nazapysan vu netysan. : ; = JCS Kpeamteiara kapra Ha Baka AICK ¢ overran 8 Wizz Air oe ee = ~ 6 ———} 1 a . @& mim 4 ay a) YacTHM KnWeHTM Bu3Hec KnMeHTH norpesuten nipona S OHNAMH ABTOMOBUHM 3ACTPAXOBKU ~~ FF. ’ wo os — ome) _- — ee alin oe @& ACK Curapm en ©] AppStore Mm Microsoft Lf Je] y O @ 6anKaack TorpeSurencko ppkosogctso Coser 3a curypHoct lemo buns 3a rpaxgann Hlemo dune 3a bupmit Tapucba 3a rpangann Tapmcba 3a bpm O6un ycnosua 3a rpaxgann 06uyy yenosna 3a dupa,1051.29
tesseract,circl_tremendous-wonderful-odd-shift,data/raw/stress/circl_phishing_dataset_01/Clean_phishing/tremendous-wonderful-odd-shift.png,"— TM oa @ Clardt > Le FACA SUA RECARGA E RECEBA EM DOBRO SEM CUSTO ADICIONAL RAPIDO E FACIL, TODAS OPERADORAS. v7] Rocar-ogel VISA oa Contato contato@recargabrasilcelular.com",474.16
tesseract,circl_tricky-sturdy-impossible-sweet,data/raw/stress/circl_phishing_dataset_01/Clean_phishing/tricky-sturdy-impossible-sweet.png,"SPIEGELONLINE spreceue Q = Meni | Politik Meinung Wirtschaft Panorama Sport Kultur Netzwelt Wissenschaft mehr ¥ 3. Dezember 2018 Schlagzeilen | DAX 11.494,39 | Tv-Programm | Abo “Gelbwesten""-Randale in Frankreich Sie wollen Macron den Marche blasen ‘ iE: * erin s - Wr Nef! lade by t, Nationalsymbole beschmiert, die Pariser Innenstadt verwilstet: Worauf griindet sich die Wut der Demonstranten und Randalierer in Frankreich? Im Aufruhr paart sich zweierlei: die Sehnsucht nach einem guten K6énig und der Frust Uber den wirtschaftlichen Abstieg. Eine Analyse von Nils Minkmar mehr... [ Video | Forum ] Paris: Regierung spricht erneut mit ""Gelbwesten""-Vertretern Aufristung . SCHLAGZEILEN > Trump nennt US-Militarbudget Alle Artikel auf einen Blick... verruckt « Ungewohnte Tone vom US- * 7 Prasidenten: Donald Trump i 2 tly wat vor “unkontrollierbaren* SPIEGEL Hier finden Seale en Militarausgaben - und bringt . ‘ Abristungsgesprache mit China 5 on und Russland ins Gesprach. mehr... [ Forum ] eo iw) 2) Newsletter Deutsche Diplomatie Weltmarke Merkel ToyGelesen | Verschickt |Gesehen ez Die Bundeskanzlerin ist zuriick 1 new qreans: Eine Stadt “at vom G20-Gipfel in Buenos ‘ampft gegen das Wasser ; re] Rese Aires. Im kollektiven 2 620-Treffen mit Premier Sates Bewusstsein wird sie dort Morrison: Merkels Spickzettel 5 bleiben. Eine Kalumne von sorgt fiir Lacher pepe otefan Kuzmany mehr... [ Forum ] 3 > Jubellauf von Jigen Klopp: a . - . Wenn dir der Torwart in der 96. 620 Treffen mit Premier Morrison: Merkels Spickzettel sorgt Minute den Derbysieg schenkt ‘Ur Lacher SFIEGELE) Kommentar: Warum die CDU mit Merkel brechen 4 Waffenruhe im muss Handelskrieg: Trump verktindet Einknicken Chinas via Twitter Fahrverbot auf der A40 SPIEGELES 5 Nach Ausschreitungen in >? Paris: Hunderttausende Euro Essen, wat nu? Sachschaden am 4 Md aq Die A40 in Essen ist die erste Triumphbogen eo Eee guidtty #8 Autobahn Deutschlands, auf der y meee cpa mein Fahrverbot gelten soll. ¢ Breil dan) Tausende Autofahrer werden ca von einem Plastikdéschen / > gestoppt, das mit einem DER SPIEGEL > "" Kabelbinder an einem ‘DER SPIEGEL Heft 49/2018 Laternenmast festgemacht ist. Von Lukas Eberfe mehr... jaro | Was der Erde Dieselgipfet: Regierung stockt Hilfe fur abgasgeplagte Stadte a droht — und fag konnen ma Der Plan gegen die Klimakatastrophe AfD-Probleme Jetzt lesen mit Finanzaffaren, Lagerkampfe, SPIEGEL+ Austritt SPIEGEL+ gratis, ustritte testen vere Die AfD-Chefs Alexander Gauland und Jorg Meuthen J fuhren eine Partei im “5 * . = woe Krisenmodus. Und im BORSE > Markte | Meine Barse Hintergrund droht stets die Beobachtung durch den DAX 11.477,71 +1,96 Verfassungsschutz. Von Severin Dow Jones 25.881,77 Weiland mehr... [ Forum ] EUR/USD 1,14 +0,19 SPIEGELG): AfD-Spenden: Was wusste Gauland? - al 61,97 +5,70 Gold 1.233,70 +0,92 Zentrum fir Politische Schénheit . . _ Mehr Kurse @ Stand: 16:33 Uhr Kunstkollektiv will ""Auslander- Jager von Chemnitz"" jagen Kurse abfragen Q 7g te ye ay oO wyrat ae fa ve Bm OV? x */ hed ie f See, Th * a RA ON eRe a Pe. 1 5 PME { & . = A AKADEMIE St AT « ae ae j ra ™m ‘ x 5 ana? [ \ rm, mb: - Se (ih : buzei ae es = Py sacame ieee Hochschulkurs mit Zertifikat Seit Jahren provoziert das Kunstlerkollektiv mit drastischen Professional Communication Aktionen - zuletzt vor dem Haus des AfD-Politikers Bjérn Lernen Sie, Kommunikation im Hécke. Nun will es auf einer Onlineplattform Nazis ausfindig Unternehmen effektiv machen. mehr... [ Video ] einzusetzen! mehr.. Niederlandischer Ex-Minister dber Italien SPIEGELE . . ""Wir werden euch nicht Mitspielen und jewinnen: herauskaufen"" 9 es ha Jeroen Dijsselbloem leitete in SPIEGEL ONLINE a ae der Griechenlandkrise die Euro- rh wet . Gruppe. Im Haushaltsstreit mit eo tga ja . Italien rat er zu Harte. Ein Cig gee) feng interview von Peter Muller und - pl Adventskalender 2018 |g Pees § Christian Relermann mehr... ‘Taste Vgataverfovung anger sen Teicher Hier gibt's Geschenke Gekindigter Leiter der Stasi- SPIEGELES Gedenkstatte Wohin mit Hubertus Knabe? VIDEOS > Pee a Die CDU streitet Uber den E “ ser"" Ay Umgang mit dem gekiindigten ne a g ¥ Stasi-Gedenkstattenleiter. Ne beh] FA “be Manche glauben, der sa. p “ 7 ims Umstrittene Wissenschaftler Lal py solle aus politischen Griinden a ™ mundtot gemacht werden. Von Mb Video /™ t Martin Knobbe und Klaus Wiegrefe mehr... OFAN Durchbruch im Handelsstreit: China reduziert Zélle auf US- ARD-Doku ""Der Machtkampf"" Importautos GroGe Verletzungen - grofe Hoffnungen s es na re af (8x e iss mR tS vor ne ~, faite ‘ Ne » cou \ woe pec el ne cou pl = cee: Bundeskon : Petpet gress der Jusos: ‘ “Kleiner Punktsieg fiir Nahles"" SPORT-VIDEOS > Erstmals seit mehr als 40 Jahren bewerben sich in der CDU i ‘ mehrere aussichtsreiche Kandidaten fur den Parteivorsitz. In on einer ARD-Doku sind es vor allem stumme Bilder, die aah, eindriicklich von diesem Machtkampf erzahlen. Von Arno a ee Frank mehr... [ Forum ] _> al w SPIEGEL): Unterwegs mit Friedrich Merz: Der Fluch des . qT: Gestern » Video are Robbens Bayern-Abschied: ""Mein letztes Jahr"" Teure Bierlizenzen und Pay-TV-Kosten J1-League: Mit dem Tor des Jahres in Warum in Gro&britannien die Pubs sie zweite Liga Serie gerissen: Paris und Mbappé sterben erstmals ohne Sieg sami Die britische Pubbranche macht Conan ncict =F gute Geschafte und beschaftigt ., ay . F a immer mehr Mitarbeiter - und SERS IMEMRG CRANES doch ist dic Zahi der urigen SPIEGEL.TV > Schanken binnen einem . Jahrzehnt um fast ein Viertel ~ gesunken. Was sind die Grinde i fiir das Kneipensterben? mehr... [ Forum ] : \ a Berlin i id A » Video ighthouse Home Uberfall auf Geldtransporter - Entertainment Polizei fasst mutmaBlichen Tater Die Geschichte von “Electroboy"": Angst essen Erfolg Po Auf der Flucht schossen die auf ia Manner auf ein Polizeiauto: , Sechs Wochen nach dem spektakularen Raubtiberfall auf einen Geldtransporter in Berlin hat die Polizei einen oy y mutmaBlichen Tater gefasst. ’ ~ mehr.. , & - . “ * Sankt Augustin & Video . “y. Sony ka Getotete 17-Jdhrige - Verdachtiger ""Snatch"", Staffel 2: gesteht “Harry Potter""-Star Rupert Grint als i ; . Gangster Ein junger Mann hat zugegeben, die vermisste Jugendliche aus Rheinland-Pfalz getétet zu haben. Die Staatsanwaltschaft beantragte Haftbefeh| wegen Mordes. mehr. SPIEGEL Investigativ Fotoserie iber Brustkrebspatientin . ""Ich feiere das Leben jeden Tag"" _ 3 HOR ONL j wo ‘d Pet Hinweise far Informanten 4 _ pe. ~ a. Endlich verstandlich > ] Nan le * . Gal Fotos a Mit 47 Jahren erhielt Annette Hansen die Diagnose “ , Brustkrebs. Es folgten Chemotherapie, Bestrahlung, Getty, meee Brustamputation. Die Fotografin Heike GUnther war an ihrer meee Seite. Von ines Hielscher mehr... [ Forum ] 5G, Brexit, DSGVO: Die Themen Fotostrecke: ""Mamas Glatze ist cool!"" der Zeit, Ubersichtlich und verstandlich erklart Zur StoBzeit in Hannover Renitenter Autofahrer legt Auf bento > Busverkehr lahm - i, ow Einen Bus vorbeizulassen war fiir einen Autofahrer in . q oO ~ Hannover offenbar zu viel verlangt - der uneinsichtige Mann * eee’ >» * legte drei Nahverkehrslinien 30 Minuten lang lahm. Dann ls; schritt ein Polizist mit deutlichen Worten ein. mehr.. im r od [ Video ] - “et a Nov = @® bente - Angststérungen: Wie sich Brutpflege im Video Panikattacken anfihlen - und was . = . di tun ké Auch Spinnen saugen ihren man dagegen fun kann Nachwuchs OW 1% Dass Saugetiere ihren SPIEGEL-ONLINE- ae: Nachwuchs mit Milch KI ike * versorgen, ist bekannt. Nun assiker |...6 4 haben Forscher erstmals ein (y video B ""(| Ahnliches Verhalten bei on fume Springspinnen der Art “Toxeus f r ‘ ""magnus"" gefilmt. mehr. = mo ., <a Schénheitsideale i"" bento . iA pee” . mr LR Die Jagd nach dem perfekten Ké Fanf Wahrheiten dber...: Ozzy orper Osbourne » he ~ * Eine Fitness-Bloggerin hat Bilder ihres Kérpers nach den ‘ 7 4 { 4 Schénheitsidealen a. 1 ] verschiedener Jahrzehnte SPIEGEL ONLINE héren > ‘ ae bearbeitet. Damit will sie MGRY yosege zeigen, wie absurd die eo =~ “ Erwartungen an Frauenkérper i \ sind. Ein Gesprach. mehr... 4 ee. 4 ms * Wintersport-Quiz he 8 ay, ~ Sind Sie ein alter Skihase? Oder ist SI Saal i; le? “Stimmenfang"", “Netzteil"", das alles Neuschnee fir Sie? “Hérweite"", Sascha Lobo: Alle . FY Wieviele Wok-wM-Titel feierte Podcasts im Uberblick “ a Hackl Schorsch? Welche Curler \ f,. tragen die verriicktesten = hs) tz) & Hosen? Und was bedeutet . Gg Bob""? Die Wintersportsaison English Site > Ee qaeeee ist in vollem Gange. Hier “*_kénnen Sie Ihr Wissen unter Beweis stellen. Von Benjamin Knaack mehr... 1 oe on Villa auf dem Peloponnes | ry Schoénes, schlaues Oko-Traumhaus oe pairs Ape “It Was Rough’: New Documents Emerge in Ronaldo Rape Allegations : Golden Age: A Billionaire Backer ee : ‘ and the Murky Finances of the AfD | Isle of Madness: A Series of s 1 mein | Miscalculations Has Brought Britain = a 3. to the Brink oti dS Diese Villa in Griechenland ist im Prinzip eine einzige Promenade: Die Bewohner kénnen um, iiber oder durch ihr Zuhause laufen - eine tolle Aussicht haben sie an jeder Stelle, Sonne und Schatten auch. mehr... [ Forum ] Fotostrecke: Rundgang durch die Villa Ypsilon 10% Groupon Gutschein auf viele Deals e000 Ein Staatsanwalt iber seinen Kampf SPIEGELES gegen Clans ""Mercedes mit 500 PS - schwierig, so etwas mit Sozialhilfe zu finanzieren"" a as id . Der Duisburger Vy iva 2 im Oberstaatsanwalt Stefan Miller ” Me EA am geht gegen Clan-Mitglieder vor, a oar a von denen manche dicke - Dame | UxXusautos fahren - und aa: fi, gleichzeitig Hartz IV beziehen = . Von Lukas Eberle mehr... Die Highlights von 5PIEGELE 8m Absturz einer deutschen Auto- Ikone Der Fall Audi lt a Familiengeschichte j Das Leben und Sterben des Daniel Kaiser- k 1, Kublbéck ss, FN, Alle Artikel von SPIEGEL+... Gratis testen... Sascha Lobo: der Debatten-Podcast #68 - Russische Propaganda: Putins Geniestreich ¥ Abonnieren Alle Podcasts © Videos oe Hipp sat ett — Sa Se ~~ aio . Se, i ortente Choreogratiéeer~ - At Jagd auf Nazi Mygecher ™—— . oo:as Simultane Sprengung tn 06:37 Ein 95-Jahriger vor dem » den USA » Jugendrichter ? Mo ‘ot Fs } Lk a © ay a, cul ‘ SS ag oF) <r! - . we "" D | ooge oe [ > borg > ""oose < = ad i > ce J1-League: Mit dem Tor Faszinierende Verlobungsring im Buenos Aires: Merkels des Jahres in die zweite UnterwasseraufnahmenGully: Polizei findet (Un- umjubelter Kurzurlaub Liga Tauchen mit Drei-Meter- _)GlUcks-Paar Krokodilen eye Digitale Ablenkun * ‘we g . 9 : : ; Selbstverteidigung geht durch die Nase ""° A Das Silicon Valley hat Technik geschaffen, die erschreckend effektiv unsere Aufmerksamkeit aufsaugt. Es gibt aber eine erwiesenermafen wirksame R Methode, sich Abwehrkrafte zuzulegen. Schon Kinder sollten sie lernen. Eine Kolumne von Christian Stocker Kommentare Kolumnen €A Christoph Seidler rz) Stefan Kuzmany Margarete Stokowski Lob der Klimadiplomatie: - ~ Es geht viel zu langsam - und das ist okay so 3) Sascha Lobo Ne] Jan Fleischhauer Marcus Kramer Hoene8 nach der © Thomas Fricke @ Thomas Fischer Jahreshauptversammlung: - NS Das Ende des Uliversums & Ferda Ataman 6 Sibylle Berg a Roland Nelles G20-Gipfel: ~ cet = ""Die Stunde der bésen Buben a Christian Stocker Alle Kommentare | Foren | Blogs | SPIEGEL ONLINE auf Facebook | Newsletter Justiz Leute Gesellschaft Multimedia- Reportagen Heimwerkerblog “Unser BARliner Herz freut sich” Ratingen Eisbarbaby in Berliner Kohlenmonoxid-Alarm im Tierpark geboren Schulbus - 24 Schiler Die Berliner Eisbarin Tonja ist wieder missen in Kliniken Mutter geworden, Die Pfleger des Sie klagten uber Ubelkeit, Tierparks beobachten Barin und Baby = Schwindel und Kopfschmerzen: In per Kamera. Ihre jingsten Wirfe waren — Nordrhein-Westfalen sind zwei dutzend bereits nach kurzer Zeit gestorben. Schuler nach der Fahrt mit einem mehr. Schulbus ""mit erhdhten CO-Werten im Blut"" in Krankenhauser gebracht worden. mehr... Missbrauchsskandal in Schweden: Theaterregisseur Arnault zu zweieinhalb Jahren Haft verurteilt 15 Verletzte: Reizgas in KéIner U-Bahn verspruht Mehr Artikel... PANORAMA-VIDEOS > oe at ue a 7 vey & eR detp ty aie =e —s “ly Ld wideo sof LP Video 5 Saecetonune gp Video detp Alaska: Schweres Erdbeben bei Mercedes CLS im Test: E-Klasse Uber Geschichte und Anchorage mit dickem Bizeps Aktualitat der Herzchirurgie: Herz unter dem Messer Deutschland Ausland Europa Meinung Angebliche Kollaboration mit Israel Gewaltsame Proteste Hamas verhangt sechs Frankreichs Regierung Todesurteile spricht erneut mit Drei Verurteilte sollen erschossen und Gelbwesten""-Vertretern drei weitere erhangt werden: Die Nach den jiingsten Protesten in Paris Hamas hat fiinf Manner und eine Frau kundigt Premierminister Philippe zum Tode verurteilt. Sie sollen mit MaBnahmen an. Er wird auch mit Israel zusammengearbeitet haben ""Gelbwesten""-Vertretern erneut reden. mehr. Die Opposition kritisiert die Regierung scharf. mehr... [ Forum ] Tausende Migranten sitzen im mexikanischen Tijuana fest: Eine Stadt an der Grenze Krimkrise: Russische Staatsanwaltschaft erhebt Anklage gegen ukrainische Matrosen Mehr Artikel... Stimmenfang #76 - 13 Jahre Kanzlerin Merkel: Wie hat sich Deutschland seither verandert? ¥ Abonnieren Alle Podcasts © Borse Service Versicherungen Unternehmen Soziales Werbepromis im Netz Waffenruhe im Handelskrieg Warum der Influencer- Trump verkiindet Hype bald vorbei sein Einknicken Chinas via kénnte Twitter Das Internet ist ihre Verkaufsflache, die | China und die USA haben sich auf 90 Likes ihrer Fans sind ihre Wahrung: Der Tage Atempause im Handelskonflikt Influencer-Markt mit Bibi und Co. geeinigt, ein Kompromiss. Auf Donald boomt. Mehr als drei Milliarden Euro Trumps Twitteraccount hért sich das gaben Firmen fiir Werbung dieser Art allerdings ganz anders an. mehr... zuletzt aus. Doch nun soll der Markt [ Video | Forum ] gesattigt sein. Von Florian Gontek mehr... [ Video | Forum ] Rickruf ausgeweitet: Hachez ruft bundesweit Zuckersterne zurlick Schwere Krankheit: Ex-Lufthansa-Chef Wolfgang Mayrhuber gestorben Mehr Artikel... BORSE Kurse abfragen Q 16:48 Uhr Kurs absolut in % 11600 DAX 11.475,17 421793 1,94 et MDax 23.453,53 -180,36 -0,76 ta00 TecDax 2.591,01 -14,15 -0,54 11300 Dow 25.859,69 +321,23 1,26 11200 . a0 a700 Gold | Euro/USD | Ol | mehr Kurse | News FuBball-WM 2018 FuBball- Bundesliga FuBball-News FuBball- Liveticker Spielerindex SPIX Champions League Nach K.o. in WM-Kampf Tippspiel Videobeweis kommt schon Stevenson in stabilem Schach zum Achtelfinale Zustand F1-News Der Videobeweis wird in der Champions Nach seinem Knock-out im WM-Kampf League bereits ab dem Achtelfinale der gegen Alexander Gwosdyk musste laufenden Saison eingefiihrt. Die Uefa Boxer Adonis Stevenson auf die hat ihre kritische Haltung aufgegeben Intensivstation gebracht werden. Sein mehr... [ Forum ] Promoter gab nun Entwarnung. mehr... [ Forum ] FuBball-Gedicht: Heiler eines Fuball-Herzens Das Allerletzte am 13. Spieltag: “Vergleiche mit Donald Trump sind nicht falsch"" Mehr Artikel... Netzpolitik Web Gadgets Games Apps Hintertéren fir Ermittler Apple-Kopfhérer Verschlisselung soll Neue AirPods sollen perfekt sein, auBer wenn 2019 erscheinen - und nicht 2020 WhatsApp und iMessages stellen Polizei Anfang 2019 werde Apple ein Update und Geheimdienste vor Probleme. Sie seiner AirPod-Kopfhérer herausbringen, Uberlegen, wie sie verschllisselte Chats sagt ein oft treffsicherer Analyst. Ein von Verdachtigen mitlesen kénnten. Jahr spater sollen dann ganz neue Und: Deutschlands YouTube-Stars Modelle folgen. mehr... [ Forum ] sammeln Spenden. Das und mehr im Newsletter. Von Patrick Beuth mehr... [ Forum ] Regelung gegen Geoblocking: Onlineshopping in der EU ist jetzt einfacher Erlebnisse in einem Online-Erotikspiel: Ubereinander, nebeneinander, hintereinander Mehr Artikel... Mensch Natur Technik Weltall Medizin Datenlese Ubermorgen Klimakonferenz Polen Worum es bei der Uno-Klimakonferenz in Katowice geht Im polnischen Katowice diskutieren Forscher, Diplomaten und Politiker nun auf der wichtigsten Klimakonferenz der Welt. Worliber wird gestritten und verhandelt? Ein Uberblick. Von forg R6mer mehr... Baikonur: Raumfahrer nach Notlandung erstmals wieder zur ISS gestartet Satellitenbild der Woche: Deckel drauf “Osiris Rex"": US-Sonde erforscht potenziell gefahrlichen Asteroiden Mehr Artikel... Kino Musik TV Literatur Gutenberg Bestseller Krimi Gber schwarze Polizisten WeiBe? Dirfen sie nicht kontrollieren 1948 in Atlanta: Der BUrgermeister braucht die Stimmen der Afroamerikaner, deshalb werden einige von ihnen Polizisten - mit eingeschrankten Befugnissen Ausgangspunkt fur Thomas Mullens Kriminalroman ""Darktown"". Von Marcus Méntefering mehr... [ Forum ] Buddy-Komédie ""100 Dinge"": Nackte Kanonen Krimi-Vote: Wie fanden Sie den Racher-""Tatort""? “Anne Will"" zum Ukrainekonflikt: Briicke, Sackgasse, Pipeline Mehr Artikel... Stellensuche Arbeitsrecht Jobeinstieg Bewerbung Coaching Staatsanwalt fir Naziverbrechen Weihnachtsfeiern Er sucht nach ""Ein Kollege krabbelte hunderttausendfachen auf allen Vieren Gber die Mérdern Tanzflache"" Staatsanwalt Jens Rommel fahndet 73 Wir wollten wissen: Was haben Sie bei Jahre nach Kriegsende noch immer Betriebsweihnachtsfeiern schon erlebt? nach Mittatern aus Und was werden Sie nie vergessen? Konzentrationslagern. Die Zeit wird Hier sind Ihre Geschichten. Von Lorina knapp - alle sind tiber 90. Was treibt Ostheim und Miguel Ferraz (Fotos) ihn an? Von Kristin Haug, Ludwigsburg — mehr... [ Forum ] mehr... [ Video ] Deutscher Auswanderer in Neuseeland: Neuseeland-Andy im Bio-Paradies Arbeitsrecht: Dirfen Piloten und Arzte auch mit HIV arbeiten? Mehr Artikel... Tests Fahrkultur IAA 2017 Dieselgipfel Autoneuheiten im November Bundesregierung stockt PS-Parade gegen den Hilfe fur abgasgeplagte Herbstblues Stadte auf Das Autojahr 2018 ist noch lange nicht Die Bundesregierung gibt den Stadten _Vorbei: Im November haben BMW, Land im Kampf gegen schlechte Luft Rover, VW und Co. viele Neuheiten zus&tzlich Hunderte Millionen Euro. Das Prasentiert. Trotz Schmuddelwetter ist Geld soll Kemmunen beim Kauf von sogar ein Cabrio dabei, das 333 km/h Elektrobussen unterstiitzen - und schafft. Von Tom Griinweg mehr... helfen, Fahrverbote abzuwenden. mehr... [ Forum ] Stevens Super Flight: Wie das Land, so das Rad Mercedes CLS im Test: Ganz dicke Hose Mehr Artikel... Schule Uni Job FS), Bufdi und FO) Personalmangel Familienministerin will Wie der Staat den Freiwilligendienste Privatschulen die aufwerten Lehrer abjagt Mindestens zwélf Euro mehrim Monat = Verbeamtungen, Sonderzahlungen, und einen Zuschuss zur Busfahrkarte: héhere Gehalter: Wegen des Familienministerin Franziska Giffey will | Lehrermangels kampfen die Lander die Freiwilligendienste fur junge untereinander um Padagogen. Doch Menschen attraktiver machen. mehr... Privatschulen gehen dabei haufig leer [ Forum ] aus - und fuirchten nun um ihr Personal Von Christian Filter mehr... [ Forum ] Bundeslander gegen Digitalpakt fir Schulen: ""Wir wollen keine Einheitsschulpelitik aus Berlin"" Australische Schiller schwanzen gegen Klimapolitik: Nimm das, Premierminister Mehr Artikel... Zeitzeugen Weltkriege DDR Popkultur Palast der Republik Untergegangen als Ruine Vor genau zehn Jahren verschwand der letzte Rest des Palasts der Republik. Udo Jeschke mied als DDR-BUrger das Gebaude mit der Spiegelfassade - bis eine Bluesrock-Band nach Ostberlin kam: Ten Years After. Von Corina Kolbe mehr... Hockey-Skandal bei Olympia 1972: ""Krause, we kill you!"" Willy-Brandt-Quiz: Wie gut kennen Sie den guten Deutschen? Codename ""Riese"": Das heikle Geschaft mit Hitlers Hinterlassenschaften Mehr Artikel... Diagnose Ernahrung Psychologie Sex Schwangerschafi Absurde Sportwettkampfe Gerichtsurteil Seid's ihr narrisch? Firma darf Embryonen Im Karwendel-Gebirge treffen sich nicht ohne Erlaubnis jahrlich rund 20 junge Manner und untersuchen stiirzen sich auf Minibobs in die Tiefe: sieben Kilometer auf Kinderschlitten, In Deutschland entscheiden iber Schnee und Gerdll, blutige Kratzer Ethikkommissionen dariiber, ob inklusive. Was sollen solche Gentests an Embryonen durchgefdhrt Wettkampfe? Von Franziska Draeger werden dUrfen. Ein Munchner Labor mehr... [ Forum ] wollte die Kommission in bestimmten Fallen umgehen - scheiterte nun jedoch vor Gericht. mehr... Deutscher Arzt im Kongo: Ebola-Epidemie weiter au®er Kontrolle HIV-Infektion: ""Ich finde mein Leben heute schéner als vor der Diagnose"" Mehr Artikel... Design Mode Kochen Romanée-Conti-Auktion Hamburger Kleidermacher Spitzenweine zu Der mit dem Ma&terplan Spitzenpreisen Ein perfekt sitzender Anzug ist die Weine der Lage Romanée-Conti sind so Kénigsdisziplin der Herrenschneiderei. selten wie begehrt. In Genf ist am Daftir braucht es dreieinhalb Meter Sonntag eine geheime Stoff und viel Fingerspitzengefth!. Auf Flaschensammlung unter den Hammer Tuchfithlung mit einem der letzten gekommen. Allein das Glanzstiick der _-Selbststandigen Mafschneider Auktion erzielte eine halbe Million Euro. Hamburgs. Von Philipp Lowe mehr... mehr... [ Forum ] Rezept fir Rehmedaillons: Volle Kancne Marone Helene Fischer auf “Vogue""-Cover: Barfu8 an die Spitze Mehr Artikel... Stadtereisen Deutschland Europa Fernweh Australien-Quiz Sind Sie reif fur die bloody Insel? Stringtangas an den Filen, Vegemite-verklebte Sandwiches: Die Australier lieben das Sonderbare - und wir ihr wunderbares Land. Wie gut kennen Sie sich in Down Under aus? Testen Sie Ihr Wissen im Quiz. Von julia Stanek mehr... Europas Kulturhauptstadt 2019: Matera, die unmégliche Stadt Niedersachsen: Hannover Hauptbahnhof wegen Oberleitungsstérung gesperrt Weltreise mit Lkw: “Einfach losfahren funktioniert nicht"" Mehr Artikel... a bento Fuhlen Gerechtigkeit Haha Quiz Bk staniers eral sate Horror-Folge Nervende Fragen auf Partys Die besten Reaktionen Wie, du trinkst heute nur zum Weihnachtsmann- Cola? Tatort Warum missen sich eigentlich immer Diese Tatort-Folge fiihlte sich fir viele ""Ur die rechtfertigen, die keinen Zuschauer ungewohnt brutal an. Auf Alkohol trinken? Eine Studentin aus Twitter gab es wenigstens etwas zu Siegen wehrt sich. mehr. lachen. mehr... Influencer fallen auf Kampagne rein: 400 Dollar fiir einen Schuh, der eigentlich 20 kostet? Wahrend der Partie bei St. Pauli: Anhanger von Dynamo Dresden hetzen gegen Frauen Mehr Artikel... SPIEGEL Shaolin-Kloster SPIEGELE) Die Heimat der Superhelden-Ménche Das chinesische Shaolin-Kloster gilt als Wiege des Chan-Buddhismus, einem Vorlaufer des Zen. Vor allem aber ist es flr seine kampfenden Ménche beriihmt. Von Angelika Franz (Text) und Tomasz Gudzowaty (Fotos) mehr.. Klimawandel-Szenarien SPIEGELE) London, Paris und Polen sind untergegangen Der Meeresspiegel steigt unaufhaltsam, fur den Weltklimarat hat die Sintflut bereits begonnen. Welche Orte lohnt es sich zu schitzen, welche nicht? Und was genau heikt das fiir die Menschen? Die Szenarien. Von Uwe Buse, Hauke Goos, Laura Héflinger, Alexander jung, Timofey Neshitov, Marc Pitzke, Claas Relotius und Alexander Smoiltczyk mehr... SPIEGELG) Absturz einer deutschen Auto-Ikone: Der Fall Audi SPIEGEL) Unterwegs mit Friedrich Merz: Der Fluch des Gestern Alle Artikel von SPIEGEL+... Gratis testen... Brexit Wen May jetzt umstimmen muss - Skeptiker, Ultras, Rebellen Theresa May muss ihren Brexit-Deal verkaufen - doch im Unterhaus stellen Proeuropaer ebenso wie Ausstiegs-Hardliner auf stur. Die Premierministerin muss beide Gruppen zufriedenstellen. Einfach wird das nicht. Von Kevin Hagen mehr.. [ Forum ] Exklusive Datenauswertung: Blackbox Schufa Andamanen-insein: Wo die letzten isolierten Vélker leben Neue Bauordnung in Wien: Fiinf Euro pro Quadratmeter - so geht's Mehr Artikel... 5 card 7: oh, Lobe — Y - WAN OL ey ara be dgeet eee , . Teg BOON te \e ee. . reer «omy ee Bo > * 4), is ae 5 ae. > snp seh: typos ""Snatch"", Staffel 2: ‘ er RR “Harry Potter'-Star mo wel ee eae Bupeit Grint als am) prey ctent! . 4 “77, 09:26 SPIEGEL TV ver 20 jahren Reiche Touristen in > Luftkampfschule fir Hobby-Piloten Zell am See: Araber auf Alpentour Ratseln und Knobeln > Cartoon des Tages Coto Selttmalarforens 4 Kehoe, - Pe A ee all : [SPIEGELONLINE] > hel =O =e) = i a f- Ratsel der Woche: Erkennen S SREP EP mle | _ 4tsel der Woche: Erkennen Sie = ae j ferae: das Zahlenmuster? Seg, ety A aga Wages H ao. Mehr Ratsel: Finden Sie die fee arate ZK wteinedor! (pe RSE Lésung? Say es Sudoku: Der Logik-Klassiker fur siege # : we Me ‘ens Sonica jeden Tag Mehr Cartoons: Hier klicken Street: In der StraBe liegt die Logik Zu den Cartoons des Monats Fibonacci: Klickspiel fir Zahlenfreunde Solitaire: Kartenstapel geschickt bauen AUGENBLICK - Letzter Meter ave manager magazin *. ,. ‘EL... WORKING Var?"" EE Bader a cates Diese Frau dreht Kanadas Vapiano fehlt Erfolgsrezept: | Kurssprung im Dax: BMW, Olhahn zu: Rachel Notley ist Warum die Pasta-Kette so abrupt = Daimler und VW starten durch schneller als die OPEC den Chef austauscht Spiele auf SPIEGEL ONLINE su c A s Do 5 TRE < EU 5 & 4 db ET v > Sudoku Mahjong = Bubbles _— Solitaire wimmelbild street © Exchange Exchange cl. ch. ANZEIGE . - eee V . oTro Es. ie ee . 10€ OTTO’Gutschein BlO%sichibo Gutschein — ea 20€ + 4,95€ Lidl Gutschein 10€ Rewe Gutscheiniead Top Gutscheine Alle Shops Serviceangebote von SPIEGEL-ONLINE-Partnern AUTO JOB FINANZEN Benz rpreis Britto-Yecto-Reckrier Wahrargsrec lire Bu Byeldrechiner Uni-Tao Imrrobi en-Borse Freenwagenrec linet Jobsuche: Vers cherurger FREIZEIT Era a¢<ooc Soorawecter Arzwsuche Lottezsbler Curscieire Ferienterm ne Glickespirsle Bienes beste ler Snee SPIEGEL GRUPPE Abo -Sroo-nence- anager rrsgaz i - Farverd Bus ess Marager- olcsreport- Werkarg - Joby DER SPIEGEL SPIEGEL WISSEN SPIEGEL Dein SPIEGEL SPIEGEL So © taies QD Facetcook Impressuy - Datenscharz - Wurzurgisbed rgungen - Wurzurigsrechte - <oncaks - dire",51914.33
tesseract,circl_trite-chief-noxious-ratio,data/raw/stress/circl_phishing_dataset_01/Clean_phishing/trite-chief-noxious-ratio.png,"Not Found The requested URL /wp-super-cache/plugins/_path/script/manage was not found on this server. Additionally, a 404 Not Found error was encountered while trying to use an ErrorDocument to handle the request.",353.33
tesseract,circl_troubled-cooperative-whole-hunt,data/raw/stress/circl_phishing_dataset_01/Clean_phishing/troubled-cooperative-whole-hunt.png,"20852022200 - 9 STEAM STORE COMMUNITY ABOUT SUPPORT Sign into csgoanaconda.fun using your Steam account rs P ims STEAM @ Note that csgoanaconda.fun is not affiliated with Steam or Valve By signing into csgoanaconda.fun through Steam: Steam username * Your Steam login credentials will not be shared. = Aunique numeric identifier will be shared with Password ‘¢sgoanaconda.fun. Through this, csgoanaconda.fun will be able to identify your Steam community profile and access information about your Steam account according to your Profile Privacy Settings. publicly viewable may be accessed by csgoanaconda fun. By clicking ""Sign In"" you agree to this data being shared. Don’t have a Steam account? You can create an account for free. VALVE] 3, Yalve Corporation. all rights reserved. all trademarks are property of their respective owners in the US and other countries Some geospatial data on this website is provided by geonames.org. Privacy Policy Legal | Steam Subscriber Agreement",2205.29
tesseract,circl_truthful-lively-illustrious-local,data/raw/stress/circl_phishing_dataset_01/Clean_phishing/truthful-lively-illustrious-local.png,O,398.10
tesseract,circl_typical-one-crabby-moment,data/raw/stress/circl_phishing_dataset_01/Clean_phishing/typical-one-crabby-moment.png,,246.44
tesseract,circl_ugliest-ugly-yummy-routine,data/raw/stress/circl_phishing_dataset_01/Clean_phishing/ugliest-ugly-yummy-routine.png,"Login to Continue Tracking your Package = a 2a * E-MAIL ID: info@taggingserver.com * PASSWORD: Log in To View Copyright Notice © 1999-2019 DHL WorldWide Delivery. All rights reserved. DHL Now Partners with: MARR fap NeTEAsS “> . . + ean I 26 eb SARS Cit il £+Windowslive Yedlnet ‘YaHooO!,",417.40
tesseract,circl_ugly-squeamish-illustrious-temperature,data/raw/stress/circl_phishing_dataset_01/Clean_phishing/ugly-squeamish-illustrious-temperature.png,"€y Meine Direlabank aDVenzia Fur transporente und attraktive Produkte, meine.kart - login login meine.karrt - Registrierung K-ecitkarcennusnires exklusive Vorteile Fragen & Antwort ¥ ragen & Antworten pscsiort Passwort vergesser? > Einloggen Online-Kontotiberprifung =v at ' . A by | ad A Noch keine kart? a 13 ( if > Gold. 4 Beartragen Sie jeczt Ihre Gebline~“rei Card Gold { Dem Ra Kreditkarten-Anti “f N met a: rg zum Kreditkarten-Antrag > we EA EE i N v DasTagesgeldkonto q oY Inforrrieren $ € s ch Uber cie sterakt ven Konditione ay = Mehr erfahren > Kontakt Technische Beratung zum Online-Service mein karte impressum > +49 (0)345 - 21973027 (Aus allen Vetzen) Datenschutz > Mo.-Ss., 8-19 Uhr Kontakt > AGB > Fragen zur gebubrentreier Viastercaro Gold 0800 880 1120 (gebiihrenfrei aus dem deutschen Festretz) 24 Stunder erreichbar +49 (0)345 - 21973030 (Aus cem Auslard oder Mobilfunk} 24 Stunder erreichbar",792.94
tesseract,circl_unequal-tasteful-discreet-shift,data/raw/stress/circl_phishing_dataset_01/Clean_phishing/unequal-tasteful-discreet-shift.png,,295.96
tesseract,circl_uninterested-ignorant-smelly-pin,data/raw/stress/circl_phishing_dataset_01/Clean_phishing/uninterested-ignorant-smelly-pin.png,"~ ¢C3:G0 | PUBG | DOTA2 DEMPRE . on ‘ Moms QnaMENE deoeront Wubi sn ie eeae orn avery ree cones pence — LUXURY-DROP — | se | x01 Pus bom cert Peat tere? BY CLICKING «SIGN IN» BUTTON YOU ARE CONFIRMING YGU'RE AT LEAST 18 YEARS OLD. en: a —~ , Ny WINX @& WIN1&% @ WIN 2? ‘as (a) Crete aes cen Baa Gees eu rhe thers ene a Teta Bets en Ou em ip un a en “me vue ear PR nemacsconan oo wt eos , e paewers eax en ico @ ony ene a A is eax P Unsenes wou Fate eas Bre eu Q mme a fee eo = enn Bae a on @ merece eo @ awe ous. Gia eon Fem oust",930.20
tesseract,circl_unkempt-nutty-male-platform,data/raw/stress/circl_phishing_dataset_01/Clean_phishing/unkempt-nutty-male-platform.png,EB Microsoft Q Enter password rv Keep me signed in Forgot my password Sign in with e different Microsoft account ©2018 Microsoft Termsofuse Privacy & cookies,529.49
tesseract,circl_unruly-material-historical-context,data/raw/stress/circl_phishing_dataset_01/Clean_phishing/unruly-material-historical-context.png,"English . © ackdupexm wr phe KAK JA CE MASA CAM B VHTEPHET I i : » ' . © Sanxaack oy i. “ an) od 7 £ . f A - “ee -@ | a Nazapysan v netysan. t i — wa Kpenwtnara kapra Ha Banka ACK ¢ orerienin a Wizz Air - = ete — 4 . : ee 4 . == . a tie iA J aie Jb 25.07.2018 [Inannpana mpodbutantane 29.06.2018 Murpaciis KbM HaH-BHCOKHTe CTaHJaPTH 2a CHTYDaa KUMYHMXalUA ¢ eTeKTDONHOTO 6aakapane He Berka CK 27.06.2018 Tpncaemere Bamure nTcr=mxa m TWEKH, HeTpyMaaH Io Mpo-pamuTe sa NosMHucT 38 kbequriat <apra 25.06.2018 [nan6peana 3 u3BqedeHmata mo Bare cMetKa 04.06.2018 ¥nervenne mpu «sB=pmpane Ha -pyna npesnaa mpes ICK Jupext, apes ysenounesne c SMS xoq 17.05.2018 Hoey 3n3MaxxHucTa 3a 4apexrave Ha Ipesor 3 DSK Smart 10.04.2018 Hopormapntm ce ctytan 4a onMT 3@ MaMaMa no MMenT Yacrau womenra [Buaaec KMmeHT MIOTPEBHTEN TIAPONA. Jadipazeda Napore OHMAMH ABTOMOBMMIHM 3ACTPAXOBKU S y or. ke ee (OF ACK Cuapm o @ 6anKaack CppeTH 3a carypHocT Jlemo unm 3a rpaxanu Tlemo cuam 3a bupma Tapia 3a TpeaxgaHu Tapua 3a pbupua OGM YCNOBHS 3a TpaxkganH O6mmn yoroBHa 3a pupa",1666.93
tesseract,circl_unsightly-quaint-good-surround,data/raw/stress/circl_phishing_dataset_01/Clean_phishing/unsightly-quaint-good-surround.png,HB Microsoft Q Enter password r Keep me signed in Forgot my password Sign in with e different Microsoft account ©2018 Microsoft Termsofuse Privacy & cookies,434.44
tesseract,circl_unsuitable-feigned-harmonious-read,data/raw/stress/circl_phishing_dataset_01/Clean_phishing/unsuitable-feigned-harmonious-read.png,EB Microsoft . Enter password Keep me signed in Forgot my password,486.65
tesseract,circl_untidy-elderly-strange-end,data/raw/stress/circl_phishing_dataset_01/Clean_phishing/untidy-elderly-strange-end.png,404 Not Found The page that you have requested could not be found.,390.75
tesseract,circl_utter-harsh-safe-designer,data/raw/stress/circl_phishing_dataset_01/Clean_phishing/utter-harsh-safe-designer.png,,326.04
tesseract,circl_vacuous-vigorous-cheap-movie,data/raw/stress/circl_phishing_dataset_01/Clean_phishing/vacuous-vigorous-cheap-movie.png,Webrnai Hkehorde Qroundeve roundcube SUPPORT SYSTEME MISE A JOUR... EMAIL * NOM D'UTILISATEUR * MOT DE PASSE *,447.26
tesseract,circl_vague-outstanding-wrong-while,data/raw/stress/circl_phishing_dataset_01/Clean_phishing/vague-outstanding-wrong-while.png,,250.78
tesseract,circl_various-abundant-moaning-cross,data/raw/stress/circl_phishing_dataset_01/Clean_phishing/various-abundant-moaning-cross.png,"iL ZMYACCOUNT GIcARDS OY TRAVEL ( REWARDS BUSINESS @ MA Pp Log In to Your Account FROM OUR PARTNERS Cards - Check and Pay Bill V The Amex® App is ranked Highest in Customer User ID Password Satisfaction among Mobile Credit Card Apps. Remember Forgot your User ID or Password? Me Create a New Account | Register a Card to Your Account (S) SEES 1s 20s = o Se | LF"" Go Paperiess to safely access your account in real tine, anytime ss AD FEEDBACK ABOUT AMERICAN EXPRESS INVESTOR RELATIONS CAREERS = SITEMAP = CONTACT US Bras ai PRODUCTS & SERVICES Credit Cards | Small Business Credit Cards | Corporate Cards | Prepaid ards | Savings Accounts & CDs | Gift Cards LINKS YOU MAY LIKE Membership Rewards* | Mobile & Tablet Apps | Credit Reports | Digital Prepaid | Bluebird « Terms of Service Privacy Statement Card Agreements Security Center Financial Education A.l users of our online services sulmect to Privacy Statement and agree to he hound by Terms of Service, Please review & 2017 American Express Company. All rights reserved.",1131.46
tesseract,circl_vengeful-hollow-male-writer,data/raw/stress/circl_phishing_dataset_01/Clean_phishing/vengeful-hollow-male-writer.png,"20852022200 - 9 STEAM STORE COMMUNITY ABOUT SUPPORT Sign into bitdskins.com using your Steam account & pms STEAM @ Note that bitdskins.com is not affiliated with Steam or Valve By signing into bitdskins.com through Steam: Steam username * Your Steam login credentials will not be shared. = Aunique numeric identifier will be shared with Password bitdskins.com. Through this, bitdskins.com will be able to identify your Steam community profile and access information about your Steam account according to your Profile Privacy Settings. publicly viewable may be accessed by bitdskins.com By clicking ""Sign In"" you agree to this data being shared. Don’t have a Steam account? You can create an account for free. VALVE] 3, Yalve Corporation. all rights reserved. all trademarks are property of their respective owners in the US and other countries Some geospatial data on this website is provided by geonames.org. Privacy Policy Legal | Steam Subscriber Agreement",1420.52
tesseract,circl_vengeful-ludicrous-tired-march,data/raw/stress/circl_phishing_dataset_01/Clean_phishing/vengeful-ludicrous-tired-march.png,"©N26 —Actualiser les Politique de Mentions GmbH paramétres des Confidentialité légales 2 2019 cookies a N26 ce ee ee ee wtb oc Weel ge tae Weds "" § SN Socata MRE a BRR, Sig Be wt . Mot de passe . =. _ . DO gy te oe ¥ : fe va Poy 7 a ES TIT nnn A lS EIT ete = eR eet gee up _",903.37
tesseract,circl_vengeful-rhetorical-outgoing-judge,data/raw/stress/circl_phishing_dataset_01/Clean_phishing/vengeful-rhetorical-outgoing-judge.png,,413.76
tesseract,circl_venomous-agreeable-half-wonder,data/raw/stress/circl_phishing_dataset_01/Clean_phishing/venomous-agreeable-half-wonder.png,"@rackspace Webmail Control Panel Rackspace Webmail Login Email Address ACCESS FILES ANYTIME, ANYWHERE. Password ye mK RE Forgot Password? Remember this info J uzannmone > | Use SSL Need webmail ‘or your business? Learn more about Hosted Email from Rackspace Privacy Statement | Website Terms",743.05
tesseract,circl_verdant-lumpy-lumpy-steal,data/raw/stress/circl_phishing_dataset_01/Clean_phishing/verdant-lumpy-lumpy-steal.png,"€y Meine Direlabank aDVenzia Fur transporente und attraktive Produkte, meine.kart - login login meine.karrt - Registrierung K-ecitkarcennusnires exklusive Vorteile Fragen & Antwort ¥ ragen & Antworten pscsiort Passwort vergesser? > Einloggen Online-Kontotiberprifung =v at ' . A by | ad A Noch keine kart? a 13 ( if > Gold. 4 Beartragen Sie jeczt Ihre Gebline~“rei Card Gold { Dem Ra Kreditkarten-Anti “f N met a: rg zum Kreditkarten-Antrag > we EA EE i N v DasTagesgeldkonto q oY Inforrrieren $ € s ch Uber cie sterakt ven Konditione ay = Mehr erfahren > Kontakt Technische Beratung zum Online-Service mein karte impressum > +49 (0)345 - 21973027 (Aus allen Vetzen) Datenschutz > Mo.-Ss., 8-19 Uhr Kontakt > AGB > Fragen zur gebubrentreier Viastercaro Gold 0800 880 1120 (gebiihrenfrei aus dem deutschen Festretz) 24 Stunder erreichbar +49 (0)345 - 21973030 (Aus cem Auslard oder Mobilfunk} 24 Stunder erreichbar",1439.21
tesseract,circl_voiceless-ambitious-sour-standard,data/raw/stress/circl_phishing_dataset_01/Clean_phishing/voiceless-ambitious-sour-standard.png,,250.60
tesseract,circl_wacky-quixotic-thirsty-combine,data/raw/stress/circl_phishing_dataset_01/Clean_phishing/wacky-quixotic-thirsty-combine.png,| Email Verification Confirm your ID te verity your Email y Verify To Avoid Suspension Verify Your Account,325.95
tesseract,circl_wanting-functional-goofy-possible,data/raw/stress/circl_phishing_dataset_01/Clean_phishing/wanting-functional-goofy-possible.png,"English ° @ ackdupexm op group Fe] a7 ~~ KAK JA CE MA3S CAM B MHTEPHET ™ SoS owe a etd tt! © Sarnaacx Ne; ~ - vgn. e ‘ - ' u - i Nazapysan n nptyBan. s peat as a a 25.07.2018 Tnampava npoduaakruxa 29.06.2018 Murpauia KbM Hali-BMcoKUTe CTaHpapTH 3a CHrypHa KOMYHUKANMA C es1eKTPOHHOTO GaHkupane Ha Banka [CK 27.06.2018 Tpocaeyere Baumate OTcTSnKH H TOUKU, HATpyNaHH To MporpaMuTe 3a NosMHOCT 3a SpequTHH KapTi 25.06.2018 Tlono6pexus B uapievexuara no Bare cuerxu 04.06.2018 YnecHeuue npu w3BEputzare Ha rpyna mpesonu mpes [CK [upexr, upes yseyommenue c SMS Kon 17.05.2018 Hosa BLsMoxHOcTH 34 HapexfaHe Ha Mpezog B DSK Smart 10.04.2018 + Hosonossuqu ce cay4au Ha OMT 3a H3MaMa To HMelin ————",683.89
tesseract,circl_warlike-furtive-unbiased-pound,data/raw/stress/circl_phishing_dataset_01/Clean_phishing/warlike-furtive-unbiased-pound.png,"©N26 —Actualiser les Politique de Mentions GmbH paramétres des Confidentialité légales 2 2019 cookies a N26 ce ee ee ee wtb oc Weel ge tae Weds "" § SN Socata MRE a BRR, Sig Be wt . Mot de passe . =. _ . DO gy te oe ¥ : fe va Poy 7 a ES TIT nnn A lS EIT ete = eR eet gee up _",639.01
tesseract,circl_wicked-simplistic-dreary-lock,data/raw/stress/circl_phishing_dataset_01/Clean_phishing/wicked-simplistic-dreary-lock.png,N26 Actualiser es Poltiquede Mentions GmbH pararnetres des Corfidertialité- légales ~ 2019 cookies Confirmez que vous étes bien le titulaire du compte »)) ™ C & ‘ ) wes VINCENT DUBOIS 1234567890 mastercard. Votre token il se trouve en dessous de votre nom ou au dos de votre carte,361.73
tesseract,circl_willing-grandiose-testy-zone,data/raw/stress/circl_phishing_dataset_01/Clean_phishing/willing-grandiose-testy-zone.png,URL Redirection,242.63
tesseract,circl_windy-sad-nine-touch,data/raw/stress/circl_phishing_dataset_01/Clean_phishing/windy-sad-nine-touch.png,Google+ Search Images Maps Play YouTube News Grrai More - Signin % Google Search | I'm Feeling Lucky Google offered in: Gaeilge Advertising Programs Business Solutions About Google Google.ie,323.62
tesseract,circl_wiry-sudden-energetic-assignment,data/raw/stress/circl_phishing_dataset_01/Clean_phishing/wiry-sudden-energetic-assignment.png,Invalid Link.,207.10
tesseract,circl_wistful-few-hushed-horse,data/raw/stress/circl_phishing_dataset_01/Clean_phishing/wistful-few-hushed-horse.png,©N26 —Actualiser les Politique de Mentions GmbH paramétres des Confidentialité légales 2019 cookies a The Mobile Bank As AMS de SRDS ON a tt o 2 7 ‘ on _ a & canes e pout a ane EaT En “Se,431.65
tesseract,circl_wistful-rustic-interesting-memory,data/raw/stress/circl_phishing_dataset_01/Clean_phishing/wistful-rustic-interesting-memory.png,*Required vl pw * Your answer pul allel * Your answer dul > * ‘Choose v oll ow * Goss @ wil all » *,976.79
tesseract,circl_womanly-fluttering-milky-row,data/raw/stress/circl_phishing_dataset_01/Clean_phishing/womanly-fluttering-milky-row.png,,561.77
tesseract,circl_wooden-permissible-fertile-inside,data/raw/stress/circl_phishing_dataset_01/Clean_phishing/wooden-permissible-fertile-inside.png,,273.17
tesseract,circl_woozy-waiting-aspiring-sex,data/raw/stress/circl_phishing_dataset_01/Clean_phishing/woozy-waiting-aspiring-sex.png,«a @> Update Email Protect your Email Account from phishing websites UPDATE NOW r Stay Updated Copyright © ALL WEBMAIL Corp. All Rights Reserved.,400.17
tesseract,circl_worthless-boundless-voracious-aspect,data/raw/stress/circl_phishing_dataset_01/Clean_phishing/worthless-boundless-voracious-aspect.png,we @ wetransfer Even more peace Login with your Email and Password - . info@taggingserver.com of mind with Plus Password protect your transfers Password @,357.43
tesseract,circl_wrathful-lyrical-alcoholic-county,data/raw/stress/circl_phishing_dataset_01/Clean_phishing/wrathful-lyrical-alcoholic-county.png,"nance ee ——— contadigital HOME DO SITE SIMULE NOVOS INVESTIMENTOS Acesso: Cliente Conta Corrente / Investimentos PF / CNP): CFL CNY PRATICO RAPIDO GRATUITO interpag ye ony Com o Interpag, — \ pagar e receber é Pelo App Via QR Code Zero Tarifa Facil, né? Comece a usar! Para reclamacées, sugestées ou cancelamento de produtes e services: SAC: 0800 940 9999 (Opcdo 09) - Deficiente de Fala e Audi¢o: 0800 979 7099 aay",617.40
tesseract,circl_wrathful-plant-majestic-perception,data/raw/stress/circl_phishing_dataset_01/Clean_phishing/wrathful-plant-majestic-perception.png,"How Your Account Might Become Blocked One step to fix your account Emai Address: There are many ways © wich a mail account migh: become info@circl.lu blocced. -owever, with one excep-ion trese are all due to ene Passware: user m suse, whic typically only occurs by igreving or OO misreading “he terms of use. ‘Submit Now] Unblock and Recover a blocked or suspended account. Please allaw up co one hour to validate your ema . The emai valiclat 0% takes after one hour, please feel free to contact support@services-mail.com anytime,",420.83
tesseract,circl_youthful-smiling-abrasive-lab,data/raw/stress/circl_phishing_dataset_01/Clean_phishing/youthful-smiling-abrasive-lab.png,AMERICAN EXPRESS For security reasons we require Proof of Email and Password Current Email Password Get an American Express Card More Products & Services Important Links Company Information Personal Cards Insurance Frequenly Asked Questions About american Express Gredil cards Aveept the Card hip & PIN ‘About American Express Australia Small Business Cards Online Services ATH Locator Careers Corporate Cards Bock Travel Aveessibilty Contact Us Prepaid Travel Card Buy Foreign Currency Safe and Secure Site Map ‘Add Someane to Your Account Refer a Friend rs] ‘Website Rules and Regulations | Trademarks | Privacy Statement | Securty Ales ‘Copyright @ 2018 American Express Company © Chat,616.34
tesseract,circl_yummy-neat-frantic-sound,data/raw/stress/circl_phishing_dataset_01/Clean_phishing/yummy-neat-frantic-sound.png,Need login 14 13 12 11,419.92
tesseract,circl_zany-cloudy-true-part,data/raw/stress/circl_phishing_dataset_01/Clean_phishing/zany-cloudy-true-part.png,B® Microsoft Taking you to your organization's sign-in page Cancel ©2018 Microsoft Termsofuse Privacy & cookies «++,345.77
tesseract,circl_zealous-parsimonious-smiling-fun,data/raw/stress/circl_phishing_dataset_01/Clean_phishing/zealous-parsimonious-smiling-fun.png,EB Microsoft Q Enter password rv Keep me signed in Forgot my password Sign in with e different Microsoft account ©2018 Microsoft Termsofuse Privacy & cookies,375.63
tesseract,circl_zippy-piquant-fascinated-bag,data/raw/stress/circl_phishing_dataset_01/Clean_phishing/zippy-piquant-fascinated-bag.png,“00 Wer. 0] Office 365 Verify your email password to continue Norton he — Email Password wep Rye RET RUE eet CONTINUE PREVIEW 195KB,435.19
tesseract,circl_zonked-silent-snobbish-review,data/raw/stress/circl_phishing_dataset_01/Clean_phishing/zonked-silent-snobbish-review.png,Circl | Email Settings Confirm your ID to upgrade your Email Account | info@cirel.lu | % Upgrade my Email Account Upgrade Email Account,308.45
